{"name":"./merged/algid_codec.cpp","start_line":1,"end_line":76,"kind":"unit","spaces":[{"name":"CBORCodec<AlgorithmIdentifier>::encode","start_line":5,"end_line":37,"kind":"function","spaces":[],"metrics":{"nargs":{"total_functions":2.0,"total_closures":0.0,"average_functions":2.0,"average_closures":0.0,"total":2.0,"average":2.0,"functions_min":2.0,"functions_max":2.0,"closures_min":0.0,"closures_max":0.0},"nexits":{"sum":2.0,"average":2.0,"min":2.0,"max":2.0},"cognitive":{"sum":18.0,"average":18.0,"min":18.0,"max":18.0},"cyclomatic":{"sum":10.0,"average":10.0,"min":10.0,"max":10.0},"halstead":{"n1":19.0,"N1":108.0,"n2":32.0,"N2":68.0,"length":176.0,"estimated_program_length":240.71062275542812,"purity_ratio":1.3676739929285688,"vocabulary":51.0,"volume":998.3468601869831,"difficulty":20.1875,"level":0.04953560371517028,"effort":20154.12724002472,"time":1119.673735556929,"bugs":0.2468622839152991},"loc":{"sloc":33.0,"ploc":26.0,"lloc":20.0,"cloc":0.0,"blank":7.0,"sloc_average":33.0,"ploc_average":26.0,"lloc_average":20.0,"cloc_average":0.0,"blank_average":7.0,"sloc_min":33.0,"sloc_max":33.0,"cloc_min":0.0,"cloc_max":0.0,"ploc_min":26.0,"ploc_max":26.0,"lloc_min":20.0,"lloc_max":20.0,"blank_min":7.0,"blank_max":7.0},"nom":{"functions":1.0,"closures":0.0,"functions_average":1.0,"closures_average":0.0,"total":1.0,"average":1.0,"functions_min":1.0,"functions_max":1.0,"closures_min":0.0,"closures_max":0.0},"mi":{"mi_original":76.1448534938694,"mi_sei":35.17114912685396,"mi_visual_studio":44.52915408998211},"abc":{"assignments":0.0,"branches":0.0,"conditions":0.0,"magnitude":0.0,"assignments_average":0.0,"branches_average":0.0,"conditions_average":0.0,"assignments_min":0.0,"assignments_max":0.0,"branches_min":0.0,"branches_max":0.0,"conditions_min":0.0,"conditions_max":0.0}}},{"name":"CBORCodec<AlgorithmIdentifier>::decode","start_line":39,"end_line":76,"kind":"function","spaces":[],"metrics":{"nargs":{"total_functions":2.0,"total_closures":0.0,"average_functions":2.0,"average_closures":0.0,"total":2.0,"average":2.0,"functions_min":2.0,"functions_max":2.0,"closures_min":0.0,"closures_max":0.0},"nexits":{"sum":3.0,"average":3.0,"min":3.0,"max":3.0},"cognitive":{"sum":8.0,"average":8.0,"min":8.0,"max":8.0},"cyclomatic":{"sum":9.0,"average":9.0,"min":9.0,"max":9.0},"halstead":{"n1":15.0,"N1":115.0,"n2":36.0,"N2":81.0,"length":196.0,"estimated_program_length":244.720658986051,"purity_ratio":1.248574790745158,"vocabulary":51.0,"volume":1111.795367026413,"difficulty":16.875,"level":0.05925925925925926,"effort":18761.54681857072,"time":1042.3081565872624,"bugs":0.23535558372988613},"loc":{"sloc":38.0,"ploc":29.0,"lloc":25.0,"cloc":0.0,"blank":9.0,"sloc_average":38.0,"ploc_average":29.0,"lloc_average":25.0,"cloc_average":0.0,"blank_average":9.0,"sloc_min":38.0,"sloc_max":38.0,"cloc_min":0.0,"cloc_max":0.0,"ploc_min":29.0,"ploc_max":29.0,"lloc_min":25.0,"lloc_max":25.0,"blank_min":9.0,"blank_max":9.0},"nom":{"functions":1.0,"closures":0.0,"functions_average":1.0,"closures_average":0.0,"total":1.0,"average":1.0,"functions_min":1.0,"functions_max":1.0,"closures_min":0.0,"closures_max":0.0},"mi":{"mi_original":73.52970074825865,"mi_sei":31.296461370189675,"mi_visual_studio":42.999824998981666},"abc":{"assignments":0.0,"branches":0.0,"conditions":0.0,"magnitude":0.0,"assignments_average":0.0,"branches_average":0.0,"conditions_average":0.0,"assignments_min":0.0,"assignments_max":0.0,"branches_min":0.0,"branches_max":0.0,"conditions_min":0.0,"conditions_max":0.0}}}],"metrics":{"nargs":{"total_functions":4.0,"total_closures":0.0,"average_functions":2.0,"average_closures":0.0,"total":4.0,"average":2.0,"functions_min":0.0,"functions_max":2.0,"closures_min":0.0,"closures_max":0.0},"nexits":{"sum":5.0,"average":2.5,"min":0.0,"max":3.0},"cognitive":{"sum":26.0,"average":13.0,"min":0.0,"max":18.0},"cyclomatic":{"sum":20.0,"average":6.666666666666667,"min":1.0,"max":10.0},"halstead":{"n1":20.0,"N1":224.0,"n2":56.0,"N2":151.0,"length":375.0,"estimated_program_length":411.65043753297306,"purity_ratio":1.0977345000879282,"vocabulary":76.0,"volume":2342.9728175413443,"difficulty":26.964285714285715,"level":0.037086092715231785,"effort":63176.588472989824,"time":3509.810470721657,"bugs":0.5287489592130123},"loc":{"sloc":76.0,"ploc":57.0,"lloc":45.0,"cloc":0.0,"blank":19.0,"sloc_average":25.333333333333332,"ploc_average":19.0,"lloc_average":15.0,"cloc_average":0.0,"blank_average":6.333333333333333,"sloc_min":33.0,"sloc_max":38.0,"cloc_min":0.0,"cloc_max":0.0,"ploc_min":26.0,"ploc_max":29.0,"lloc_min":20.0,"lloc_max":25.0,"blank_min":7.0,"blank_max":9.0},"nom":{"functions":2.0,"closures":0.0,"functions_average":0.6666666666666666,"closures_average":0.0,"total":2.0,"average":0.6666666666666666,"functions_min":0.0,"functions_max":1.0,"closures_min":0.0,"closures_max":0.0},"mi":{"mi_original":55.89440553559078,"mi_sei":6.974126875709942,"mi_visual_studio":32.68678686291858},"abc":{"assignments":0.0,"branches":0.0,"conditions":0.0,"magnitude":0.0,"assignments_average":0.0,"branches_average":0.0,"conditions_average":0.0,"assignments_min":0.0,"assignments_max":0.0,"branches_min":0.0,"branches_max":0.0,"conditions_min":0.0,"conditions_max":0.0}}}