{"name":"./merged/attr_codec.cpp","start_line":1,"end_line":72,"kind":"unit","spaces":[{"name":"CBORCodec<Attribute>::encode","start_line":5,"end_line":35,"kind":"function","spaces":[],"metrics":{"nargs":{"total_functions":2.0,"total_closures":0.0,"average_functions":2.0,"average_closures":0.0,"total":2.0,"average":2.0,"functions_min":2.0,"functions_max":2.0,"closures_min":0.0,"closures_max":0.0},"nexits":{"sum":2.0,"average":2.0,"min":2.0,"max":2.0},"cognitive":{"sum":9.0,"average":9.0,"min":9.0,"max":9.0},"cyclomatic":{"sum":7.0,"average":7.0,"min":7.0,"max":7.0},"halstead":{"n1":18.0,"N1":88.0,"n2":27.0,"N2":53.0,"length":141.0,"estimated_program_length":203.44061258437526,"purity_ratio":1.4428412240026613,"vocabulary":45.0,"volume":774.3512865824841,"difficulty":17.666666666666668,"level":0.056603773584905655,"effort":13680.20606295722,"time":760.0114479420678,"bugs":0.1906662557264289},"loc":{"sloc":31.0,"ploc":24.0,"lloc":15.0,"cloc":0.0,"blank":7.0,"sloc_average":31.0,"ploc_average":24.0,"lloc_average":15.0,"cloc_average":0.0,"blank_average":7.0,"sloc_min":31.0,"sloc_max":31.0,"cloc_min":0.0,"cloc_max":0.0,"ploc_min":24.0,"ploc_max":24.0,"lloc_min":15.0,"lloc_max":15.0,"blank_min":7.0,"blank_max":7.0},"nom":{"functions":1.0,"closures":0.0,"functions_average":1.0,"closures_average":0.0,"total":1.0,"average":1.0,"functions_min":1.0,"functions_max":1.0,"closures_min":0.0,"closures_max":0.0},"mi":{"mi_original":79.16887401518471,"mi_sei":39.22842895828863,"mi_visual_studio":46.29758714338287},"abc":{"assignments":0.0,"branches":0.0,"conditions":0.0,"magnitude":0.0,"assignments_average":0.0,"branches_average":0.0,"conditions_average":0.0,"assignments_min":0.0,"assignments_max":0.0,"branches_min":0.0,"branches_max":0.0,"conditions_min":0.0,"conditions_max":0.0}}},{"name":"CBORCodec<Attribute>::decode","start_line":37,"end_line":72,"kind":"function","spaces":[],"metrics":{"nargs":{"total_functions":2.0,"total_closures":0.0,"average_functions":2.0,"average_closures":0.0,"total":2.0,"average":2.0,"functions_min":2.0,"functions_max":2.0,"closures_min":0.0,"closures_max":0.0},"nexits":{"sum":2.0,"average":2.0,"min":2.0,"max":2.0},"cognitive":{"sum":11.0,"average":11.0,"min":11.0,"max":11.0},"cyclomatic":{"sum":9.0,"average":9.0,"min":9.0,"max":9.0},"halstead":{"n1":15.0,"N1":99.0,"n2":31.0,"N2":72.0,"length":171.0,"estimated_program_length":212.18344455612092,"purity_ratio":1.2408388570533386,"vocabulary":46.0,"volume":944.5290944857493,"difficulty":17.419354838709676,"level":0.057407407407407414,"effort":16453.087452332406,"time":914.060414018467,"bugs":0.21563057914965805},"loc":{"sloc":36.0,"ploc":25.0,"lloc":22.0,"cloc":0.0,"blank":11.0,"sloc_average":36.0,"ploc_average":25.0,"lloc_average":22.0,"cloc_average":0.0,"blank_average":11.0,"sloc_min":36.0,"sloc_max":36.0,"cloc_min":0.0,"cloc_max":0.0,"ploc_min":25.0,"ploc_max":25.0,"lloc_min":22.0,"lloc_max":22.0,"blank_min":11.0,"blank_max":11.0},"nom":{"functions":1.0,"closures":0.0,"functions_average":1.0,"closures_average":0.0,"total":1.0,"average":1.0,"functions_min":1.0,"functions_max":1.0,"closures_min":0.0,"closures_max":0.0},"mi":{"mi_original":75.25342344598876,"mi_sei":33.78326755807262,"mi_visual_studio":44.007849968414476},"abc":{"assignments":0.0,"branches":0.0,"conditions":0.0,"magnitude":0.0,"assignments_average":0.0,"branches_average":0.0,"conditions_average":0.0,"assignments_min":0.0,"assignments_max":0.0,"branches_min":0.0,"branches_max":0.0,"conditions_min":0.0,"conditions_max":0.0}}}],"metrics":{"nargs":{"total_functions":4.0,"total_closures":0.0,"average_functions":2.0,"average_closures":0.0,"total":4.0,"average":2.0,"functions_min":0.0,"functions_max":2.0,"closures_min":0.0,"closures_max":0.0},"nexits":{"sum":4.0,"average":2.0,"min":0.0,"max":2.0},"cognitive":{"sum":20.0,"average":10.0,"min":0.0,"max":11.0},"cyclomatic":{"sum":17.0,"average":5.666666666666667,"min":1.0,"max":9.0},"halstead":{"n1":19.0,"N1":188.0,"n2":47.0,"N2":127.0,"length":315.0,"estimated_program_length":341.77629878427706,"purity_ratio":1.085004123124689,"vocabulary":66.0,"volume":1903.9841475979129,"difficulty":25.670212765957448,"level":0.03895565685868214,"effort":48875.67817184855,"time":2715.3154539915863,"bugs":0.4455953084236409},"loc":{"sloc":72.0,"ploc":51.0,"lloc":37.0,"cloc":0.0,"blank":21.0,"sloc_average":24.0,"ploc_average":17.0,"lloc_average":12.333333333333334,"cloc_average":0.0,"blank_average":7.0,"sloc_min":31.0,"sloc_max":36.0,"cloc_min":0.0,"cloc_max":0.0,"ploc_min":24.0,"ploc_max":25.0,"lloc_min":15.0,"lloc_max":22.0,"blank_min":7.0,"blank_max":11.0},"nom":{"functions":2.0,"closures":0.0,"functions_average":0.6666666666666666,"closures_average":0.0,"total":2.0,"average":0.6666666666666666,"functions_min":0.0,"functions_max":1.0,"closures_min":0.0,"closures_max":0.0},"mi":{"mi_original":58.539148646668764,"mi_sei":10.484225068274029,"mi_visual_studio":34.2334202612098},"abc":{"assignments":0.0,"branches":0.0,"conditions":0.0,"magnitude":0.0,"assignments_average":0.0,"branches_average":0.0,"conditions_average":0.0,"assignments_min":0.0,"assignments_max":0.0,"branches_min":0.0,"branches_max":0.0,"conditions_min":0.0,"conditions_max":0.0}}}