{"name":"./merged/c509_codec.cpp","start_line":1,"end_line":64,"kind":"unit","spaces":[{"name":"C509","start_line":40,"end_line":64,"kind":"namespace","spaces":[{"name":"CSR","start_line":53,"end_line":57,"kind":"namespace","spaces":[],"metrics":{"nargs":{"total_functions":0.0,"total_closures":0.0,"average_functions":0.0,"average_closures":0.0,"total":0.0,"average":0.0,"functions_min":0.0,"functions_max":0.0,"closures_min":0.0,"closures_max":0.0},"nexits":{"sum":0.0,"average":null,"min":0.0,"max":0.0},"cognitive":{"sum":0.0,"average":null,"min":0.0,"max":0.0},"cyclomatic":{"sum":1.0,"average":1.0,"min":1.0,"max":1.0},"halstead":{"n1":4.0,"N1":7.0,"n2":5.0,"N2":7.0,"length":14.0,"estimated_program_length":19.60964047443681,"purity_ratio":1.400688605316915,"vocabulary":9.0,"volume":44.37895002019237,"difficulty":2.8,"level":0.35714285714285715,"effort":124.26106005653862,"time":6.903392225363257,"bugs":0.008300459115293854},"loc":{"sloc":5.0,"ploc":4.0,"lloc":2.0,"cloc":0.0,"blank":1.0,"sloc_average":5.0,"ploc_average":4.0,"lloc_average":2.0,"cloc_average":0.0,"blank_average":1.0,"sloc_min":5.0,"sloc_max":5.0,"cloc_min":0.0,"cloc_max":0.0,"ploc_min":4.0,"ploc_max":4.0,"lloc_min":2.0,"lloc_max":2.0,"blank_min":1.0,"blank_max":1.0},"nom":{"functions":0.0,"closures":0.0,"functions_average":0.0,"closures_average":0.0,"total":0.0,"average":0.0,"functions_min":0.0,"functions_max":0.0,"closures_min":0.0,"closures_max":0.0},"mi":{"mi_original":124.97472647502505,"mi_sei":104.70138598936498,"mi_visual_studio":73.08463536551173},"abc":{"assignments":0.0,"branches":0.0,"conditions":0.0,"magnitude":0.0,"assignments_average":0.0,"branches_average":0.0,"conditions_average":0.0,"assignments_min":0.0,"assignments_max":0.0,"branches_min":0.0,"branches_max":0.0,"conditions_min":0.0,"conditions_max":0.0}}},{"name":"CRL","start_line":59,"end_line":63,"kind":"namespace","spaces":[],"metrics":{"nargs":{"total_functions":0.0,"total_closures":0.0,"average_functions":0.0,"average_closures":0.0,"total":0.0,"average":0.0,"functions_min":0.0,"functions_max":0.0,"closures_min":0.0,"closures_max":0.0},"nexits":{"sum":0.0,"average":null,"min":0.0,"max":0.0},"cognitive":{"sum":0.0,"average":null,"min":0.0,"max":0.0},"cyclomatic":{"sum":1.0,"average":1.0,"min":1.0,"max":1.0},"halstead":{"n1":4.0,"N1":7.0,"n2":5.0,"N2":7.0,"length":14.0,"estimated_program_length":19.60964047443681,"purity_ratio":1.400688605316915,"vocabulary":9.0,"volume":44.37895002019237,"difficulty":2.8,"level":0.35714285714285715,"effort":124.26106005653862,"time":6.903392225363257,"bugs":0.008300459115293854},"loc":{"sloc":5.0,"ploc":4.0,"lloc":2.0,"cloc":0.0,"blank":1.0,"sloc_average":5.0,"ploc_average":4.0,"lloc_average":2.0,"cloc_average":0.0,"blank_average":1.0,"sloc_min":5.0,"sloc_max":5.0,"cloc_min":0.0,"cloc_max":0.0,"ploc_min":4.0,"ploc_max":4.0,"lloc_min":2.0,"lloc_max":2.0,"blank_min":1.0,"blank_max":1.0},"nom":{"functions":0.0,"closures":0.0,"functions_average":0.0,"closures_average":0.0,"total":0.0,"average":0.0,"functions_min":0.0,"functions_max":0.0,"closures_min":0.0,"closures_max":0.0},"mi":{"mi_original":124.97472647502505,"mi_sei":104.70138598936498,"mi_visual_studio":73.08463536551173},"abc":{"assignments":0.0,"branches":0.0,"conditions":0.0,"magnitude":0.0,"assignments_average":0.0,"branches_average":0.0,"conditions_average":0.0,"assignments_min":0.0,"assignments_max":0.0,"branches_min":0.0,"branches_max":0.0,"conditions_min":0.0,"conditions_max":0.0}}}],"metrics":{"nargs":{"total_functions":0.0,"total_closures":0.0,"average_functions":0.0,"average_closures":0.0,"total":0.0,"average":0.0,"functions_min":0.0,"functions_max":0.0,"closures_min":0.0,"closures_max":0.0},"nexits":{"sum":0.0,"average":null,"min":0.0,"max":0.0},"cognitive":{"sum":0.0,"average":null,"min":0.0,"max":0.0},"cyclomatic":{"sum":3.0,"average":1.0,"min":1.0,"max":1.0},"halstead":{"n1":4.0,"N1":33.0,"n2":21.0,"N2":33.0,"length":66.0,"estimated_program_length":100.23866587835397,"purity_ratio":1.518767664823545,"vocabulary":25.0,"volume":306.49450852513183,"difficulty":3.142857142857143,"level":0.3181818181818182,"effort":963.2684553647,"time":53.514914186927776,"bugs":0.0325119963556642},"loc":{"sloc":25.0,"ploc":16.0,"lloc":10.0,"cloc":0.0,"blank":9.0,"sloc_average":8.333333333333334,"ploc_average":5.333333333333333,"lloc_average":3.3333333333333335,"cloc_average":0.0,"blank_average":3.0,"sloc_min":5.0,"sloc_max":5.0,"cloc_min":0.0,"cloc_max":0.0,"ploc_min":4.0,"ploc_max":4.0,"lloc_min":2.0,"lloc_max":2.0,"blank_min":1.0,"blank_max":1.0},"nom":{"functions":0.0,"closures":0.0,"functions_average":0.0,"closures_average":0.0,"total":0.0,"average":0.0,"functions_min":0.0,"functions_max":0.0,"closures_min":0.0,"closures_max":0.0},"mi":{"mi_original":88.3931724769604,"mi_sei":52.12899916715422,"mi_visual_studio":51.691913729216616},"abc":{"assignments":0.0,"branches":0.0,"conditions":0.0,"magnitude":0.0,"assignments_average":0.0,"branches_average":0.0,"conditions_average":0.0,"assignments_min":0.0,"assignments_max":0.0,"branches_min":0.0,"branches_max":0.0,"conditions_min":0.0,"conditions_max":0.0}}}],"metrics":{"nargs":{"total_functions":0.0,"total_closures":0.0,"average_functions":0.0,"average_closures":0.0,"total":0.0,"average":0.0,"functions_min":0.0,"functions_max":0.0,"closures_min":0.0,"closures_max":0.0},"nexits":{"sum":0.0,"average":null,"min":0.0,"max":0.0},"cognitive":{"sum":0.0,"average":null,"min":0.0,"max":0.0},"cyclomatic":{"sum":4.0,"average":1.0,"min":1.0,"max":1.0},"halstead":{"n1":4.0,"N1":35.0,"n2":24.0,"N2":44.0,"length":79.0,"estimated_program_length":118.03910001730775,"purity_ratio":1.4941658230038954,"vocabulary":28.0,"volume":379.7810388425507,"difficulty":3.6666666666666665,"level":0.27272727272727276,"effort":1392.530475756019,"time":77.36280420866773,"bugs":0.04156698751198859},"loc":{"sloc":64.0,"ploc":52.0,"lloc":10.0,"cloc":0.0,"blank":12.0,"sloc_average":16.0,"ploc_average":13.0,"lloc_average":2.5,"cloc_average":0.0,"blank_average":3.0,"sloc_min":25.0,"sloc_max":25.0,"cloc_min":0.0,"cloc_max":0.0,"ploc_min":16.0,"ploc_max":16.0,"lloc_min":10.0,"lloc_max":10.0,"blank_min":9.0,"blank_max":9.0},"nom":{"functions":0.0,"closures":0.0,"functions_average":0.0,"closures_average":0.0,"total":0.0,"average":0.0,"functions_min":0.0,"functions_max":0.0,"closures_min":0.0,"closures_max":0.0},"mi":{"mi_original":71.82020070959187,"mi_sei":28.3210748449833,"mi_visual_studio":42.00011737403033},"abc":{"assignments":0.0,"branches":0.0,"conditions":0.0,"magnitude":0.0,"assignments_average":0.0,"branches_average":0.0,"conditions_average":0.0,"assignments_min":0.0,"assignments_max":0.0,"branches_min":0.0,"branches_max":0.0,"conditions_min":0.0,"conditions_max":0.0}}}