{"name":"./merged/cert_codec.cpp","start_line":1,"end_line":105,"kind":"unit","spaces":[{"name":"CBORCodec<C509Certificate>::encode","start_line":5,"end_line":10,"kind":"function","spaces":[],"metrics":{"nargs":{"total_functions":2.0,"total_closures":0.0,"average_functions":2.0,"average_closures":0.0,"total":2.0,"average":2.0,"functions_min":2.0,"functions_max":2.0,"closures_min":0.0,"closures_max":0.0},"nexits":{"sum":1.0,"average":1.0,"min":1.0,"max":1.0},"cognitive":{"sum":1.0,"average":1.0,"min":1.0,"max":1.0},"cyclomatic":{"sum":4.0,"average":4.0,"min":4.0,"max":4.0},"halstead":{"n1":13.0,"N1":30.0,"n2":13.0,"N2":25.0,"length":55.0,"estimated_program_length":96.21143267166839,"purity_ratio":1.7492987758485161,"vocabulary":26.0,"volume":258.52418449776,"difficulty":12.5,"level":0.08,"effort":3231.5523062220004,"time":179.53068367900002,"bugs":0.07285950312364946},"loc":{"sloc":6.0,"ploc":6.0,"lloc":1.0,"cloc":0.0,"blank":0.0,"sloc_average":6.0,"ploc_average":6.0,"lloc_average":1.0,"cloc_average":0.0,"blank_average":0.0,"sloc_min":6.0,"sloc_max":6.0,"cloc_min":0.0,"cloc_max":0.0,"ploc_min":6.0,"ploc_max":6.0,"lloc_min":1.0,"lloc_max":1.0,"blank_min":0.0,"blank_max":0.0},"nom":{"functions":1.0,"closures":0.0,"functions_average":1.0,"closures_average":0.0,"total":1.0,"average":1.0,"functions_min":1.0,"functions_max":1.0,"closures_min":0.0,"closures_max":0.0},"mi":{"mi_original":112.16755251606284,"mi_sei":86.52999920918134,"mi_visual_studio":65.59505995091395},"abc":{"assignments":0.0,"branches":0.0,"conditions":0.0,"magnitude":0.0,"assignments_average":0.0,"branches_average":0.0,"conditions_average":0.0,"assignments_min":0.0,"assignments_max":0.0,"branches_min":0.0,"branches_max":0.0,"conditions_min":0.0,"conditions_max":0.0}}},{"name":"CBORCodec<C509Certificate>::decode","start_line":12,"end_line":17,"kind":"function","spaces":[],"metrics":{"nargs":{"total_functions":2.0,"total_closures":0.0,"average_functions":2.0,"average_closures":0.0,"total":2.0,"average":2.0,"functions_min":2.0,"functions_max":2.0,"closures_min":0.0,"closures_max":0.0},"nexits":{"sum":1.0,"average":1.0,"min":1.0,"max":1.0},"cognitive":{"sum":1.0,"average":1.0,"min":1.0,"max":1.0},"cyclomatic":{"sum":4.0,"average":4.0,"min":4.0,"max":4.0},"halstead":{"n1":13.0,"N1":28.0,"n2":12.0,"N2":23.0,"length":51.0,"estimated_program_length":91.12526634448807,"purity_ratio":1.7867699283232954,"vocabulary":25.0,"volume":236.83666567851094,"difficulty":12.458333333333334,"level":0.0802675585284281,"effort":2950.590126578116,"time":163.92167369878422,"bugs":0.0685727134732353},"loc":{"sloc":6.0,"ploc":6.0,"lloc":1.0,"cloc":0.0,"blank":0.0,"sloc_average":6.0,"ploc_average":6.0,"lloc_average":1.0,"cloc_average":0.0,"blank_average":0.0,"sloc_min":6.0,"sloc_max":6.0,"cloc_min":0.0,"cloc_max":0.0,"ploc_min":6.0,"ploc_max":6.0,"lloc_min":1.0,"lloc_max":1.0,"blank_min":0.0,"blank_max":0.0},"nom":{"functions":1.0,"closures":0.0,"functions_average":1.0,"closures_average":0.0,"total":1.0,"average":1.0,"functions_min":1.0,"functions_max":1.0,"closures_min":0.0,"closures_max":0.0},"mi":{"mi_original":112.62316880670167,"mi_sei":87.18731457223421,"mi_visual_studio":65.86150222614133},"abc":{"assignments":0.0,"branches":0.0,"conditions":0.0,"magnitude":0.0,"assignments_average":0.0,"branches_average":0.0,"conditions_average":0.0,"assignments_min":0.0,"assignments_max":0.0,"branches_min":0.0,"branches_max":0.0,"conditions_min":0.0,"conditions_max":0.0}}},{"name":"CBORCodec<TBSCertificate>::encode","start_line":19,"end_line":58,"kind":"function","spaces":[],"metrics":{"nargs":{"total_functions":2.0,"total_closures":0.0,"average_functions":2.0,"average_closures":0.0,"total":2.0,"average":2.0,"functions_min":2.0,"functions_max":2.0,"closures_min":0.0,"closures_max":0.0},"nexits":{"sum":1.0,"average":1.0,"min":1.0,"max":1.0},"cognitive":{"sum":18.0,"average":18.0,"min":18.0,"max":18.0},"cyclomatic":{"sum":17.0,"average":17.0,"min":17.0,"max":17.0},"halstead":{"n1":18.0,"N1":158.0,"n2":45.0,"N2":111.0,"length":269.0,"estimated_program_length":322.19203936079697,"purity_ratio":1.1977399232743382,"vocabulary":63.0,"volume":1607.8882994214775,"difficulty":22.2,"level":0.04504504504504505,"effort":35695.1202471568,"time":1983.0622359531558,"bugs":0.3613693474558401},"loc":{"sloc":40.0,"ploc":29.0,"lloc":27.0,"cloc":1.0,"blank":10.0,"sloc_average":40.0,"ploc_average":29.0,"lloc_average":27.0,"cloc_average":1.0,"blank_average":10.0,"sloc_min":40.0,"sloc_max":40.0,"cloc_min":1.0,"cloc_max":1.0,"ploc_min":29.0,"ploc_max":29.0,"lloc_min":27.0,"lloc_max":27.0,"blank_min":10.0,"blank_max":10.0},"nom":{"functions":1.0,"closures":0.0,"functions_average":1.0,"closures_average":0.0,"total":1.0,"average":1.0,"functions_min":1.0,"functions_max":1.0,"closures_min":0.0,"closures_max":0.0},"mi":{"mi_original":68.94023253803498,"mi_sei":37.61515834400279,"mi_visual_studio":40.31592546083917},"abc":{"assignments":0.0,"branches":0.0,"conditions":0.0,"magnitude":0.0,"assignments_average":0.0,"branches_average":0.0,"conditions_average":0.0,"assignments_min":0.0,"assignments_max":0.0,"branches_min":0.0,"branches_max":0.0,"conditions_min":0.0,"conditions_max":0.0}}},{"name":"CBORCodec<TBSCertificate>::decode","start_line":60,"end_line":105,"kind":"function","spaces":[],"metrics":{"nargs":{"total_functions":2.0,"total_closures":0.0,"average_functions":2.0,"average_closures":0.0,"total":2.0,"average":2.0,"functions_min":2.0,"functions_max":2.0,"closures_min":0.0,"closures_max":0.0},"nexits":{"sum":1.0,"average":1.0,"min":1.0,"max":1.0},"cognitive":{"sum":16.0,"average":16.0,"min":16.0,"max":16.0},"cyclomatic":{"sum":13.0,"average":13.0,"min":13.0,"max":13.0},"halstead":{"n1":16.0,"N1":152.0,"n2":42.0,"N2":108.0,"length":260.0,"estimated_program_length":290.47733175670794,"purity_ratio":1.117220506756569,"vocabulary":58.0,"volume":1523.0750587331686,"difficulty":20.571428571428573,"level":0.048611111111111105,"effort":31331.829779653755,"time":1740.6572099807643,"bugs":0.33128561939985735},"loc":{"sloc":46.0,"ploc":34.0,"lloc":28.0,"cloc":0.0,"blank":12.0,"sloc_average":46.0,"ploc_average":34.0,"lloc_average":28.0,"cloc_average":0.0,"blank_average":12.0,"sloc_min":46.0,"sloc_max":46.0,"cloc_min":0.0,"cloc_max":0.0,"ploc_min":34.0,"ploc_max":34.0,"lloc_min":28.0,"lloc_max":28.0,"blank_min":12.0,"blank_max":12.0},"nom":{"functions":1.0,"closures":0.0,"functions_average":1.0,"closures_average":0.0,"total":1.0,"average":1.0,"functions_min":1.0,"functions_max":1.0,"closures_min":0.0,"closures_max":0.0},"mi":{"mi_original":67.87787887406411,"mi_sei":23.549885417919285,"mi_visual_studio":39.69466600822462},"abc":{"assignments":0.0,"branches":0.0,"conditions":0.0,"magnitude":0.0,"assignments_average":0.0,"branches_average":0.0,"conditions_average":0.0,"assignments_min":0.0,"assignments_max":0.0,"branches_min":0.0,"branches_max":0.0,"conditions_min":0.0,"conditions_max":0.0}}}],"metrics":{"nargs":{"total_functions":8.0,"total_closures":0.0,"average_functions":2.0,"average_closures":0.0,"total":8.0,"average":2.0,"functions_min":0.0,"functions_max":2.0,"closures_min":0.0,"closures_max":0.0},"nexits":{"sum":4.0,"average":1.0,"min":0.0,"max":1.0},"cognitive":{"sum":36.0,"average":9.0,"min":0.0,"max":18.0},"cyclomatic":{"sum":39.0,"average":7.8,"min":1.0,"max":17.0},"halstead":{"n1":19.0,"N1":369.0,"n2":73.0,"N2":269.0,"length":638.0,"estimated_program_length":532.5678155536693,"purity_ratio":0.8347457924038705,"vocabulary":92.0,"volume":4162.032527964374,"difficulty":35.00684931506849,"level":0.02856583838779104,"effort":145699.64555086242,"time":8094.42475282569,"bugs":0.9229632497583635},"loc":{"sloc":105.0,"ploc":77.0,"lloc":57.0,"cloc":1.0,"blank":27.0,"sloc_average":21.0,"ploc_average":15.4,"lloc_average":11.4,"cloc_average":0.2,"blank_average":5.4,"sloc_min":6.0,"sloc_max":46.0,"cloc_min":0.0,"cloc_max":1.0,"ploc_min":6.0,"ploc_max":34.0,"lloc_min":1.0,"lloc_max":28.0,"blank_min":0.0,"blank_max":12.0},"nom":{"functions":4.0,"closures":0.0,"functions_average":0.8,"closures_average":0.0,"total":4.0,"average":0.8,"functions_min":0.0,"functions_max":1.0,"closures_min":0.0,"closures_max":0.0},"mi":{"mi_original":43.30029645103153,"mi_sei":-1.730229456023669,"mi_visual_studio":25.321810790076917},"abc":{"assignments":0.0,"branches":0.0,"conditions":0.0,"magnitude":0.0,"assignments_average":0.0,"branches_average":0.0,"conditions_average":0.0,"assignments_min":0.0,"assignments_max":0.0,"branches_min":0.0,"branches_max":0.0,"conditions_min":0.0,"conditions_max":0.0}}}