{"name":"./merged/cose_c509_codec.cpp","start_line":1,"end_line":46,"kind":"unit","spaces":[{"name":"CBORCodec<COSE_C509>::encode","start_line":5,"end_line":22,"kind":"function","spaces":[],"metrics":{"nargs":{"total_functions":2.0,"total_closures":0.0,"average_functions":2.0,"average_closures":0.0,"total":2.0,"average":2.0,"functions_min":2.0,"functions_max":2.0,"closures_min":0.0,"closures_max":0.0},"nexits":{"sum":1.0,"average":1.0,"min":1.0,"max":1.0},"cognitive":{"sum":10.0,"average":10.0,"min":10.0,"max":10.0},"cyclomatic":{"sum":8.0,"average":8.0,"min":8.0,"max":8.0},"halstead":{"n1":18.0,"N1":73.0,"n2":21.0,"N2":51.0,"length":124.0,"estimated_program_length":167.29731590431558,"purity_ratio":1.349171902454158,"vocabulary":39.0,"volume":655.3898751389188,"difficulty":21.857142857142858,"level":0.0457516339869281,"effort":14324.950128036367,"time":795.8305626686871,"bugs":0.19661085465663897},"loc":{"sloc":18.0,"ploc":14.0,"lloc":12.0,"cloc":0.0,"blank":4.0,"sloc_average":18.0,"ploc_average":14.0,"lloc_average":12.0,"cloc_average":0.0,"blank_average":4.0,"sloc_min":18.0,"sloc_max":18.0,"cloc_min":0.0,"cloc_max":0.0,"ploc_min":14.0,"ploc_max":14.0,"lloc_min":12.0,"lloc_max":12.0,"blank_min":4.0,"blank_max":4.0},"nom":{"functions":1.0,"closures":0.0,"functions_average":1.0,"closures_average":0.0,"total":1.0,"average":1.0,"functions_min":1.0,"functions_max":1.0,"closures_min":0.0,"closures_max":0.0},"mi":{"mi_original":88.61278002564522,"mi_sei":52.9549251856059,"mi_visual_studio":51.820339196283754},"abc":{"assignments":0.0,"branches":0.0,"conditions":0.0,"magnitude":0.0,"assignments_average":0.0,"branches_average":0.0,"conditions_average":0.0,"assignments_min":0.0,"assignments_max":0.0,"branches_min":0.0,"branches_max":0.0,"conditions_min":0.0,"conditions_max":0.0}}},{"name":"CBORCodec<COSE_C509>::decode","start_line":24,"end_line":46,"kind":"function","spaces":[],"metrics":{"nargs":{"total_functions":2.0,"total_closures":0.0,"average_functions":2.0,"average_closures":0.0,"total":2.0,"average":2.0,"functions_min":2.0,"functions_max":2.0,"closures_min":0.0,"closures_max":0.0},"nexits":{"sum":2.0,"average":2.0,"min":2.0,"max":2.0},"cognitive":{"sum":4.0,"average":4.0,"min":4.0,"max":4.0},"cyclomatic":{"sum":5.0,"average":5.0,"min":5.0,"max":5.0},"halstead":{"n1":17.0,"N1":71.0,"n2":24.0,"N2":48.0,"length":119.0,"estimated_program_length":179.5259683185635,"purity_ratio":1.508621582508937,"vocabulary":41.0,"volume":637.548688549552,"difficulty":17.0,"level":0.058823529411764705,"effort":10838.327705342384,"time":602.1293169634658,"bugs":0.16325015314281124},"loc":{"sloc":23.0,"ploc":17.0,"lloc":11.0,"cloc":0.0,"blank":6.0,"sloc_average":23.0,"ploc_average":17.0,"lloc_average":11.0,"cloc_average":0.0,"blank_average":6.0,"sloc_min":23.0,"sloc_max":23.0,"cloc_min":0.0,"cloc_max":0.0,"ploc_min":17.0,"ploc_max":17.0,"lloc_min":11.0,"lloc_max":11.0,"blank_min":6.0,"blank_max":6.0},"nom":{"functions":1.0,"closures":0.0,"functions_average":1.0,"closures_average":0.0,"total":1.0,"average":1.0,"functions_min":1.0,"functions_max":1.0,"closures_min":0.0,"closures_max":0.0},"mi":{"mi_original":85.47531433072749,"mi_sei":48.123059408375426,"mi_visual_studio":49.98556393609795},"abc":{"assignments":0.0,"branches":0.0,"conditions":0.0,"magnitude":0.0,"assignments_average":0.0,"branches_average":0.0,"conditions_average":0.0,"assignments_min":0.0,"assignments_max":0.0,"branches_min":0.0,"branches_max":0.0,"conditions_min":0.0,"conditions_max":0.0}}}],"metrics":{"nargs":{"total_functions":4.0,"total_closures":0.0,"average_functions":2.0,"average_closures":0.0,"total":4.0,"average":2.0,"functions_min":0.0,"functions_max":2.0,"closures_min":0.0,"closures_max":0.0},"nexits":{"sum":3.0,"average":1.5,"min":0.0,"max":2.0},"cognitive":{"sum":14.0,"average":7.0,"min":0.0,"max":10.0},"cyclomatic":{"sum":14.0,"average":4.666666666666667,"min":1.0,"max":8.0},"halstead":{"n1":19.0,"N1":145.0,"n2":37.0,"N2":101.0,"length":246.0,"estimated_program_length":273.4603972836993,"purity_ratio":1.11162763123455,"vocabulary":56.0,"volume":1428.6093108261705,"difficulty":25.93243243243243,"level":0.0385617509119333,"effort":37047.31442534353,"time":2058.1841347413074,"bugs":0.3704388831240629},"loc":{"sloc":46.0,"ploc":33.0,"lloc":23.0,"cloc":0.0,"blank":13.0,"sloc_average":15.333333333333334,"ploc_average":11.0,"lloc_average":7.666666666666667,"cloc_average":0.0,"blank_average":4.333333333333333,"sloc_min":18.0,"sloc_max":23.0,"cloc_min":0.0,"cloc_max":0.0,"ploc_min":14.0,"ploc_max":17.0,"lloc_min":11.0,"lloc_max":12.0,"blank_min":4.0,"blank_max":6.0},"nom":{"functions":2.0,"closures":0.0,"functions_average":0.6666666666666666,"closures_average":0.0,"total":2.0,"average":0.6666666666666666,"functions_min":0.0,"functions_max":1.0,"closures_min":0.0,"closures_max":0.0},"mi":{"mi_original":67.98083432810911,"mi_sei":23.800238600306955,"mi_visual_studio":39.7548738760872},"abc":{"assignments":0.0,"branches":0.0,"conditions":0.0,"magnitude":0.0,"assignments_average":0.0,"branches_average":0.0,"conditions_average":0.0,"assignments_min":0.0,"assignments_max":0.0,"branches_min":0.0,"branches_max":0.0,"conditions_min":0.0,"conditions_max":0.0}}}