{"name":"./merged/crl_codec.cpp","start_line":1,"end_line":117,"kind":"unit","spaces":[{"name":"CRL::CBORCodec<RevokedCertificate>::encode","start_line":6,"end_line":17,"kind":"function","spaces":[],"metrics":{"nargs":{"total_functions":2.0,"total_closures":0.0,"average_functions":2.0,"average_closures":0.0,"total":2.0,"average":2.0,"functions_min":2.0,"functions_max":2.0,"closures_min":0.0,"closures_max":0.0},"nexits":{"sum":1.0,"average":1.0,"min":1.0,"max":1.0},"cognitive":{"sum":2.0,"average":2.0,"min":2.0,"max":2.0},"cyclomatic":{"sum":3.0,"average":3.0,"min":3.0,"max":3.0},"halstead":{"n1":14.0,"N1":36.0,"n2":15.0,"N2":24.0,"length":60.0,"estimated_program_length":111.90632784293425,"purity_ratio":1.8651054640489042,"vocabulary":29.0,"volume":291.4788597076543,"difficulty":11.2,"level":0.08928571428571429,"effort":3264.563228725728,"time":181.364623818096,"bugs":0.07335484464055449},"loc":{"sloc":12.0,"ploc":7.0,"lloc":5.0,"cloc":2.0,"blank":3.0,"sloc_average":12.0,"ploc_average":7.0,"lloc_average":5.0,"cloc_average":2.0,"blank_average":3.0,"sloc_min":12.0,"sloc_max":12.0,"cloc_min":2.0,"cloc_max":2.0,"ploc_min":7.0,"ploc_max":7.0,"lloc_min":5.0,"lloc_max":5.0,"blank_min":3.0,"blank_max":3.0},"nom":{"functions":1.0,"closures":0.0,"functions_average":1.0,"closures_average":0.0,"total":1.0,"average":1.0,"functions_min":1.0,"functions_max":1.0,"closures_min":0.0,"closures_max":0.0},"mi":{"mi_original":100.54468137370628,"mi_sei":99.2162766525723,"mi_visual_studio":58.79805928286917},"abc":{"assignments":0.0,"branches":0.0,"conditions":0.0,"magnitude":0.0,"assignments_average":0.0,"branches_average":0.0,"conditions_average":0.0,"assignments_min":0.0,"assignments_max":0.0,"branches_min":0.0,"branches_max":0.0,"conditions_min":0.0,"conditions_max":0.0}}},{"name":"CRL::CBORCodec<RevokedCertificate>::decode","start_line":19,"end_line":30,"kind":"function","spaces":[],"metrics":{"nargs":{"total_functions":2.0,"total_closures":0.0,"average_functions":2.0,"average_closures":0.0,"total":2.0,"average":2.0,"functions_min":2.0,"functions_max":2.0,"closures_min":0.0,"closures_max":0.0},"nexits":{"sum":1.0,"average":1.0,"min":1.0,"max":1.0},"cognitive":{"sum":2.0,"average":2.0,"min":2.0,"max":2.0},"cyclomatic":{"sum":3.0,"average":3.0,"min":3.0,"max":3.0},"halstead":{"n1":14.0,"N1":36.0,"n2":15.0,"N2":24.0,"length":60.0,"estimated_program_length":111.90632784293425,"purity_ratio":1.8651054640489042,"vocabulary":29.0,"volume":291.4788597076543,"difficulty":11.2,"level":0.08928571428571429,"effort":3264.563228725728,"time":181.364623818096,"bugs":0.07335484464055449},"loc":{"sloc":12.0,"ploc":7.0,"lloc":5.0,"cloc":2.0,"blank":3.0,"sloc_average":12.0,"ploc_average":7.0,"lloc_average":5.0,"cloc_average":2.0,"blank_average":3.0,"sloc_min":12.0,"sloc_max":12.0,"cloc_min":2.0,"cloc_max":2.0,"ploc_min":7.0,"ploc_max":7.0,"lloc_min":5.0,"lloc_max":5.0,"blank_min":3.0,"blank_max":3.0},"nom":{"functions":1.0,"closures":0.0,"functions_average":1.0,"closures_average":0.0,"total":1.0,"average":1.0,"functions_min":1.0,"functions_max":1.0,"closures_min":0.0,"closures_max":0.0},"mi":{"mi_original":100.54468137370628,"mi_sei":99.2162766525723,"mi_visual_studio":58.79805928286917},"abc":{"assignments":0.0,"branches":0.0,"conditions":0.0,"magnitude":0.0,"assignments_average":0.0,"branches_average":0.0,"conditions_average":0.0,"assignments_min":0.0,"assignments_max":0.0,"branches_min":0.0,"branches_max":0.0,"conditions_min":0.0,"conditions_max":0.0}}},{"name":"CRL::CBORCodec<TBSCertificateRevocationList>::encode","start_line":32,"end_line":63,"kind":"function","spaces":[],"metrics":{"nargs":{"total_functions":2.0,"total_closures":0.0,"average_functions":2.0,"average_closures":0.0,"total":2.0,"average":2.0,"functions_min":2.0,"functions_max":2.0,"closures_min":0.0,"closures_max":0.0},"nexits":{"sum":1.0,"average":1.0,"min":1.0,"max":1.0},"cognitive":{"sum":11.0,"average":11.0,"min":11.0,"max":11.0},"cyclomatic":{"sum":11.0,"average":11.0,"min":11.0,"max":11.0},"halstead":{"n1":18.0,"N1":123.0,"n2":36.0,"N2":84.0,"length":207.0,"estimated_program_length":261.17595007788486,"purity_ratio":1.2617195655936466,"vocabulary":54.0,"volume":1191.2617129478379,"difficulty":21.0,"level":0.047619047619047616,"effort":25016.495971904595,"time":1389.8053317724775,"bugs":0.28512134495274766},"loc":{"sloc":32.0,"ploc":23.0,"lloc":20.0,"cloc":0.0,"blank":9.0,"sloc_average":32.0,"ploc_average":23.0,"lloc_average":20.0,"cloc_average":0.0,"blank_average":9.0,"sloc_min":32.0,"sloc_max":32.0,"cloc_min":0.0,"cloc_max":0.0,"ploc_min":23.0,"ploc_max":23.0,"lloc_min":20.0,"lloc_max":20.0,"blank_min":9.0,"blank_max":9.0},"nom":{"functions":1.0,"closures":0.0,"functions_average":1.0,"closures_average":0.0,"total":1.0,"average":1.0,"functions_min":1.0,"functions_max":1.0,"closures_min":0.0,"closures_max":0.0},"mi":{"mi_original":75.49468328013769,"mi_sei":34.33497164317393,"mi_visual_studio":44.1489375907238},"abc":{"assignments":0.0,"branches":0.0,"conditions":0.0,"magnitude":0.0,"assignments_average":0.0,"branches_average":0.0,"conditions_average":0.0,"assignments_min":0.0,"assignments_max":0.0,"branches_min":0.0,"branches_max":0.0,"conditions_min":0.0,"conditions_max":0.0}}},{"name":"CRL::CBORCodec<TBSCertificateRevocationList>::decode","start_line":65,"end_line":101,"kind":"function","spaces":[],"metrics":{"nargs":{"total_functions":2.0,"total_closures":0.0,"average_functions":2.0,"average_closures":0.0,"total":2.0,"average":2.0,"functions_min":2.0,"functions_max":2.0,"closures_min":0.0,"closures_max":0.0},"nexits":{"sum":1.0,"average":1.0,"min":1.0,"max":1.0},"cognitive":{"sum":9.0,"average":9.0,"min":9.0,"max":9.0},"cyclomatic":{"sum":10.0,"average":10.0,"min":10.0,"max":10.0},"halstead":{"n1":16.0,"N1":127.0,"n2":41.0,"N2":85.0,"length":212.0,"estimated_program_length":283.65963218934144,"purity_ratio":1.3380171329685917,"vocabulary":57.0,"volume":1236.5726830029253,"difficulty":16.585365853658537,"level":0.060294117647058824,"effort":20509.01035224364,"time":1139.3894640135356,"bugs":0.24975175469044597},"loc":{"sloc":37.0,"ploc":26.0,"lloc":22.0,"cloc":0.0,"blank":11.0,"sloc_average":37.0,"ploc_average":26.0,"lloc_average":22.0,"cloc_average":0.0,"blank_average":11.0,"sloc_min":37.0,"sloc_max":37.0,"cloc_min":0.0,"cloc_max":0.0,"ploc_min":26.0,"ploc_max":26.0,"lloc_min":22.0,"lloc_max":22.0,"blank_min":11.0,"blank_max":11.0},"nom":{"functions":1.0,"closures":0.0,"functions_average":1.0,"closures_average":0.0,"total":1.0,"average":1.0,"functions_min":1.0,"functions_max":1.0,"closures_min":0.0,"closures_max":0.0},"mi":{"mi_original":73.17861570950055,"mi_sei":30.89177258524755,"mi_visual_studio":42.794512110819035},"abc":{"assignments":0.0,"branches":0.0,"conditions":0.0,"magnitude":0.0,"assignments_average":0.0,"branches_average":0.0,"conditions_average":0.0,"assignments_min":0.0,"assignments_max":0.0,"branches_min":0.0,"branches_max":0.0,"conditions_min":0.0,"conditions_max":0.0}}},{"name":"CRL::CBORCodec<C509CertificateRevocationList>::encode","start_line":103,"end_line":109,"kind":"function","spaces":[],"metrics":{"nargs":{"total_functions":2.0,"total_closures":0.0,"average_functions":2.0,"average_closures":0.0,"total":2.0,"average":2.0,"functions_min":2.0,"functions_max":2.0,"closures_min":0.0,"closures_max":0.0},"nexits":{"sum":1.0,"average":1.0,"min":1.0,"max":1.0},"cognitive":{"sum":1.0,"average":1.0,"min":1.0,"max":1.0},"cyclomatic":{"sum":4.0,"average":4.0,"min":4.0,"max":4.0},"halstead":{"n1":13.0,"N1":32.0,"n2":13.0,"N2":25.0,"length":57.0,"estimated_program_length":96.21143267166839,"purity_ratio":1.6879198714327788,"vocabulary":26.0,"volume":267.9250639340422,"difficulty":12.5,"level":0.08,"effort":3349.063299175528,"time":186.05907217641823,"bugs":0.07461525873823881},"loc":{"sloc":7.0,"ploc":7.0,"lloc":1.0,"cloc":0.0,"blank":0.0,"sloc_average":7.0,"ploc_average":7.0,"lloc_average":1.0,"cloc_average":0.0,"blank_average":0.0,"sloc_min":7.0,"sloc_max":7.0,"cloc_min":0.0,"cloc_max":0.0,"ploc_min":7.0,"ploc_max":7.0,"lloc_min":1.0,"lloc_max":1.0,"blank_min":0.0,"blank_max":0.0},"nom":{"functions":1.0,"closures":0.0,"functions_average":1.0,"closures_average":0.0,"total":1.0,"average":1.0,"functions_min":1.0,"functions_max":1.0,"closures_min":0.0,"closures_max":0.0},"mi":{"mi_original":109.48457747333046,"mi_sei":82.65928442020245,"mi_visual_studio":64.02606869785407},"abc":{"assignments":0.0,"branches":0.0,"conditions":0.0,"magnitude":0.0,"assignments_average":0.0,"branches_average":0.0,"conditions_average":0.0,"assignments_min":0.0,"assignments_max":0.0,"branches_min":0.0,"branches_max":0.0,"conditions_min":0.0,"conditions_max":0.0}}},{"name":"CRL::CBORCodec< C509CertificateRevocationList>::decode","start_line":111,"end_line":117,"kind":"function","spaces":[],"metrics":{"nargs":{"total_functions":2.0,"total_closures":0.0,"average_functions":2.0,"average_closures":0.0,"total":2.0,"average":2.0,"functions_min":2.0,"functions_max":2.0,"closures_min":0.0,"closures_max":0.0},"nexits":{"sum":1.0,"average":1.0,"min":1.0,"max":1.0},"cognitive":{"sum":1.0,"average":1.0,"min":1.0,"max":1.0},"cyclomatic":{"sum":4.0,"average":4.0,"min":4.0,"max":4.0},"halstead":{"n1":13.0,"N1":30.0,"n2":12.0,"N2":23.0,"length":53.0,"estimated_program_length":91.12526634448807,"purity_ratio":1.719344648009209,"vocabulary":25.0,"volume":246.1243780580604,"difficulty":12.458333333333334,"level":0.0802675585284281,"effort":3066.299543306669,"time":170.3499746281483,"bugs":0.07035394649809779},"loc":{"sloc":7.0,"ploc":7.0,"lloc":1.0,"cloc":0.0,"blank":0.0,"sloc_average":7.0,"ploc_average":7.0,"lloc_average":1.0,"cloc_average":0.0,"blank_average":0.0,"sloc_min":7.0,"sloc_max":7.0,"cloc_min":0.0,"cloc_max":0.0,"ploc_min":7.0,"ploc_max":7.0,"lloc_min":1.0,"lloc_max":1.0,"blank_min":0.0,"blank_max":0.0},"nom":{"functions":1.0,"closures":0.0,"functions_average":1.0,"closures_average":0.0,"total":1.0,"average":1.0,"functions_min":1.0,"functions_max":1.0,"closures_min":0.0,"closures_max":0.0},"mi":{"mi_original":109.92590313319556,"mi_sei":83.2959827611069,"mi_visual_studio":64.28415387906173},"abc":{"assignments":0.0,"branches":0.0,"conditions":0.0,"magnitude":0.0,"assignments_average":0.0,"branches_average":0.0,"conditions_average":0.0,"assignments_min":0.0,"assignments_max":0.0,"branches_min":0.0,"branches_max":0.0,"conditions_min":0.0,"conditions_max":0.0}}}],"metrics":{"nargs":{"total_functions":12.0,"total_closures":0.0,"average_functions":2.0,"average_closures":0.0,"total":12.0,"average":2.0,"functions_min":0.0,"functions_max":2.0,"closures_min":0.0,"closures_max":0.0},"nexits":{"sum":6.0,"average":1.0,"min":0.0,"max":1.0},"cognitive":{"sum":26.0,"average":4.333333333333333,"min":0.0,"max":11.0},"cyclomatic":{"sum":36.0,"average":5.142857142857143,"min":1.0,"max":11.0},"halstead":{"n1":20.0,"N1":387.0,"n2":73.0,"N2":268.0,"length":655.0,"estimated_program_length":538.2957546959885,"purity_ratio":0.8218255796885321,"vocabulary":93.0,"volume":4283.14902127576,"difficulty":36.71232876712329,"level":0.027238805970149254,"effort":157244.37502765804,"time":8735.798612647668,"bugs":0.9710959832997962},"loc":{"sloc":117.0,"ploc":80.0,"lloc":54.0,"cloc":4.0,"blank":33.0,"sloc_average":16.714285714285715,"ploc_average":11.428571428571429,"lloc_average":7.714285714285714,"cloc_average":0.5714285714285714,"blank_average":4.714285714285714,"sloc_min":7.0,"sloc_max":37.0,"cloc_min":0.0,"cloc_max":2.0,"ploc_min":7.0,"ploc_max":26.0,"lloc_min":1.0,"lloc_max":22.0,"blank_min":0.0,"blank_max":11.0},"nom":{"functions":6.0,"closures":0.0,"functions_average":0.8571428571428571,"closures_average":0.0,"total":6.0,"average":0.8571428571428571,"functions_min":0.0,"functions_max":1.0,"closures_min":0.0,"closures_max":0.0},"mi":{"mi_original":42.08807464875551,"mi_sei":2.812158487468002,"mi_visual_studio":24.612909151319013},"abc":{"assignments":0.0,"branches":0.0,"conditions":0.0,"magnitude":0.0,"assignments_average":0.0,"branches_average":0.0,"conditions_average":0.0,"assignments_min":0.0,"assignments_max":0.0,"branches_min":0.0,"branches_max":0.0,"conditions_min":0.0,"conditions_max":0.0}}}