{"name":"./merged/csr_codec.cpp","start_line":1,"end_line":82,"kind":"unit","spaces":[{"name":"CSR::CBORCodec<TBSCertificateRequest>::encode","start_line":6,"end_line":26,"kind":"function","spaces":[],"metrics":{"nargs":{"total_functions":2.0,"total_closures":0.0,"average_functions":2.0,"average_closures":0.0,"total":2.0,"average":2.0,"functions_min":2.0,"functions_max":2.0,"closures_min":0.0,"closures_max":0.0},"nexits":{"sum":1.0,"average":1.0,"min":1.0,"max":1.0},"cognitive":{"sum":7.0,"average":7.0,"min":7.0,"max":7.0},"cyclomatic":{"sum":8.0,"average":8.0,"min":8.0,"max":8.0},"halstead":{"n1":16.0,"N1":82.0,"n2":26.0,"N2":56.0,"length":138.0,"estimated_program_length":186.21143267166838,"purity_ratio":1.349358207765713,"vocabulary":42.0,"volume":744.139804343469,"difficulty":17.23076923076923,"level":0.05803571428571429,"effort":12822.10124407208,"time":712.3389580040044,"bugs":0.18260733280255512},"loc":{"sloc":21.0,"ploc":15.0,"lloc":13.0,"cloc":0.0,"blank":6.0,"sloc_average":21.0,"ploc_average":15.0,"lloc_average":13.0,"cloc_average":0.0,"blank_average":6.0,"sloc_min":21.0,"sloc_max":21.0,"cloc_min":0.0,"cloc_max":0.0,"ploc_min":15.0,"ploc_max":15.0,"lloc_min":13.0,"lloc_max":13.0,"blank_min":6.0,"blank_max":6.0},"nom":{"functions":1.0,"closures":0.0,"functions_average":1.0,"closures_average":0.0,"total":1.0,"average":1.0,"functions_min":1.0,"functions_max":1.0,"closures_min":0.0,"closures_max":0.0},"mi":{"mi_original":85.45514609241073,"mi_sei":48.39942236918577,"mi_visual_studio":49.97376964468463},"abc":{"assignments":0.0,"branches":0.0,"conditions":0.0,"magnitude":0.0,"assignments_average":0.0,"branches_average":0.0,"conditions_average":0.0,"assignments_min":0.0,"assignments_max":0.0,"branches_min":0.0,"branches_max":0.0,"conditions_min":0.0,"conditions_max":0.0}}},{"name":"CSR::CBORCodec<TBSCertificateRequest>::decode","start_line":28,"end_line":50,"kind":"function","spaces":[],"metrics":{"nargs":{"total_functions":2.0,"total_closures":0.0,"average_functions":2.0,"average_closures":0.0,"total":2.0,"average":2.0,"functions_min":2.0,"functions_max":2.0,"closures_min":0.0,"closures_max":0.0},"nexits":{"sum":1.0,"average":1.0,"min":1.0,"max":1.0},"cognitive":{"sum":6.0,"average":6.0,"min":6.0,"max":6.0},"cyclomatic":{"sum":7.0,"average":7.0,"min":7.0,"max":7.0},"halstead":{"n1":15.0,"N1":82.0,"n2":26.0,"N2":56.0,"length":138.0,"estimated_program_length":180.8147916057962,"purity_ratio":1.3102521130854796,"vocabulary":41.0,"volume":739.3421766372956,"difficulty":16.153846153846153,"level":0.06190476190476191,"effort":11943.21977644862,"time":663.5122098027011,"bugs":0.17416452301966082},"loc":{"sloc":23.0,"ploc":16.0,"lloc":14.0,"cloc":0.0,"blank":7.0,"sloc_average":23.0,"ploc_average":16.0,"lloc_average":14.0,"cloc_average":0.0,"blank_average":7.0,"sloc_min":23.0,"sloc_max":23.0,"cloc_min":0.0,"cloc_max":0.0,"ploc_min":16.0,"ploc_max":16.0,"lloc_min":14.0,"lloc_max":14.0,"blank_min":7.0,"blank_max":7.0},"nom":{"functions":1.0,"closures":0.0,"functions_average":1.0,"closures_average":0.0,"total":1.0,"average":1.0,"functions_min":1.0,"functions_max":1.0,"closures_min":0.0,"closures_max":0.0},"mi":{"mi_original":84.24503733208996,"mi_sei":46.55178460233026,"mi_visual_studio":49.26610370297659},"abc":{"assignments":0.0,"branches":0.0,"conditions":0.0,"magnitude":0.0,"assignments_average":0.0,"branches_average":0.0,"conditions_average":0.0,"assignments_min":0.0,"assignments_max":0.0,"branches_min":0.0,"branches_max":0.0,"conditions_min":0.0,"conditions_max":0.0}}},{"name":"CSR::CBORCodec<C509CertificateRequest>::encode","start_line":52,"end_line":66,"kind":"function","spaces":[],"metrics":{"nargs":{"total_functions":2.0,"total_closures":0.0,"average_functions":2.0,"average_closures":0.0,"total":2.0,"average":2.0,"functions_min":2.0,"functions_max":2.0,"closures_min":0.0,"closures_max":0.0},"nexits":{"sum":1.0,"average":1.0,"min":1.0,"max":1.0},"cognitive":{"sum":4.0,"average":4.0,"min":4.0,"max":4.0},"cyclomatic":{"sum":5.0,"average":5.0,"min":5.0,"max":5.0},"halstead":{"n1":14.0,"N1":49.0,"n2":19.0,"N2":34.0,"length":83.0,"estimated_program_length":134.01359166423458,"purity_ratio":1.6146215863160793,"vocabulary":33.0,"volume":418.68471190675166,"difficulty":12.526315789473685,"level":0.07983193277310924,"effort":5244.576917568785,"time":291.3653843093769,"bugs":0.10062032554160429},"loc":{"sloc":15.0,"ploc":11.0,"lloc":9.0,"cloc":0.0,"blank":4.0,"sloc_average":15.0,"ploc_average":11.0,"lloc_average":9.0,"cloc_average":0.0,"blank_average":4.0,"sloc_min":15.0,"sloc_max":15.0,"cloc_min":0.0,"cloc_max":0.0,"ploc_min":11.0,"ploc_max":11.0,"lloc_min":9.0,"lloc_max":9.0,"blank_min":4.0,"blank_max":4.0},"nom":{"functions":1.0,"closures":0.0,"functions_average":1.0,"closures_average":0.0,"total":1.0,"average":1.0,"functions_min":1.0,"functions_max":1.0,"closures_min":0.0,"closures_max":0.0},"mi":{"mi_original":94.58657231472392,"mi_sei":61.267826118147084,"mi_visual_studio":55.313784979370716},"abc":{"assignments":0.0,"branches":0.0,"conditions":0.0,"magnitude":0.0,"assignments_average":0.0,"branches_average":0.0,"conditions_average":0.0,"assignments_min":0.0,"assignments_max":0.0,"branches_min":0.0,"branches_max":0.0,"conditions_min":0.0,"conditions_max":0.0}}},{"name":"CSR::CBORCodec<C509CertificateRequest>::decode","start_line":68,"end_line":82,"kind":"function","spaces":[],"metrics":{"nargs":{"total_functions":2.0,"total_closures":0.0,"average_functions":2.0,"average_closures":0.0,"total":2.0,"average":2.0,"functions_min":2.0,"functions_max":2.0,"closures_min":0.0,"closures_max":0.0},"nexits":{"sum":1.0,"average":1.0,"min":1.0,"max":1.0},"cognitive":{"sum":4.0,"average":4.0,"min":4.0,"max":4.0},"cyclomatic":{"sum":5.0,"average":5.0,"min":5.0,"max":5.0},"halstead":{"n1":14.0,"N1":47.0,"n2":18.0,"N2":32.0,"length":79.0,"estimated_program_length":128.36161893476807,"purity_ratio":1.624830619427444,"vocabulary":32.0,"volume":395.0,"difficulty":12.444444444444445,"level":0.08035714285714285,"effort":4915.555555555556,"time":273.08641975308643,"bugs":0.09636673639289288},"loc":{"sloc":15.0,"ploc":11.0,"lloc":9.0,"cloc":0.0,"blank":4.0,"sloc_average":15.0,"ploc_average":11.0,"lloc_average":9.0,"cloc_average":0.0,"blank_average":4.0,"sloc_min":15.0,"sloc_max":15.0,"cloc_min":0.0,"cloc_max":0.0,"ploc_min":11.0,"ploc_max":11.0,"lloc_min":9.0,"lloc_max":9.0,"blank_min":4.0,"blank_max":4.0},"nom":{"functions":1.0,"closures":0.0,"functions_average":1.0,"closures_average":0.0,"total":1.0,"average":1.0,"functions_min":1.0,"functions_max":1.0,"closures_min":0.0,"closures_max":0.0},"mi":{"mi_original":94.88938076465837,"mi_sei":61.704686367206776,"mi_visual_studio":55.49086594424465},"abc":{"assignments":0.0,"branches":0.0,"conditions":0.0,"magnitude":0.0,"assignments_average":0.0,"branches_average":0.0,"conditions_average":0.0,"assignments_min":0.0,"assignments_max":0.0,"branches_min":0.0,"branches_max":0.0,"conditions_min":0.0,"conditions_max":0.0}}}],"metrics":{"nargs":{"total_functions":8.0,"total_closures":0.0,"average_functions":2.0,"average_closures":0.0,"total":8.0,"average":2.0,"functions_min":0.0,"functions_max":2.0,"closures_min":0.0,"closures_max":0.0},"nexits":{"sum":4.0,"average":1.0,"min":0.0,"max":1.0},"cognitive":{"sum":21.0,"average":5.25,"min":0.0,"max":7.0},"cyclomatic":{"sum":26.0,"average":5.2,"min":1.0,"max":8.0},"halstead":{"n1":17.0,"N1":263.0,"n2":55.0,"N2":181.0,"length":444.0,"estimated_program_length":387.46165254511203,"purity_ratio":0.8726613796061081,"vocabulary":72.0,"volume":2739.4467006403866,"difficulty":27.972727272727273,"level":0.03574910627234319,"effort":76629.79543518608,"time":4257.2108575103375,"bugs":0.6013729037771318},"loc":{"sloc":82.0,"ploc":56.0,"lloc":45.0,"cloc":0.0,"blank":26.0,"sloc_average":16.4,"ploc_average":11.2,"lloc_average":9.0,"cloc_average":0.0,"blank_average":5.2,"sloc_min":15.0,"sloc_max":23.0,"cloc_min":0.0,"cloc_max":0.0,"ploc_min":11.0,"ploc_max":16.0,"lloc_min":9.0,"lloc_max":14.0,"blank_min":4.0,"blank_max":7.0},"nom":{"functions":4.0,"closures":0.0,"functions_average":0.8,"closures_average":0.0,"total":4.0,"average":0.8,"functions_min":0.0,"functions_max":1.0,"closures_min":0.0,"closures_max":0.0},"mi":{"mi_original":52.47048972074636,"mi_sei":2.6453796656393536,"mi_visual_studio":30.684496912717165},"abc":{"assignments":0.0,"branches":0.0,"conditions":0.0,"magnitude":0.0,"assignments_average":0.0,"branches_average":0.0,"conditions_average":0.0,"assignments_min":0.0,"assignments_max":0.0,"branches_min":0.0,"branches_max":0.0,"conditions_min":0.0,"conditions_max":0.0}}}