{"name":"./merged/ext_codec.cpp","start_line":1,"end_line":460,"kind":"unit","spaces":[{"name":"CBORCodec<Extension>::encode","start_line":5,"end_line":192,"kind":"function","spaces":[],"metrics":{"nargs":{"total_functions":2.0,"total_closures":0.0,"average_functions":2.0,"average_closures":0.0,"total":2.0,"average":2.0,"functions_min":2.0,"functions_max":2.0,"closures_min":0.0,"closures_max":0.0},"nexits":{"sum":2.0,"average":2.0,"min":2.0,"max":2.0},"cognitive":{"sum":139.0,"average":139.0,"min":139.0,"max":139.0},"cyclomatic":{"sum":57.0,"average":57.0,"min":57.0,"max":57.0},"halstead":{"n1":25.0,"N1":602.0,"n2":79.0,"N2":383.0,"length":985.0,"estimated_program_length":614.0950838503593,"purity_ratio":0.6234467856348825,"vocabulary":104.0,"volume":6599.933122368975,"difficulty":60.60126582278481,"level":0.016501305483028722,"effort":399964.3015612844,"time":22220.23897562691,"bugs":1.8095040756051333},"loc":{"sloc":188.0,"ploc":148.0,"lloc":118.0,"cloc":0.0,"blank":40.0,"sloc_average":188.0,"ploc_average":148.0,"lloc_average":118.0,"cloc_average":0.0,"blank_average":40.0,"sloc_min":188.0,"sloc_max":188.0,"cloc_min":0.0,"cloc_max":0.0,"ploc_min":148.0,"ploc_max":148.0,"lloc_min":118.0,"lloc_max":118.0,"blank_min":40.0,"blank_max":40.0},"nom":{"functions":1.0,"closures":0.0,"functions_average":1.0,"closures_average":0.0,"total":1.0,"average":1.0,"functions_min":1.0,"functions_max":1.0,"closures_min":0.0,"closures_max":0.0},"mi":{"mi_original":27.326603268213162,"mi_sei":-30.473164986567156,"mi_visual_studio":15.980469747493077},"abc":{"assignments":0.0,"branches":0.0,"conditions":0.0,"magnitude":0.0,"assignments_average":0.0,"branches_average":0.0,"conditions_average":0.0,"assignments_min":0.0,"assignments_max":0.0,"branches_min":0.0,"branches_max":0.0,"conditions_min":0.0,"conditions_max":0.0}}},{"name":"CBORCodec<Extension>::decode","start_line":194,"end_line":409,"kind":"function","spaces":[],"metrics":{"nargs":{"total_functions":2.0,"total_closures":0.0,"average_functions":2.0,"average_closures":0.0,"total":2.0,"average":2.0,"functions_min":2.0,"functions_max":2.0,"closures_min":0.0,"closures_max":0.0},"nexits":{"sum":2.0,"average":2.0,"min":2.0,"max":2.0},"cognitive":{"sum":118.0,"average":118.0,"min":118.0,"max":118.0},"cyclomatic":{"sum":52.0,"average":52.0,"min":52.0,"max":52.0},"halstead":{"n1":27.0,"N1":578.0,"n2":87.0,"N2":367.0,"length":945.0,"estimated_program_length":688.918046697253,"purity_ratio":0.7290138060288391,"vocabulary":114.0,"volume":6457.081063385681,"difficulty":56.94827586206897,"level":0.01755979412655162,"effort":367719.6336614294,"time":20428.86853674608,"bugs":1.7108947401150663},"loc":{"sloc":216.0,"ploc":160.0,"lloc":139.0,"cloc":12.0,"blank":44.0,"sloc_average":216.0,"ploc_average":160.0,"lloc_average":139.0,"cloc_average":12.0,"blank_average":44.0,"sloc_min":216.0,"sloc_max":216.0,"cloc_min":12.0,"cloc_max":12.0,"ploc_min":160.0,"ploc_max":160.0,"lloc_min":139.0,"lloc_max":139.0,"blank_min":44.0,"blank_max":44.0},"nom":{"functions":1.0,"closures":0.0,"functions_average":1.0,"closures_average":0.0,"total":1.0,"average":1.0,"functions_min":1.0,"functions_max":1.0,"closures_min":0.0,"closures_max":0.0},"mi":{"mi_original":26.341240031690788,"mi_sei":-14.549448535896175,"mi_visual_studio":15.404233936661278},"abc":{"assignments":0.0,"branches":0.0,"conditions":0.0,"magnitude":0.0,"assignments_average":0.0,"branches_average":0.0,"conditions_average":0.0,"assignments_min":0.0,"assignments_max":0.0,"branches_min":0.0,"branches_max":0.0,"conditions_min":0.0,"conditions_max":0.0}}},{"name":"CBORCodec<Extensions>::encode","start_line":412,"end_line":434,"kind":"function","spaces":[],"metrics":{"nargs":{"total_functions":2.0,"total_closures":0.0,"average_functions":2.0,"average_closures":0.0,"total":2.0,"average":2.0,"functions_min":2.0,"functions_max":2.0,"closures_min":0.0,"closures_max":0.0},"nexits":{"sum":2.0,"average":2.0,"min":2.0,"max":2.0},"cognitive":{"sum":12.0,"average":12.0,"min":12.0,"max":12.0},"cyclomatic":{"sum":8.0,"average":8.0,"min":8.0,"max":8.0},"halstead":{"n1":22.0,"N1":80.0,"n2":25.0,"N2":51.0,"length":131.0,"estimated_program_length":214.20390035438865,"purity_ratio":1.6351442775144172,"vocabulary":47.0,"volume":727.6511395697705,"difficulty":22.44,"level":0.044563279857397504,"effort":16328.491571945651,"time":907.1384206636473,"bugs":0.21454058288488065},"loc":{"sloc":23.0,"ploc":19.0,"lloc":16.0,"cloc":0.0,"blank":4.0,"sloc_average":23.0,"ploc_average":19.0,"lloc_average":16.0,"cloc_average":0.0,"blank_average":4.0,"sloc_min":23.0,"sloc_max":23.0,"cloc_min":0.0,"cloc_max":0.0,"ploc_min":19.0,"ploc_max":19.0,"lloc_min":16.0,"lloc_max":16.0,"blank_min":4.0,"blank_max":4.0},"nom":{"functions":1.0,"closures":0.0,"functions_average":1.0,"closures_average":0.0,"total":1.0,"average":1.0,"functions_min":1.0,"functions_max":1.0,"closures_min":0.0,"closures_max":0.0},"mi":{"mi_original":84.09792070878629,"mi_sei":46.441360038862186,"mi_visual_studio":49.18007058993351},"abc":{"assignments":0.0,"branches":0.0,"conditions":0.0,"magnitude":0.0,"assignments_average":0.0,"branches_average":0.0,"conditions_average":0.0,"assignments_min":0.0,"assignments_max":0.0,"branches_min":0.0,"branches_max":0.0,"conditions_min":0.0,"conditions_max":0.0}}},{"name":"CBORCodec<Extensions>::decode","start_line":436,"end_line":460,"kind":"function","spaces":[],"metrics":{"nargs":{"total_functions":2.0,"total_closures":0.0,"average_functions":2.0,"average_closures":0.0,"total":2.0,"average":2.0,"functions_min":2.0,"functions_max":2.0,"closures_min":0.0,"closures_max":0.0},"nexits":{"sum":2.0,"average":2.0,"min":2.0,"max":2.0},"cognitive":{"sum":4.0,"average":4.0,"min":4.0,"max":4.0},"cyclomatic":{"sum":5.0,"average":5.0,"min":5.0,"max":5.0},"halstead":{"n1":16.0,"N1":76.0,"n2":30.0,"N2":50.0,"length":126.0,"estimated_program_length":211.20671786825557,"purity_ratio":1.676243792605203,"vocabulary":46.0,"volume":695.9688064631837,"difficulty":13.333333333333334,"level":0.075,"effort":9279.584086175782,"time":515.5324492319879,"bugs":0.1471965912830954},"loc":{"sloc":25.0,"ploc":20.0,"lloc":14.0,"cloc":0.0,"blank":5.0,"sloc_average":25.0,"ploc_average":20.0,"lloc_average":14.0,"cloc_average":0.0,"blank_average":5.0,"sloc_min":25.0,"sloc_max":25.0,"cloc_min":0.0,"cloc_max":0.0,"ploc_min":20.0,"ploc_max":20.0,"lloc_min":14.0,"lloc_max":14.0,"blank_min":5.0,"blank_max":5.0},"nom":{"functions":1.0,"closures":0.0,"functions_average":1.0,"closures_average":0.0,"total":1.0,"average":1.0,"functions_min":1.0,"functions_max":1.0,"closures_min":0.0,"closures_max":0.0},"mi":{"mi_original":83.668626463779,"mi_sei":45.516559782294635,"mi_visual_studio":48.929021323847365},"abc":{"assignments":0.0,"branches":0.0,"conditions":0.0,"magnitude":0.0,"assignments_average":0.0,"branches_average":0.0,"conditions_average":0.0,"assignments_min":0.0,"assignments_max":0.0,"branches_min":0.0,"branches_max":0.0,"conditions_min":0.0,"conditions_max":0.0}}}],"metrics":{"nargs":{"total_functions":8.0,"total_closures":0.0,"average_functions":2.0,"average_closures":0.0,"total":8.0,"average":2.0,"functions_min":0.0,"functions_max":2.0,"closures_min":0.0,"closures_max":0.0},"nexits":{"sum":8.0,"average":2.0,"min":0.0,"max":2.0},"cognitive":{"sum":273.0,"average":68.25,"min":0.0,"max":139.0},"cyclomatic":{"sum":123.0,"average":24.6,"min":1.0,"max":57.0},"halstead":{"n1":30.0,"N1":1337.0,"n2":129.0,"N2":853.0,"length":2190.0,"estimated_program_length":1051.6550338178554,"purity_ratio":0.4802077779990207,"vocabulary":159.0,"volume":16015.21367207274,"difficulty":99.18604651162791,"level":0.010082063305978897,"effort":1588485.728171866,"time":88249.20712065922,"bugs":4.5380327256661515},"loc":{"sloc":460.0,"ploc":349.0,"lloc":287.0,"cloc":12.0,"blank":99.0,"sloc_average":92.0,"ploc_average":69.8,"lloc_average":57.4,"cloc_average":2.4,"blank_average":19.8,"sloc_min":23.0,"sloc_max":216.0,"cloc_min":0.0,"cloc_max":12.0,"ploc_min":19.0,"ploc_max":160.0,"lloc_min":14.0,"lloc_max":139.0,"blank_min":4.0,"blank_max":44.0},"nom":{"functions":4.0,"closures":0.0,"functions_average":0.8,"closures_average":0.0,"total":4.0,"average":0.8,"functions_min":0.0,"functions_max":1.0,"closures_min":0.0,"closures_max":0.0},"mi":{"mi_original":-6.958600030170416,"mi_sei":-60.83542228797094,"mi_visual_studio":0.0},"abc":{"assignments":0.0,"branches":0.0,"conditions":0.0,"magnitude":0.0,"assignments_average":0.0,"branches_average":0.0,"conditions_average":0.0,"assignments_min":0.0,"assignments_max":0.0,"branches_min":0.0,"branches_max":0.0,"conditions_min":0.0,"conditions_max":0.0}}}