{"name":"./merged/name_codec.cpp","start_line":1,"end_line":86,"kind":"unit","spaces":[{"name":"CBORCodec<Name>::encode","start_line":5,"end_line":43,"kind":"function","spaces":[],"metrics":{"nargs":{"total_functions":2.0,"total_closures":0.0,"average_functions":2.0,"average_closures":0.0,"total":2.0,"average":2.0,"functions_min":2.0,"functions_max":2.0,"closures_min":0.0,"closures_max":0.0},"nexits":{"sum":4.0,"average":4.0,"min":4.0,"max":4.0},"cognitive":{"sum":24.0,"average":24.0,"min":24.0,"max":24.0},"cyclomatic":{"sum":14.0,"average":14.0,"min":14.0,"max":14.0},"halstead":{"n1":24.0,"N1":163.0,"n2":35.0,"N2":100.0,"length":263.0,"estimated_program_length":289.56400561038157,"purity_ratio":1.1010038236136181,"vocabulary":59.0,"volume":1547.1351219821643,"difficulty":34.285714285714285,"level":0.029166666666666667,"effort":53044.6327536742,"time":2946.924041870789,"bugs":0.4705867663272868},"loc":{"sloc":39.0,"ploc":30.0,"lloc":25.0,"cloc":0.0,"blank":9.0,"sloc_average":39.0,"ploc_average":30.0,"lloc_average":25.0,"cloc_average":0.0,"blank_average":9.0,"sloc_min":39.0,"sloc_max":39.0,"cloc_min":0.0,"cloc_max":0.0,"ploc_min":30.0,"ploc_max":30.0,"lloc_min":25.0,"lloc_max":25.0,"blank_min":9.0,"blank_max":9.0},"nom":{"functions":1.0,"closures":0.0,"functions_average":1.0,"closures_average":0.0,"total":1.0,"average":1.0,"functions_min":1.0,"functions_max":1.0,"closures_min":0.0,"closures_max":0.0},"mi":{"mi_original":70.24066833801754,"mi_sei":27.06048991963401,"mi_visual_studio":41.07641423275879},"abc":{"assignments":0.0,"branches":0.0,"conditions":0.0,"magnitude":0.0,"assignments_average":0.0,"branches_average":0.0,"conditions_average":0.0,"assignments_min":0.0,"assignments_max":0.0,"branches_min":0.0,"branches_max":0.0,"conditions_min":0.0,"conditions_max":0.0}}},{"name":"CBORCodec<Name>::decode","start_line":45,"end_line":86,"kind":"function","spaces":[],"metrics":{"nargs":{"total_functions":2.0,"total_closures":0.0,"average_functions":2.0,"average_closures":0.0,"total":2.0,"average":2.0,"functions_min":2.0,"functions_max":2.0,"closures_min":0.0,"closures_max":0.0},"nexits":{"sum":3.0,"average":3.0,"min":3.0,"max":3.0},"cognitive":{"sum":13.0,"average":13.0,"min":13.0,"max":13.0},"cyclomatic":{"sum":10.0,"average":10.0,"min":10.0,"max":10.0},"halstead":{"n1":16.0,"N1":120.0,"n2":38.0,"N2":83.0,"length":203.0,"estimated_program_length":263.42124551085624,"purity_ratio":1.2976416035017548,"vocabulary":54.0,"volume":1168.242162939184,"difficulty":17.473684210526315,"level":0.057228915662650606,"effort":20413.49463662153,"time":1134.0830353678627,"bugs":0.24897571293311346},"loc":{"sloc":42.0,"ploc":31.0,"lloc":24.0,"cloc":0.0,"blank":11.0,"sloc_average":42.0,"ploc_average":31.0,"lloc_average":24.0,"cloc_average":0.0,"blank_average":11.0,"sloc_min":42.0,"sloc_max":42.0,"cloc_min":0.0,"cloc_max":0.0,"ploc_min":31.0,"ploc_max":31.0,"lloc_min":24.0,"lloc_max":24.0,"blank_min":11.0,"blank_max":11.0},"nom":{"functions":1.0,"closures":0.0,"functions_average":1.0,"closures_average":0.0,"total":1.0,"average":1.0,"functions_min":1.0,"functions_max":1.0,"closures_min":0.0,"closures_max":0.0},"mi":{"mi_original":71.4208237232653,"mi_sei":28.355814803791574,"mi_visual_studio":41.766563580856904},"abc":{"assignments":0.0,"branches":0.0,"conditions":0.0,"magnitude":0.0,"assignments_average":0.0,"branches_average":0.0,"conditions_average":0.0,"assignments_min":0.0,"assignments_max":0.0,"branches_min":0.0,"branches_max":0.0,"conditions_min":0.0,"conditions_max":0.0}}}],"metrics":{"nargs":{"total_functions":4.0,"total_closures":0.0,"average_functions":2.0,"average_closures":0.0,"total":4.0,"average":2.0,"functions_min":0.0,"functions_max":2.0,"closures_min":0.0,"closures_max":0.0},"nexits":{"sum":7.0,"average":3.5,"min":0.0,"max":4.0},"cognitive":{"sum":37.0,"average":18.5,"min":0.0,"max":24.0},"cyclomatic":{"sum":25.0,"average":8.333333333333334,"min":1.0,"max":14.0},"halstead":{"n1":25.0,"N1":284.0,"n2":60.0,"N2":185.0,"length":469.0,"estimated_program_length":470.50984048087923,"purity_ratio":1.0032192760786338,"vocabulary":85.0,"volume":3006.0043490485823,"difficulty":38.541666666666664,"level":0.025945945945945948,"effort":115856.41761958077,"time":6436.467645532265,"bugs":0.7921829221909054},"loc":{"sloc":86.0,"ploc":63.0,"lloc":49.0,"cloc":0.0,"blank":23.0,"sloc_average":28.666666666666668,"ploc_average":21.0,"lloc_average":16.333333333333332,"cloc_average":0.0,"blank_average":7.666666666666667,"sloc_min":39.0,"sloc_max":42.0,"cloc_min":0.0,"cloc_max":0.0,"ploc_min":30.0,"ploc_max":31.0,"lloc_min":24.0,"lloc_max":25.0,"blank_min":9.0,"blank_max":11.0},"nom":{"functions":2.0,"closures":0.0,"functions_average":0.6666666666666666,"closures_average":0.0,"total":2.0,"average":0.6666666666666666,"functions_min":0.0,"functions_max":1.0,"closures_min":0.0,"closures_max":0.0},"mi":{"mi_original":51.44606531176717,"mi_sei":1.0656277916350234,"mi_visual_studio":30.085418310974955},"abc":{"assignments":0.0,"branches":0.0,"conditions":0.0,"magnitude":0.0,"assignments_average":0.0,"branches_average":0.0,"conditions_average":0.0,"assignments_min":0.0,"assignments_max":0.0,"branches_min":0.0,"branches_max":0.0,"conditions_min":0.0,"conditions_max":0.0}}}