{"name":"./merged/oid_codec.cpp","start_line":1,"end_line":72,"kind":"unit","spaces":[{"name":"CBORCodec<OID>::encode_unwrapped","start_line":7,"end_line":40,"kind":"function","spaces":[],"metrics":{"nargs":{"total_functions":2.0,"total_closures":0.0,"average_functions":2.0,"average_closures":0.0,"total":2.0,"average":2.0,"functions_min":2.0,"functions_max":2.0,"closures_min":0.0,"closures_max":0.0},"nexits":{"sum":1.0,"average":1.0,"min":1.0,"max":1.0},"cognitive":{"sum":8.0,"average":8.0,"min":8.0,"max":8.0},"cyclomatic":{"sum":7.0,"average":7.0,"min":7.0,"max":7.0},"halstead":{"n1":26.0,"N1":118.0,"n2":33.0,"N2":80.0,"length":198.0,"estimated_program_length":288.67643861049737,"purity_ratio":1.4579618111641282,"vocabulary":59.0,"volume":1164.7633237736447,"difficulty":31.515151515151516,"level":0.03173076923076923,"effort":36707.692628017896,"time":2039.3162571121054,"bugs":0.36817147401724204},"loc":{"sloc":34.0,"ploc":23.0,"lloc":18.0,"cloc":5.0,"blank":8.0,"sloc_average":34.0,"ploc_average":23.0,"lloc_average":18.0,"cloc_average":5.0,"blank_average":8.0,"sloc_min":34.0,"sloc_max":34.0,"cloc_min":5.0,"cloc_max":5.0,"ploc_min":23.0,"ploc_max":23.0,"lloc_min":18.0,"lloc_max":18.0,"blank_min":8.0,"blank_max":8.0},"nom":{"functions":1.0,"closures":0.0,"functions_average":1.0,"closures_average":0.0,"total":1.0,"average":1.0,"functions_min":1.0,"functions_max":1.0,"closures_min":0.0,"closures_max":0.0},"mi":{"mi_original":75.54953891424876,"mi_sei":61.99451644535425,"mi_visual_studio":44.18101690891741},"abc":{"assignments":0.0,"branches":0.0,"conditions":0.0,"magnitude":0.0,"assignments_average":0.0,"branches_average":0.0,"conditions_average":0.0,"assignments_min":0.0,"assignments_max":0.0,"branches_min":0.0,"branches_max":0.0,"conditions_min":0.0,"conditions_max":0.0}}},{"name":"CBORCodec<OID>::decode_unwrapped","start_line":42,"end_line":72,"kind":"function","spaces":[],"metrics":{"nargs":{"total_functions":2.0,"total_closures":0.0,"average_functions":2.0,"average_closures":0.0,"total":2.0,"average":2.0,"functions_min":2.0,"functions_max":2.0,"closures_min":0.0,"closures_max":0.0},"nexits":{"sum":1.0,"average":1.0,"min":1.0,"max":1.0},"cognitive":{"sum":9.0,"average":9.0,"min":9.0,"max":9.0},"cyclomatic":{"sum":7.0,"average":7.0,"min":7.0,"max":7.0},"halstead":{"n1":25.0,"N1":98.0,"n2":29.0,"N2":71.0,"length":169.0,"estimated_program_length":256.9778536030677,"purity_ratio":1.5205790154027672,"vocabulary":54.0,"volume":972.5759878656261,"difficulty":30.603448275862068,"level":0.03267605633802817,"effort":29764.178938991143,"time":1653.565496610619,"bugs":0.3201410388017645},"loc":{"sloc":31.0,"ploc":24.0,"lloc":19.0,"cloc":2.0,"blank":6.0,"sloc_average":31.0,"ploc_average":24.0,"lloc_average":19.0,"cloc_average":2.0,"blank_average":6.0,"sloc_min":31.0,"sloc_max":31.0,"cloc_min":2.0,"cloc_max":2.0,"ploc_min":24.0,"ploc_max":24.0,"lloc_min":19.0,"lloc_max":19.0,"blank_min":6.0,"blank_max":6.0},"nom":{"functions":1.0,"closures":0.0,"functions_average":1.0,"closures_average":0.0,"total":1.0,"average":1.0,"functions_min":1.0,"functions_max":1.0,"closures_min":0.0,"closures_max":0.0},"mi":{"mi_original":77.98367660021381,"mi_sei":56.68950586766313,"mi_visual_studio":45.604489239891116},"abc":{"assignments":0.0,"branches":0.0,"conditions":0.0,"magnitude":0.0,"assignments_average":0.0,"branches_average":0.0,"conditions_average":0.0,"assignments_min":0.0,"assignments_max":0.0,"branches_min":0.0,"branches_max":0.0,"conditions_min":0.0,"conditions_max":0.0}}}],"metrics":{"nargs":{"total_functions":4.0,"total_closures":0.0,"average_functions":2.0,"average_closures":0.0,"total":4.0,"average":2.0,"functions_min":0.0,"functions_max":2.0,"closures_min":0.0,"closures_max":0.0},"nexits":{"sum":2.0,"average":1.0,"min":0.0,"max":1.0},"cognitive":{"sum":17.0,"average":8.5,"min":0.0,"max":9.0},"cyclomatic":{"sum":15.0,"average":5.0,"min":1.0,"max":7.0},"halstead":{"n1":30.0,"N1":217.0,"n2":47.0,"N2":154.0,"length":371.0,"estimated_program_length":408.2723938971045,"purity_ratio":1.100464673577101,"vocabulary":77.0,"volume":2324.9778065978085,"difficulty":49.148936170212764,"level":0.02034632034632035,"effort":114270.18581363697,"time":6348.343656313165,"bugs":0.784935614091891},"loc":{"sloc":72.0,"ploc":50.0,"lloc":37.0,"cloc":7.0,"blank":18.0,"sloc_average":24.0,"ploc_average":16.666666666666668,"lloc_average":12.333333333333334,"cloc_average":2.3333333333333335,"blank_average":6.0,"sloc_min":31.0,"sloc_max":34.0,"cloc_min":2.0,"cloc_max":5.0,"ploc_min":23.0,"ploc_max":24.0,"lloc_min":18.0,"lloc_max":19.0,"blank_min":6.0,"blank_max":8.0},"nom":{"functions":2.0,"closures":0.0,"functions_average":0.6666666666666666,"closures_average":0.0,"total":2.0,"average":0.6666666666666666,"functions_min":0.0,"functions_max":1.0,"closures_min":0.0,"closures_max":0.0},"mi":{"mi_original":57.960386855321744,"mi_sei":32.669544564675405,"mi_visual_studio":33.89496307328757},"abc":{"assignments":0.0,"branches":0.0,"conditions":0.0,"magnitude":0.0,"assignments_average":0.0,"branches_average":0.0,"conditions_average":0.0,"assignments_min":0.0,"assignments_max":0.0,"branches_min":0.0,"branches_max":0.0,"conditions_min":0.0,"conditions_max":0.0}}}