{"name":"./merged/pk_codec.cpp","start_line":1,"end_line":25,"kind":"unit","spaces":[{"name":"CBORCodec<PublicKey>::encode","start_line":5,"end_line":10,"kind":"function","spaces":[],"metrics":{"nargs":{"total_functions":2.0,"total_closures":0.0,"average_functions":2.0,"average_closures":0.0,"total":2.0,"average":2.0,"functions_min":2.0,"functions_max":2.0,"closures_min":0.0,"closures_max":0.0},"nexits":{"sum":1.0,"average":1.0,"min":1.0,"max":1.0},"cognitive":{"sum":1.0,"average":1.0,"min":1.0,"max":1.0},"cyclomatic":{"sum":2.0,"average":2.0,"min":2.0,"max":2.0},"halstead":{"n1":14.0,"N1":30.0,"n2":14.0,"N2":19.0,"length":49.0,"estimated_program_length":106.60593781761291,"purity_ratio":2.1756313840329167,"vocabulary":28.0,"volume":235.5603911808226,"difficulty":9.5,"level":0.10526315789473684,"effort":2237.8237162178148,"time":124.3235397898786,"bugs":0.057029031128169046},"loc":{"sloc":6.0,"ploc":5.0,"lloc":3.0,"cloc":0.0,"blank":1.0,"sloc_average":6.0,"ploc_average":5.0,"lloc_average":3.0,"cloc_average":0.0,"blank_average":1.0,"sloc_min":6.0,"sloc_max":6.0,"cloc_min":0.0,"cloc_max":0.0,"ploc_min":5.0,"ploc_max":5.0,"lloc_min":3.0,"lloc_max":3.0,"blank_min":1.0,"blank_max":1.0},"nom":{"functions":1.0,"closures":0.0,"functions_average":1.0,"closures_average":0.0,"total":1.0,"average":1.0,"functions_min":1.0,"functions_max":1.0,"closures_min":0.0,"closures_max":0.0},"mi":{"mi_original":113.11126654117729,"mi_sei":87.68785103442241,"mi_visual_studio":66.14693949776449},"abc":{"assignments":0.0,"branches":0.0,"conditions":0.0,"magnitude":0.0,"assignments_average":0.0,"branches_average":0.0,"conditions_average":0.0,"assignments_min":0.0,"assignments_max":0.0,"branches_min":0.0,"branches_max":0.0,"conditions_min":0.0,"conditions_max":0.0}}},{"name":"CBORCodec<PublicKey>::decode","start_line":12,"end_line":25,"kind":"function","spaces":[],"metrics":{"nargs":{"total_functions":2.0,"total_closures":0.0,"average_functions":2.0,"average_closures":0.0,"total":2.0,"average":2.0,"functions_min":2.0,"functions_max":2.0,"closures_min":0.0,"closures_max":0.0},"nexits":{"sum":1.0,"average":1.0,"min":1.0,"max":1.0},"cognitive":{"sum":3.0,"average":3.0,"min":3.0,"max":3.0},"cyclomatic":{"sum":4.0,"average":4.0,"min":4.0,"max":4.0},"halstead":{"n1":15.0,"N1":38.0,"n2":19.0,"N2":29.0,"length":67.0,"estimated_program_length":139.3139816895559,"purity_ratio":2.0793131595456105,"vocabulary":34.0,"volume":340.86001036377274,"difficulty":11.447368421052632,"level":0.08735632183908046,"effort":3901.950118637925,"time":216.77500659099582,"bugs":0.08261645466509751},"loc":{"sloc":14.0,"ploc":10.0,"lloc":8.0,"cloc":0.0,"blank":4.0,"sloc_average":14.0,"ploc_average":10.0,"lloc_average":8.0,"cloc_average":0.0,"blank_average":4.0,"sloc_min":14.0,"sloc_max":14.0,"cloc_min":0.0,"cloc_max":0.0,"ploc_min":10.0,"ploc_max":10.0,"lloc_min":8.0,"lloc_max":8.0,"blank_min":4.0,"blank_max":4.0},"nom":{"functions":1.0,"closures":0.0,"functions_average":1.0,"closures_average":0.0,"total":1.0,"average":1.0,"functions_min":1.0,"functions_max":1.0,"closures_min":0.0,"closures_max":0.0},"mi":{"mi_original":97.00361755598311,"mi_sei":64.65306544191151,"mi_visual_studio":56.7272617286451},"abc":{"assignments":0.0,"branches":0.0,"conditions":0.0,"magnitude":0.0,"assignments_average":0.0,"branches_average":0.0,"conditions_average":0.0,"assignments_min":0.0,"assignments_max":0.0,"branches_min":0.0,"branches_max":0.0,"conditions_min":0.0,"conditions_max":0.0}}}],"metrics":{"nargs":{"total_functions":4.0,"total_closures":0.0,"average_functions":2.0,"average_closures":0.0,"total":4.0,"average":2.0,"functions_min":0.0,"functions_max":2.0,"closures_min":0.0,"closures_max":0.0},"nexits":{"sum":2.0,"average":1.0,"min":0.0,"max":1.0},"cognitive":{"sum":4.0,"average":2.0,"min":0.0,"max":3.0},"cyclomatic":{"sum":7.0,"average":2.3333333333333335,"min":1.0,"max":4.0},"halstead":{"n1":15.0,"N1":69.0,"n2":28.0,"N2":50.0,"length":119.0,"estimated_program_length":193.20929675174068,"purity_ratio":1.6236075357289133,"vocabulary":43.0,"volume":645.7255058095496,"difficulty":13.392857142857142,"level":0.07466666666666667,"effort":8648.109452806468,"time":480.4505251559149,"bugs":0.14044066060476304},"loc":{"sloc":25.0,"ploc":17.0,"lloc":11.0,"cloc":0.0,"blank":8.0,"sloc_average":8.333333333333334,"ploc_average":5.666666666666667,"lloc_average":3.6666666666666665,"cloc_average":0.0,"blank_average":2.6666666666666665,"sloc_min":6.0,"sloc_max":14.0,"cloc_min":0.0,"cloc_max":0.0,"ploc_min":5.0,"ploc_max":10.0,"lloc_min":3.0,"lloc_max":8.0,"blank_min":1.0,"blank_max":4.0},"nom":{"functions":2.0,"closures":0.0,"functions_average":0.6666666666666666,"closures_average":0.0,"total":2.0,"average":0.6666666666666666,"functions_min":0.0,"functions_max":1.0,"closures_min":0.0,"closures_max":0.0},"mi":{"mi_original":83.59826423779178,"mi_sei":45.61868826660586,"mi_visual_studio":48.88787382327004},"abc":{"assignments":0.0,"branches":0.0,"conditions":0.0,"magnitude":0.0,"assignments_average":0.0,"branches_average":0.0,"conditions_average":0.0,"assignments_min":0.0,"assignments_max":0.0,"branches_min":0.0,"branches_max":0.0,"conditions_min":0.0,"conditions_max":0.0}}}