{"name":"./merged/priv_codec.cpp","start_line":1,"end_line":131,"kind":"unit","spaces":[{"name":"CBORCodec<PrivateKey>::encode","start_line":5,"end_line":10,"kind":"function","spaces":[],"metrics":{"nargs":{"total_functions":2.0,"total_closures":0.0,"average_functions":2.0,"average_closures":0.0,"total":2.0,"average":2.0,"functions_min":2.0,"functions_max":2.0,"closures_min":0.0,"closures_max":0.0},"nexits":{"sum":1.0,"average":1.0,"min":1.0,"max":1.0},"cognitive":{"sum":1.0,"average":1.0,"min":1.0,"max":1.0},"cyclomatic":{"sum":2.0,"average":2.0,"min":2.0,"max":2.0},"halstead":{"n1":14.0,"N1":30.0,"n2":14.0,"N2":19.0,"length":49.0,"estimated_program_length":106.60593781761291,"purity_ratio":2.1756313840329167,"vocabulary":28.0,"volume":235.5603911808226,"difficulty":9.5,"level":0.10526315789473684,"effort":2237.8237162178148,"time":124.3235397898786,"bugs":0.057029031128169046},"loc":{"sloc":6.0,"ploc":5.0,"lloc":3.0,"cloc":0.0,"blank":1.0,"sloc_average":6.0,"ploc_average":5.0,"lloc_average":3.0,"cloc_average":0.0,"blank_average":1.0,"sloc_min":6.0,"sloc_max":6.0,"cloc_min":0.0,"cloc_max":0.0,"ploc_min":5.0,"ploc_max":5.0,"lloc_min":3.0,"lloc_max":3.0,"blank_min":1.0,"blank_max":1.0},"nom":{"functions":1.0,"closures":0.0,"functions_average":1.0,"closures_average":0.0,"total":1.0,"average":1.0,"functions_min":1.0,"functions_max":1.0,"closures_min":0.0,"closures_max":0.0},"mi":{"mi_original":113.11126654117729,"mi_sei":87.68785103442241,"mi_visual_studio":66.14693949776449},"abc":{"assignments":0.0,"branches":0.0,"conditions":0.0,"magnitude":0.0,"assignments_average":0.0,"branches_average":0.0,"conditions_average":0.0,"assignments_min":0.0,"assignments_max":0.0,"branches_min":0.0,"branches_max":0.0,"conditions_min":0.0,"conditions_max":0.0}}},{"name":"CBORCodec<PrivateKey>::decode","start_line":12,"end_line":25,"kind":"function","spaces":[],"metrics":{"nargs":{"total_functions":2.0,"total_closures":0.0,"average_functions":2.0,"average_closures":0.0,"total":2.0,"average":2.0,"functions_min":2.0,"functions_max":2.0,"closures_min":0.0,"closures_max":0.0},"nexits":{"sum":1.0,"average":1.0,"min":1.0,"max":1.0},"cognitive":{"sum":3.0,"average":3.0,"min":3.0,"max":3.0},"cyclomatic":{"sum":4.0,"average":4.0,"min":4.0,"max":4.0},"halstead":{"n1":15.0,"N1":38.0,"n2":19.0,"N2":29.0,"length":67.0,"estimated_program_length":139.3139816895559,"purity_ratio":2.0793131595456105,"vocabulary":34.0,"volume":340.86001036377274,"difficulty":11.447368421052632,"level":0.08735632183908046,"effort":3901.950118637925,"time":216.77500659099582,"bugs":0.08261645466509751},"loc":{"sloc":14.0,"ploc":10.0,"lloc":8.0,"cloc":0.0,"blank":4.0,"sloc_average":14.0,"ploc_average":10.0,"lloc_average":8.0,"cloc_average":0.0,"blank_average":4.0,"sloc_min":14.0,"sloc_max":14.0,"cloc_min":0.0,"cloc_max":0.0,"ploc_min":10.0,"ploc_max":10.0,"lloc_min":8.0,"lloc_max":8.0,"blank_min":4.0,"blank_max":4.0},"nom":{"functions":1.0,"closures":0.0,"functions_average":1.0,"closures_average":0.0,"total":1.0,"average":1.0,"functions_min":1.0,"functions_max":1.0,"closures_min":0.0,"closures_max":0.0},"mi":{"mi_original":97.00361755598311,"mi_sei":64.65306544191151,"mi_visual_studio":56.7272617286451},"abc":{"assignments":0.0,"branches":0.0,"conditions":0.0,"magnitude":0.0,"assignments_average":0.0,"branches_average":0.0,"conditions_average":0.0,"assignments_min":0.0,"assignments_max":0.0,"branches_min":0.0,"branches_max":0.0,"conditions_min":0.0,"conditions_max":0.0}}},{"name":"CBORCodec<PrivateKeyInfo>::encode","start_line":28,"end_line":42,"kind":"function","spaces":[],"metrics":{"nargs":{"total_functions":2.0,"total_closures":0.0,"average_functions":2.0,"average_closures":0.0,"total":2.0,"average":2.0,"functions_min":2.0,"functions_max":2.0,"closures_min":0.0,"closures_max":0.0},"nexits":{"sum":1.0,"average":1.0,"min":1.0,"max":1.0},"cognitive":{"sum":4.0,"average":4.0,"min":4.0,"max":4.0},"cyclomatic":{"sum":5.0,"average":5.0,"min":5.0,"max":5.0},"halstead":{"n1":14.0,"N1":47.0,"n2":19.0,"N2":34.0,"length":81.0,"estimated_program_length":134.01359166423458,"purity_ratio":1.6544887859782047,"vocabulary":33.0,"volume":408.59592366803474,"difficulty":12.526315789473685,"level":0.07983193277310924,"effort":5118.201570157488,"time":284.344531675416,"bugs":0.0989973727264053},"loc":{"sloc":15.0,"ploc":11.0,"lloc":9.0,"cloc":0.0,"blank":4.0,"sloc_average":15.0,"ploc_average":11.0,"lloc_average":9.0,"cloc_average":0.0,"blank_average":4.0,"sloc_min":15.0,"sloc_max":15.0,"cloc_min":0.0,"cloc_max":0.0,"ploc_min":11.0,"ploc_max":11.0,"lloc_min":9.0,"lloc_max":9.0,"blank_min":4.0,"blank_max":4.0},"nom":{"functions":1.0,"closures":0.0,"functions_average":1.0,"closures_average":0.0,"total":1.0,"average":1.0,"functions_min":1.0,"functions_max":1.0,"closures_min":0.0,"closures_max":0.0},"mi":{"mi_original":94.71340787096955,"mi_sei":61.45081114615104,"mi_visual_studio":55.38795781928044},"abc":{"assignments":0.0,"branches":0.0,"conditions":0.0,"magnitude":0.0,"assignments_average":0.0,"branches_average":0.0,"conditions_average":0.0,"assignments_min":0.0,"assignments_max":0.0,"branches_min":0.0,"branches_max":0.0,"conditions_min":0.0,"conditions_max":0.0}}},{"name":"CBORCodec<PrivateKeyInfo>::decode","start_line":44,"end_line":58,"kind":"function","spaces":[],"metrics":{"nargs":{"total_functions":2.0,"total_closures":0.0,"average_functions":2.0,"average_closures":0.0,"total":2.0,"average":2.0,"functions_min":2.0,"functions_max":2.0,"closures_min":0.0,"closures_max":0.0},"nexits":{"sum":1.0,"average":1.0,"min":1.0,"max":1.0},"cognitive":{"sum":4.0,"average":4.0,"min":4.0,"max":4.0},"cyclomatic":{"sum":5.0,"average":5.0,"min":5.0,"max":5.0},"halstead":{"n1":14.0,"N1":45.0,"n2":18.0,"N2":32.0,"length":77.0,"estimated_program_length":128.36161893476807,"purity_ratio":1.667034012139845,"vocabulary":32.0,"volume":385.0,"difficulty":12.444444444444445,"level":0.08035714285714285,"effort":4791.111111111111,"time":266.17283950617286,"bugs":0.09473335258012718},"loc":{"sloc":15.0,"ploc":11.0,"lloc":9.0,"cloc":0.0,"blank":4.0,"sloc_average":15.0,"ploc_average":11.0,"lloc_average":9.0,"cloc_average":0.0,"blank_average":4.0,"sloc_min":15.0,"sloc_max":15.0,"cloc_min":0.0,"cloc_max":0.0,"ploc_min":11.0,"ploc_max":11.0,"lloc_min":9.0,"lloc_max":9.0,"blank_min":4.0,"blank_max":4.0},"nom":{"functions":1.0,"closures":0.0,"functions_average":1.0,"closures_average":0.0,"total":1.0,"average":1.0,"functions_min":1.0,"functions_max":1.0,"closures_min":0.0,"closures_max":0.0},"mi":{"mi_original":95.0227214038477,"mi_sei":61.89705624611423,"mi_visual_studio":55.56884292622672},"abc":{"assignments":0.0,"branches":0.0,"conditions":0.0,"magnitude":0.0,"assignments_average":0.0,"branches_average":0.0,"conditions_average":0.0,"assignments_min":0.0,"assignments_max":0.0,"branches_min":0.0,"branches_max":0.0,"conditions_min":0.0,"conditions_max":0.0}}},{"name":"CBORCodec<C509PrivateKey>::encode","start_line":60,"end_line":74,"kind":"function","spaces":[],"metrics":{"nargs":{"total_functions":2.0,"total_closures":0.0,"average_functions":2.0,"average_closures":0.0,"total":2.0,"average":2.0,"functions_min":2.0,"functions_max":2.0,"closures_min":0.0,"closures_max":0.0},"nexits":{"sum":1.0,"average":1.0,"min":1.0,"max":1.0},"cognitive":{"sum":4.0,"average":4.0,"min":4.0,"max":4.0},"cyclomatic":{"sum":5.0,"average":5.0,"min":5.0,"max":5.0},"halstead":{"n1":14.0,"N1":47.0,"n2":19.0,"N2":34.0,"length":81.0,"estimated_program_length":134.01359166423458,"purity_ratio":1.6544887859782047,"vocabulary":33.0,"volume":408.59592366803474,"difficulty":12.526315789473685,"level":0.07983193277310924,"effort":5118.201570157488,"time":284.344531675416,"bugs":0.0989973727264053},"loc":{"sloc":15.0,"ploc":11.0,"lloc":9.0,"cloc":0.0,"blank":4.0,"sloc_average":15.0,"ploc_average":11.0,"lloc_average":9.0,"cloc_average":0.0,"blank_average":4.0,"sloc_min":15.0,"sloc_max":15.0,"cloc_min":0.0,"cloc_max":0.0,"ploc_min":11.0,"ploc_max":11.0,"lloc_min":9.0,"lloc_max":9.0,"blank_min":4.0,"blank_max":4.0},"nom":{"functions":1.0,"closures":0.0,"functions_average":1.0,"closures_average":0.0,"total":1.0,"average":1.0,"functions_min":1.0,"functions_max":1.0,"closures_min":0.0,"closures_max":0.0},"mi":{"mi_original":94.71340787096955,"mi_sei":61.45081114615104,"mi_visual_studio":55.38795781928044},"abc":{"assignments":0.0,"branches":0.0,"conditions":0.0,"magnitude":0.0,"assignments_average":0.0,"branches_average":0.0,"conditions_average":0.0,"assignments_min":0.0,"assignments_max":0.0,"branches_min":0.0,"branches_max":0.0,"conditions_min":0.0,"conditions_max":0.0}}},{"name":"CBORCodec<C509PrivateKey>::decode","start_line":76,"end_line":90,"kind":"function","spaces":[],"metrics":{"nargs":{"total_functions":2.0,"total_closures":0.0,"average_functions":2.0,"average_closures":0.0,"total":2.0,"average":2.0,"functions_min":2.0,"functions_max":2.0,"closures_min":0.0,"closures_max":0.0},"nexits":{"sum":1.0,"average":1.0,"min":1.0,"max":1.0},"cognitive":{"sum":4.0,"average":4.0,"min":4.0,"max":4.0},"cyclomatic":{"sum":5.0,"average":5.0,"min":5.0,"max":5.0},"halstead":{"n1":14.0,"N1":45.0,"n2":18.0,"N2":32.0,"length":77.0,"estimated_program_length":128.36161893476807,"purity_ratio":1.667034012139845,"vocabulary":32.0,"volume":385.0,"difficulty":12.444444444444445,"level":0.08035714285714285,"effort":4791.111111111111,"time":266.17283950617286,"bugs":0.09473335258012718},"loc":{"sloc":15.0,"ploc":11.0,"lloc":9.0,"cloc":0.0,"blank":4.0,"sloc_average":15.0,"ploc_average":11.0,"lloc_average":9.0,"cloc_average":0.0,"blank_average":4.0,"sloc_min":15.0,"sloc_max":15.0,"cloc_min":0.0,"cloc_max":0.0,"ploc_min":11.0,"ploc_max":11.0,"lloc_min":9.0,"lloc_max":9.0,"blank_min":4.0,"blank_max":4.0},"nom":{"functions":1.0,"closures":0.0,"functions_average":1.0,"closures_average":0.0,"total":1.0,"average":1.0,"functions_min":1.0,"functions_max":1.0,"closures_min":0.0,"closures_max":0.0},"mi":{"mi_original":95.0227214038477,"mi_sei":61.89705624611423,"mi_visual_studio":55.56884292622672},"abc":{"assignments":0.0,"branches":0.0,"conditions":0.0,"magnitude":0.0,"assignments_average":0.0,"branches_average":0.0,"conditions_average":0.0,"assignments_min":0.0,"assignments_max":0.0,"branches_min":0.0,"branches_max":0.0,"conditions_min":0.0,"conditions_max":0.0}}},{"name":"CBORCodec<C509PEM>::encode","start_line":92,"end_line":111,"kind":"function","spaces":[],"metrics":{"nargs":{"total_functions":2.0,"total_closures":0.0,"average_functions":2.0,"average_closures":0.0,"total":2.0,"average":2.0,"functions_min":2.0,"functions_max":2.0,"closures_min":0.0,"closures_max":0.0},"nexits":{"sum":1.0,"average":1.0,"min":1.0,"max":1.0},"cognitive":{"sum":9.0,"average":9.0,"min":9.0,"max":9.0},"cyclomatic":{"sum":7.0,"average":7.0,"min":7.0,"max":7.0},"halstead":{"n1":15.0,"N1":63.0,"n2":24.0,"N2":43.0,"length":106.0,"estimated_program_length":168.64245895143551,"purity_ratio":1.5909665938814672,"vocabulary":39.0,"volume":560.2526351993984,"difficulty":13.4375,"level":0.07441860465116279,"effort":7528.394785491915,"time":418.24415474955083,"bugs":0.12804039406646178},"loc":{"sloc":20.0,"ploc":16.0,"lloc":12.0,"cloc":0.0,"blank":4.0,"sloc_average":20.0,"ploc_average":16.0,"lloc_average":12.0,"cloc_average":0.0,"blank_average":4.0,"sloc_min":20.0,"sloc_max":20.0,"cloc_min":0.0,"cloc_max":0.0,"ploc_min":16.0,"ploc_max":16.0,"lloc_min":12.0,"lloc_max":12.0,"blank_min":4.0,"blank_max":4.0},"nom":{"functions":1.0,"closures":0.0,"functions_average":1.0,"closures_average":0.0,"total":1.0,"average":1.0,"functions_min":1.0,"functions_max":1.0,"closures_min":0.0,"closures_max":0.0},"mi":{"mi_original":87.95152052375188,"mi_sei":51.899109522079215,"mi_visual_studio":51.433637733188235},"abc":{"assignments":0.0,"branches":0.0,"conditions":0.0,"magnitude":0.0,"assignments_average":0.0,"branches_average":0.0,"conditions_average":0.0,"assignments_min":0.0,"assignments_max":0.0,"branches_min":0.0,"branches_max":0.0,"conditions_min":0.0,"conditions_max":0.0}}},{"name":"CBORCodec<C509PEM>::decode","start_line":113,"end_line":131,"kind":"function","spaces":[],"metrics":{"nargs":{"total_functions":2.0,"total_closures":0.0,"average_functions":2.0,"average_closures":0.0,"total":2.0,"average":2.0,"functions_min":2.0,"functions_max":2.0,"closures_min":0.0,"closures_max":0.0},"nexits":{"sum":1.0,"average":1.0,"min":1.0,"max":1.0},"cognitive":{"sum":7.0,"average":7.0,"min":7.0,"max":7.0},"cyclomatic":{"sum":6.0,"average":6.0,"min":6.0,"max":6.0},"halstead":{"n1":15.0,"N1":58.0,"n2":23.0,"N2":39.0,"length":97.0,"estimated_program_length":162.64528392343908,"purity_ratio":1.6767555043653513,"vocabulary":38.0,"volume":509.04896880402777,"difficulty":12.717391304347826,"level":0.07863247863247863,"effort":6473.774929355571,"time":359.65416274197617,"bugs":0.11578451377816659},"loc":{"sloc":19.0,"ploc":14.0,"lloc":11.0,"cloc":0.0,"blank":5.0,"sloc_average":19.0,"ploc_average":14.0,"lloc_average":11.0,"cloc_average":0.0,"blank_average":5.0,"sloc_min":19.0,"sloc_max":19.0,"cloc_min":0.0,"cloc_max":0.0,"ploc_min":14.0,"ploc_max":14.0,"lloc_min":11.0,"lloc_max":11.0,"blank_min":5.0,"blank_max":5.0},"nom":{"functions":1.0,"closures":0.0,"functions_average":1.0,"closures_average":0.0,"total":1.0,"average":1.0,"functions_min":1.0,"functions_max":1.0,"closures_min":0.0,"closures_max":0.0},"mi":{"mi_original":89.51085860481443,"mi_sei":54.046938979293,"mi_visual_studio":52.3455313478447},"abc":{"assignments":0.0,"branches":0.0,"conditions":0.0,"magnitude":0.0,"assignments_average":0.0,"branches_average":0.0,"conditions_average":0.0,"assignments_min":0.0,"assignments_max":0.0,"branches_min":0.0,"branches_max":0.0,"conditions_min":0.0,"conditions_max":0.0}}}],"metrics":{"nargs":{"total_functions":16.0,"total_closures":0.0,"average_functions":2.0,"average_closures":0.0,"total":16.0,"average":2.0,"functions_min":0.0,"functions_max":2.0,"closures_min":0.0,"closures_max":0.0},"nexits":{"sum":8.0,"average":1.0,"min":0.0,"max":1.0},"cognitive":{"sum":36.0,"average":4.5,"min":0.0,"max":9.0},"cyclomatic":{"sum":40.0,"average":4.444444444444445,"min":1.0,"max":7.0},"halstead":{"n1":16.0,"N1":374.0,"n2":74.0,"N2":264.0,"length":638.0,"estimated_program_length":523.4995490565423,"purity_ratio":0.820532208552574,"vocabulary":90.0,"volume":4141.802275458333,"difficulty":28.54054054054054,"level":0.03503787878787879,"effort":118209.2757536216,"time":6567.181986312311,"bugs":0.8028722539468388},"loc":{"sloc":131.0,"ploc":91.0,"lloc":70.0,"cloc":0.0,"blank":40.0,"sloc_average":14.555555555555555,"ploc_average":10.11111111111111,"lloc_average":7.777777777777778,"cloc_average":0.0,"blank_average":4.444444444444445,"sloc_min":6.0,"sloc_max":20.0,"cloc_min":0.0,"cloc_max":0.0,"ploc_min":5.0,"ploc_max":16.0,"lloc_min":3.0,"lloc_max":12.0,"blank_min":1.0,"blank_max":5.0},"nom":{"functions":8.0,"closures":0.0,"functions_average":0.8888888888888888,"closures_average":0.0,"total":8.0,"average":0.8888888888888888,"functions_min":0.0,"functions_max":1.0,"closures_min":0.0,"closures_max":0.0},"mi":{"mi_original":39.51159458164571,"mi_sei":-14.62487605527879,"mi_visual_studio":23.106195661781115},"abc":{"assignments":0.0,"branches":0.0,"conditions":0.0,"magnitude":0.0,"assignments_average":0.0,"branches_average":0.0,"conditions_average":0.0,"assignments_min":0.0,"assignments_max":0.0,"branches_min":0.0,"branches_max":0.0,"conditions_min":0.0,"conditions_max":0.0}}}