{"name":"./merged/time_codec.cpp","start_line":1,"end_line":20,"kind":"unit","spaces":[{"name":"CBORCodec<Time>::encode_unwrapped","start_line":5,"end_line":10,"kind":"function","spaces":[],"metrics":{"nargs":{"total_functions":2.0,"total_closures":0.0,"average_functions":2.0,"average_closures":0.0,"total":2.0,"average":2.0,"functions_min":2.0,"functions_max":2.0,"closures_min":0.0,"closures_max":0.0},"nexits":{"sum":1.0,"average":1.0,"min":1.0,"max":1.0},"cognitive":{"sum":1.0,"average":1.0,"min":1.0,"max":1.0},"cyclomatic":{"sum":2.0,"average":2.0,"min":2.0,"max":2.0},"halstead":{"n1":14.0,"N1":19.0,"n2":11.0,"N2":14.0,"length":33.0,"estimated_program_length":91.35671671381672,"purity_ratio":2.7683853549641433,"vocabulary":25.0,"volume":153.24725426256592,"difficulty":8.909090909090908,"level":0.11224489795918369,"effort":1365.293719793769,"time":75.84965109965384,"bugs":0.04102319426531778},"loc":{"sloc":6.0,"ploc":5.0,"lloc":3.0,"cloc":0.0,"blank":1.0,"sloc_average":6.0,"ploc_average":5.0,"lloc_average":3.0,"cloc_average":0.0,"blank_average":1.0,"sloc_min":6.0,"sloc_max":6.0,"cloc_min":0.0,"cloc_max":0.0,"ploc_min":5.0,"ploc_max":5.0,"lloc_min":3.0,"lloc_max":3.0,"blank_min":1.0,"blank_max":1.0},"nom":{"functions":1.0,"closures":0.0,"functions_average":1.0,"closures_average":0.0,"total":1.0,"average":1.0,"functions_min":1.0,"functions_max":1.0,"closures_min":0.0,"closures_max":0.0},"mi":{"mi_original":115.34682277724247,"mi_sei":90.91307692982201,"mi_visual_studio":67.45428232587278},"abc":{"assignments":0.0,"branches":0.0,"conditions":0.0,"magnitude":0.0,"assignments_average":0.0,"branches_average":0.0,"conditions_average":0.0,"assignments_min":0.0,"assignments_max":0.0,"branches_min":0.0,"branches_max":0.0,"conditions_min":0.0,"conditions_max":0.0}}},{"name":"CBORCodec<Time>::decode_unwrapped","start_line":12,"end_line":20,"kind":"function","spaces":[],"metrics":{"nargs":{"total_functions":2.0,"total_closures":0.0,"average_functions":2.0,"average_closures":0.0,"total":2.0,"average":2.0,"functions_min":2.0,"functions_max":2.0,"closures_min":0.0,"closures_max":0.0},"nexits":{"sum":1.0,"average":1.0,"min":1.0,"max":1.0},"cognitive":{"sum":1.0,"average":1.0,"min":1.0,"max":1.0},"cyclomatic":{"sum":2.0,"average":2.0,"min":2.0,"max":2.0},"halstead":{"n1":15.0,"N1":24.0,"n2":11.0,"N2":17.0,"length":41.0,"estimated_program_length":96.65710673913804,"purity_ratio":2.3574904082716595,"vocabulary":26.0,"volume":192.71802844378476,"difficulty":11.590909090909092,"level":0.08627450980392157,"effort":2233.7771478711416,"time":124.09873043728564,"bugs":0.05696026149400339},"loc":{"sloc":9.0,"ploc":7.0,"lloc":5.0,"cloc":0.0,"blank":2.0,"sloc_average":9.0,"ploc_average":7.0,"lloc_average":5.0,"cloc_average":0.0,"blank_average":2.0,"sloc_min":9.0,"sloc_max":9.0,"cloc_min":0.0,"cloc_max":0.0,"ploc_min":7.0,"ploc_max":7.0,"lloc_min":5.0,"lloc_max":5.0,"blank_min":2.0,"blank_max":2.0},"nom":{"functions":1.0,"closures":0.0,"functions_average":1.0,"closures_average":0.0,"total":1.0,"average":1.0,"functions_min":1.0,"functions_max":1.0,"closures_min":0.0,"closures_max":0.0},"mi":{"mi_original":107.586575581057,"mi_sei":79.71740678381279,"mi_visual_studio":62.91612607079357},"abc":{"assignments":0.0,"branches":0.0,"conditions":0.0,"magnitude":0.0,"assignments_average":0.0,"branches_average":0.0,"conditions_average":0.0,"assignments_min":0.0,"assignments_max":0.0,"branches_min":0.0,"branches_max":0.0,"conditions_min":0.0,"conditions_max":0.0}}}],"metrics":{"nargs":{"total_functions":4.0,"total_closures":0.0,"average_functions":2.0,"average_closures":0.0,"total":4.0,"average":2.0,"functions_min":0.0,"functions_max":2.0,"closures_min":0.0,"closures_max":0.0},"nexits":{"sum":2.0,"average":1.0,"min":0.0,"max":1.0},"cognitive":{"sum":2.0,"average":1.0,"min":0.0,"max":1.0},"cyclomatic":{"sum":5.0,"average":1.6666666666666667,"min":1.0,"max":2.0},"halstead":{"n1":15.0,"N1":44.0,"n2":17.0,"N2":33.0,"length":77.0,"estimated_program_length":128.09022723538357,"purity_ratio":1.663509444615371,"vocabulary":32.0,"volume":385.0,"difficulty":14.558823529411764,"level":0.06868686868686869,"effort":5605.14705882353,"time":311.39705882352945,"bugs":0.10518086857977048},"loc":{"sloc":20.0,"ploc":14.0,"lloc":8.0,"cloc":0.0,"blank":6.0,"sloc_average":6.666666666666667,"ploc_average":4.666666666666667,"lloc_average":2.6666666666666665,"cloc_average":0.0,"blank_average":2.0,"sloc_min":6.0,"sloc_max":9.0,"cloc_min":0.0,"cloc_max":0.0,"ploc_min":5.0,"ploc_max":7.0,"lloc_min":3.0,"lloc_max":5.0,"blank_min":1.0,"blank_max":2.0},"nom":{"functions":2.0,"closures":0.0,"functions_average":0.6666666666666666,"closures_average":0.0,"total":2.0,"average":0.6666666666666666,"functions_min":0.0,"functions_max":1.0,"closures_min":0.0,"closures_max":0.0},"mi":{"mi_original":90.36227183012885,"mi_sei":55.17344875779696,"mi_visual_studio":52.8434338187888},"abc":{"assignments":0.0,"branches":0.0,"conditions":0.0,"magnitude":0.0,"assignments_average":0.0,"branches_average":0.0,"conditions_average":0.0,"assignments_min":0.0,"assignments_max":0.0,"branches_min":0.0,"branches_max":0.0,"conditions_min":0.0,"conditions_max":0.0}}}