{"name":"./src/PKIX1Implicit-2009Enc.c","start_line":1,"end_line":1327,"kind":"unit","spaces":[{"name":"asn1E_KeyIdentifier","start_line":11,"end_line":22,"kind":"function","spaces":[],"metrics":{"nargs":{"total_functions":3.0,"total_closures":0.0,"average_functions":3.0,"average_closures":0.0,"total":3.0,"average":3.0,"functions_min":3.0,"functions_max":3.0,"closures_min":0.0,"closures_max":0.0},"nexits":{"sum":2.0,"average":2.0,"min":2.0,"max":2.0},"cognitive":{"sum":1.0,"average":1.0,"min":1.0,"max":1.0},"cyclomatic":{"sum":2.0,"average":2.0,"min":2.0,"max":2.0},"halstead":{"n1":12.0,"N1":31.0,"n2":16.0,"N2":28.0,"length":59.0,"estimated_program_length":107.01955000865388,"purity_ratio":1.8138906781127777,"vocabulary":28.0,"volume":283.6339404013986,"difficulty":10.5,"level":0.09523809523809523,"effort":2978.1563742146855,"time":165.45313190081586,"bugs":0.0689991504669938},"loc":{"sloc":12.0,"ploc":10.0,"lloc":7.0,"cloc":0.0,"blank":2.0,"sloc_average":12.0,"ploc_average":10.0,"lloc_average":7.0,"cloc_average":0.0,"blank_average":2.0,"sloc_min":12.0,"sloc_max":12.0,"cloc_min":0.0,"cloc_max":0.0,"ploc_min":10.0,"ploc_max":10.0,"lloc_min":7.0,"lloc_max":7.0,"blank_min":2.0,"blank_max":2.0},"nom":{"functions":1.0,"closures":0.0,"functions_average":1.0,"closures_average":0.0,"total":1.0,"average":1.0,"functions_min":1.0,"functions_max":1.0,"closures_min":0.0,"closures_max":0.0},"mi":{"mi_original":100.9165530579717,"mi_sei":70.09459836713994,"mi_visual_studio":59.01552810407702},"abc":{"assignments":0.0,"branches":0.0,"conditions":0.0,"magnitude":0.0,"assignments_average":0.0,"branches_average":0.0,"conditions_average":0.0,"assignments_min":0.0,"assignments_max":0.0,"branches_min":0.0,"branches_max":0.0,"conditions_min":0.0,"conditions_max":0.0}}},{"name":"asn1E_KeyUsage","start_line":24,"end_line":35,"kind":"function","spaces":[],"metrics":{"nargs":{"total_functions":3.0,"total_closures":0.0,"average_functions":3.0,"average_closures":0.0,"total":3.0,"average":3.0,"functions_min":3.0,"functions_max":3.0,"closures_min":0.0,"closures_max":0.0},"nexits":{"sum":2.0,"average":2.0,"min":2.0,"max":2.0},"cognitive":{"sum":1.0,"average":1.0,"min":1.0,"max":1.0},"cyclomatic":{"sum":2.0,"average":2.0,"min":2.0,"max":2.0},"halstead":{"n1":12.0,"N1":31.0,"n2":16.0,"N2":28.0,"length":59.0,"estimated_program_length":107.01955000865388,"purity_ratio":1.8138906781127777,"vocabulary":28.0,"volume":283.6339404013986,"difficulty":10.5,"level":0.09523809523809523,"effort":2978.1563742146855,"time":165.45313190081586,"bugs":0.0689991504669938},"loc":{"sloc":12.0,"ploc":10.0,"lloc":7.0,"cloc":0.0,"blank":2.0,"sloc_average":12.0,"ploc_average":10.0,"lloc_average":7.0,"cloc_average":0.0,"blank_average":2.0,"sloc_min":12.0,"sloc_max":12.0,"cloc_min":0.0,"cloc_max":0.0,"ploc_min":10.0,"ploc_max":10.0,"lloc_min":7.0,"lloc_max":7.0,"blank_min":2.0,"blank_max":2.0},"nom":{"functions":1.0,"closures":0.0,"functions_average":1.0,"closures_average":0.0,"total":1.0,"average":1.0,"functions_min":1.0,"functions_max":1.0,"closures_min":0.0,"closures_max":0.0},"mi":{"mi_original":100.9165530579717,"mi_sei":70.09459836713994,"mi_visual_studio":59.01552810407702},"abc":{"assignments":0.0,"branches":0.0,"conditions":0.0,"magnitude":0.0,"assignments_average":0.0,"branches_average":0.0,"conditions_average":0.0,"assignments_min":0.0,"assignments_max":0.0,"branches_min":0.0,"branches_max":0.0,"conditions_min":0.0,"conditions_max":0.0}}},{"name":"asn1E_CertPolicyId","start_line":37,"end_line":48,"kind":"function","spaces":[],"metrics":{"nargs":{"total_functions":3.0,"total_closures":0.0,"average_functions":3.0,"average_closures":0.0,"total":3.0,"average":3.0,"functions_min":3.0,"functions_max":3.0,"closures_min":0.0,"closures_max":0.0},"nexits":{"sum":2.0,"average":2.0,"min":2.0,"max":2.0},"cognitive":{"sum":1.0,"average":1.0,"min":1.0,"max":1.0},"cyclomatic":{"sum":2.0,"average":2.0,"min":2.0,"max":2.0},"halstead":{"n1":11.0,"N1":28.0,"n2":14.0,"N2":25.0,"length":53.0,"estimated_program_length":91.35671671381672,"purity_ratio":1.7237116361097495,"vocabulary":25.0,"volume":246.1243780580604,"difficulty":9.821428571428571,"level":0.10181818181818182,"effort":2417.2929987845214,"time":134.29405548802896,"bugs":0.06003874535171171},"loc":{"sloc":12.0,"ploc":10.0,"lloc":7.0,"cloc":0.0,"blank":2.0,"sloc_average":12.0,"ploc_average":10.0,"lloc_average":7.0,"cloc_average":0.0,"blank_average":2.0,"sloc_min":12.0,"sloc_max":12.0,"cloc_min":0.0,"cloc_max":0.0,"ploc_min":10.0,"ploc_max":10.0,"lloc_min":7.0,"lloc_max":7.0,"blank_min":2.0,"blank_max":2.0},"nom":{"functions":1.0,"closures":0.0,"functions_average":1.0,"closures_average":0.0,"total":1.0,"average":1.0,"functions_min":1.0,"functions_max":1.0,"closures_min":0.0,"closures_max":0.0},"mi":{"mi_original":101.654159821326,"mi_sei":71.15873998675734,"mi_visual_studio":59.446877088494745},"abc":{"assignments":0.0,"branches":0.0,"conditions":0.0,"magnitude":0.0,"assignments_average":0.0,"branches_average":0.0,"conditions_average":0.0,"assignments_min":0.0,"assignments_max":0.0,"branches_min":0.0,"branches_max":0.0,"conditions_min":0.0,"conditions_max":0.0}}},{"name":"asn1E_CPSuri","start_line":50,"end_line":60,"kind":"function","spaces":[],"metrics":{"nargs":{"total_functions":3.0,"total_closures":0.0,"average_functions":3.0,"average_closures":0.0,"total":3.0,"average":3.0,"functions_min":3.0,"functions_max":3.0,"closures_min":0.0,"closures_max":0.0},"nexits":{"sum":2.0,"average":2.0,"min":2.0,"max":2.0},"cognitive":{"sum":1.0,"average":1.0,"min":1.0,"max":1.0},"cyclomatic":{"sum":2.0,"average":2.0,"min":2.0,"max":2.0},"halstead":{"n1":12.0,"N1":30.0,"n2":17.0,"N2":28.0,"length":58.0,"estimated_program_length":112.50641830990963,"purity_ratio":1.9397658329294765,"vocabulary":29.0,"volume":281.76289771739914,"difficulty":9.882352941176471,"level":0.10119047619047619,"effort":2784.4804009719446,"time":154.69335560955247,"bugs":0.06597430980843738},"loc":{"sloc":11.0,"ploc":9.0,"lloc":7.0,"cloc":0.0,"blank":2.0,"sloc_average":11.0,"ploc_average":9.0,"lloc_average":7.0,"cloc_average":0.0,"blank_average":2.0,"sloc_min":11.0,"sloc_max":11.0,"cloc_min":0.0,"cloc_max":0.0,"ploc_min":9.0,"ploc_max":9.0,"lloc_min":7.0,"lloc_max":7.0,"blank_min":2.0,"blank_max":2.0},"nom":{"functions":1.0,"closures":0.0,"functions_average":1.0,"closures_average":0.0,"total":1.0,"average":1.0,"functions_min":1.0,"functions_max":1.0,"closures_min":0.0,"closures_max":0.0},"mi":{"mi_original":102.36055374965181,"mi_sei":72.17785100406705,"mi_visual_studio":59.85997295301275},"abc":{"assignments":0.0,"branches":0.0,"conditions":0.0,"magnitude":0.0,"assignments_average":0.0,"branches_average":0.0,"conditions_average":0.0,"assignments_min":0.0,"assignments_max":0.0,"branches_min":0.0,"branches_max":0.0,"conditions_min":0.0,"conditions_max":0.0}}},{"name":"asn1E_BaseDistance","start_line":62,"end_line":73,"kind":"function","spaces":[],"metrics":{"nargs":{"total_functions":3.0,"total_closures":0.0,"average_functions":3.0,"average_closures":0.0,"total":3.0,"average":3.0,"functions_min":3.0,"functions_max":3.0,"closures_min":0.0,"closures_max":0.0},"nexits":{"sum":2.0,"average":2.0,"min":2.0,"max":2.0},"cognitive":{"sum":1.0,"average":1.0,"min":1.0,"max":1.0},"cyclomatic":{"sum":2.0,"average":2.0,"min":2.0,"max":2.0},"halstead":{"n1":11.0,"N1":28.0,"n2":14.0,"N2":25.0,"length":53.0,"estimated_program_length":91.35671671381672,"purity_ratio":1.7237116361097495,"vocabulary":25.0,"volume":246.1243780580604,"difficulty":9.821428571428571,"level":0.10181818181818182,"effort":2417.2929987845214,"time":134.29405548802896,"bugs":0.06003874535171171},"loc":{"sloc":12.0,"ploc":10.0,"lloc":7.0,"cloc":0.0,"blank":2.0,"sloc_average":12.0,"ploc_average":10.0,"lloc_average":7.0,"cloc_average":0.0,"blank_average":2.0,"sloc_min":12.0,"sloc_max":12.0,"cloc_min":0.0,"cloc_max":0.0,"ploc_min":10.0,"ploc_max":10.0,"lloc_min":7.0,"lloc_max":7.0,"blank_min":2.0,"blank_max":2.0},"nom":{"functions":1.0,"closures":0.0,"functions_average":1.0,"closures_average":0.0,"total":1.0,"average":1.0,"functions_min":1.0,"functions_max":1.0,"closures_min":0.0,"closures_max":0.0},"mi":{"mi_original":101.654159821326,"mi_sei":71.15873998675734,"mi_visual_studio":59.446877088494745},"abc":{"assignments":0.0,"branches":0.0,"conditions":0.0,"magnitude":0.0,"assignments_average":0.0,"branches_average":0.0,"conditions_average":0.0,"assignments_min":0.0,"assignments_max":0.0,"branches_min":0.0,"branches_max":0.0,"conditions_min":0.0,"conditions_max":0.0}}},{"name":"asn1E_SkipCerts","start_line":75,"end_line":86,"kind":"function","spaces":[],"metrics":{"nargs":{"total_functions":3.0,"total_closures":0.0,"average_functions":3.0,"average_closures":0.0,"total":3.0,"average":3.0,"functions_min":3.0,"functions_max":3.0,"closures_min":0.0,"closures_max":0.0},"nexits":{"sum":2.0,"average":2.0,"min":2.0,"max":2.0},"cognitive":{"sum":1.0,"average":1.0,"min":1.0,"max":1.0},"cyclomatic":{"sum":2.0,"average":2.0,"min":2.0,"max":2.0},"halstead":{"n1":11.0,"N1":28.0,"n2":14.0,"N2":25.0,"length":53.0,"estimated_program_length":91.35671671381672,"purity_ratio":1.7237116361097495,"vocabulary":25.0,"volume":246.1243780580604,"difficulty":9.821428571428571,"level":0.10181818181818182,"effort":2417.2929987845214,"time":134.29405548802896,"bugs":0.06003874535171171},"loc":{"sloc":12.0,"ploc":10.0,"lloc":7.0,"cloc":0.0,"blank":2.0,"sloc_average":12.0,"ploc_average":10.0,"lloc_average":7.0,"cloc_average":0.0,"blank_average":2.0,"sloc_min":12.0,"sloc_max":12.0,"cloc_min":0.0,"cloc_max":0.0,"ploc_min":10.0,"ploc_max":10.0,"lloc_min":7.0,"lloc_max":7.0,"blank_min":2.0,"blank_max":2.0},"nom":{"functions":1.0,"closures":0.0,"functions_average":1.0,"closures_average":0.0,"total":1.0,"average":1.0,"functions_min":1.0,"functions_max":1.0,"closures_min":0.0,"closures_max":0.0},"mi":{"mi_original":101.654159821326,"mi_sei":71.15873998675734,"mi_visual_studio":59.446877088494745},"abc":{"assignments":0.0,"branches":0.0,"conditions":0.0,"magnitude":0.0,"assignments_average":0.0,"branches_average":0.0,"conditions_average":0.0,"assignments_min":0.0,"assignments_max":0.0,"branches_min":0.0,"branches_max":0.0,"conditions_min":0.0,"conditions_max":0.0}}},{"name":"asn1E_ReasonFlags","start_line":88,"end_line":99,"kind":"function","spaces":[],"metrics":{"nargs":{"total_functions":3.0,"total_closures":0.0,"average_functions":3.0,"average_closures":0.0,"total":3.0,"average":3.0,"functions_min":3.0,"functions_max":3.0,"closures_min":0.0,"closures_max":0.0},"nexits":{"sum":2.0,"average":2.0,"min":2.0,"max":2.0},"cognitive":{"sum":1.0,"average":1.0,"min":1.0,"max":1.0},"cyclomatic":{"sum":2.0,"average":2.0,"min":2.0,"max":2.0},"halstead":{"n1":12.0,"N1":31.0,"n2":16.0,"N2":28.0,"length":59.0,"estimated_program_length":107.01955000865388,"purity_ratio":1.8138906781127777,"vocabulary":28.0,"volume":283.6339404013986,"difficulty":10.5,"level":0.09523809523809523,"effort":2978.1563742146855,"time":165.45313190081586,"bugs":0.0689991504669938},"loc":{"sloc":12.0,"ploc":10.0,"lloc":7.0,"cloc":0.0,"blank":2.0,"sloc_average":12.0,"ploc_average":10.0,"lloc_average":7.0,"cloc_average":0.0,"blank_average":2.0,"sloc_min":12.0,"sloc_max":12.0,"cloc_min":0.0,"cloc_max":0.0,"ploc_min":10.0,"ploc_max":10.0,"lloc_min":7.0,"lloc_max":7.0,"blank_min":2.0,"blank_max":2.0},"nom":{"functions":1.0,"closures":0.0,"functions_average":1.0,"closures_average":0.0,"total":1.0,"average":1.0,"functions_min":1.0,"functions_max":1.0,"closures_min":0.0,"closures_max":0.0},"mi":{"mi_original":100.9165530579717,"mi_sei":70.09459836713994,"mi_visual_studio":59.01552810407702},"abc":{"assignments":0.0,"branches":0.0,"conditions":0.0,"magnitude":0.0,"assignments_average":0.0,"branches_average":0.0,"conditions_average":0.0,"assignments_min":0.0,"assignments_max":0.0,"branches_min":0.0,"branches_max":0.0,"conditions_min":0.0,"conditions_max":0.0}}},{"name":"asn1E_KeyPurposeId","start_line":101,"end_line":112,"kind":"function","spaces":[],"metrics":{"nargs":{"total_functions":3.0,"total_closures":0.0,"average_functions":3.0,"average_closures":0.0,"total":3.0,"average":3.0,"functions_min":3.0,"functions_max":3.0,"closures_min":0.0,"closures_max":0.0},"nexits":{"sum":2.0,"average":2.0,"min":2.0,"max":2.0},"cognitive":{"sum":1.0,"average":1.0,"min":1.0,"max":1.0},"cyclomatic":{"sum":2.0,"average":2.0,"min":2.0,"max":2.0},"halstead":{"n1":11.0,"N1":28.0,"n2":14.0,"N2":25.0,"length":53.0,"estimated_program_length":91.35671671381672,"purity_ratio":1.7237116361097495,"vocabulary":25.0,"volume":246.1243780580604,"difficulty":9.821428571428571,"level":0.10181818181818182,"effort":2417.2929987845214,"time":134.29405548802896,"bugs":0.06003874535171171},"loc":{"sloc":12.0,"ploc":10.0,"lloc":7.0,"cloc":0.0,"blank":2.0,"sloc_average":12.0,"ploc_average":10.0,"lloc_average":7.0,"cloc_average":0.0,"blank_average":2.0,"sloc_min":12.0,"sloc_max":12.0,"cloc_min":0.0,"cloc_max":0.0,"ploc_min":10.0,"ploc_max":10.0,"lloc_min":7.0,"lloc_max":7.0,"blank_min":2.0,"blank_max":2.0},"nom":{"functions":1.0,"closures":0.0,"functions_average":1.0,"closures_average":0.0,"total":1.0,"average":1.0,"functions_min":1.0,"functions_max":1.0,"closures_min":0.0,"closures_max":0.0},"mi":{"mi_original":101.654159821326,"mi_sei":71.15873998675734,"mi_visual_studio":59.446877088494745},"abc":{"assignments":0.0,"branches":0.0,"conditions":0.0,"magnitude":0.0,"assignments_average":0.0,"branches_average":0.0,"conditions_average":0.0,"assignments_min":0.0,"assignments_max":0.0,"branches_min":0.0,"branches_max":0.0,"conditions_min":0.0,"conditions_max":0.0}}},{"name":"asn1E_CRLNumber","start_line":114,"end_line":125,"kind":"function","spaces":[],"metrics":{"nargs":{"total_functions":3.0,"total_closures":0.0,"average_functions":3.0,"average_closures":0.0,"total":3.0,"average":3.0,"functions_min":3.0,"functions_max":3.0,"closures_min":0.0,"closures_max":0.0},"nexits":{"sum":2.0,"average":2.0,"min":2.0,"max":2.0},"cognitive":{"sum":1.0,"average":1.0,"min":1.0,"max":1.0},"cyclomatic":{"sum":2.0,"average":2.0,"min":2.0,"max":2.0},"halstead":{"n1":11.0,"N1":28.0,"n2":14.0,"N2":25.0,"length":53.0,"estimated_program_length":91.35671671381672,"purity_ratio":1.7237116361097495,"vocabulary":25.0,"volume":246.1243780580604,"difficulty":9.821428571428571,"level":0.10181818181818182,"effort":2417.2929987845214,"time":134.29405548802896,"bugs":0.06003874535171171},"loc":{"sloc":12.0,"ploc":10.0,"lloc":7.0,"cloc":0.0,"blank":2.0,"sloc_average":12.0,"ploc_average":10.0,"lloc_average":7.0,"cloc_average":0.0,"blank_average":2.0,"sloc_min":12.0,"sloc_max":12.0,"cloc_min":0.0,"cloc_max":0.0,"ploc_min":10.0,"ploc_max":10.0,"lloc_min":7.0,"lloc_max":7.0,"blank_min":2.0,"blank_max":2.0},"nom":{"functions":1.0,"closures":0.0,"functions_average":1.0,"closures_average":0.0,"total":1.0,"average":1.0,"functions_min":1.0,"functions_max":1.0,"closures_min":0.0,"closures_max":0.0},"mi":{"mi_original":101.654159821326,"mi_sei":71.15873998675734,"mi_visual_studio":59.446877088494745},"abc":{"assignments":0.0,"branches":0.0,"conditions":0.0,"magnitude":0.0,"assignments_average":0.0,"branches_average":0.0,"conditions_average":0.0,"assignments_min":0.0,"assignments_max":0.0,"branches_min":0.0,"branches_max":0.0,"conditions_min":0.0,"conditions_max":0.0}}},{"name":"asn1E_CRLReason","start_line":127,"end_line":154,"kind":"function","spaces":[],"metrics":{"nargs":{"total_functions":3.0,"total_closures":0.0,"average_functions":3.0,"average_closures":0.0,"total":3.0,"average":3.0,"functions_min":3.0,"functions_max":3.0,"closures_min":0.0,"closures_max":0.0},"nexits":{"sum":3.0,"average":3.0,"min":3.0,"max":3.0},"cognitive":{"sum":2.0,"average":2.0,"min":2.0,"max":2.0},"cyclomatic":{"sum":12.0,"average":12.0,"min":12.0,"max":12.0},"halstead":{"n1":16.0,"N1":58.0,"n2":25.0,"N2":37.0,"length":95.0,"estimated_program_length":180.0964047443681,"purity_ratio":1.8957516288880853,"vocabulary":41.0,"volume":508.967440438718,"difficulty":11.84,"level":0.08445945945945946,"effort":6026.174494794421,"time":334.78747193302337,"bugs":0.11038410667137204},"loc":{"sloc":28.0,"ploc":25.0,"lloc":21.0,"cloc":0.0,"blank":3.0,"sloc_average":28.0,"ploc_average":25.0,"lloc_average":21.0,"cloc_average":0.0,"blank_average":3.0,"sloc_min":28.0,"sloc_max":28.0,"cloc_min":0.0,"cloc_max":0.0,"ploc_min":25.0,"ploc_max":25.0,"lloc_min":21.0,"lloc_max":21.0,"blank_min":3.0,"blank_max":3.0},"nom":{"functions":1.0,"closures":0.0,"functions_average":1.0,"closures_average":0.0,"total":1.0,"average":1.0,"functions_min":1.0,"functions_max":1.0,"closures_min":0.0,"closures_max":0.0},"mi":{"mi_original":81.84988989179855,"mi_sei":43.60541656504624,"mi_visual_studio":47.86543268526231},"abc":{"assignments":0.0,"branches":0.0,"conditions":0.0,"magnitude":0.0,"assignments_average":0.0,"branches_average":0.0,"conditions_average":0.0,"assignments_min":0.0,"assignments_max":0.0,"branches_min":0.0,"branches_max":0.0,"conditions_min":0.0,"conditions_max":0.0}}},{"name":"asn1E__ext_CRLNumber_ExtnType","start_line":156,"end_line":168,"kind":"function","spaces":[],"metrics":{"nargs":{"total_functions":3.0,"total_closures":0.0,"average_functions":3.0,"average_closures":0.0,"total":3.0,"average":3.0,"functions_min":3.0,"functions_max":3.0,"closures_min":0.0,"closures_max":0.0},"nexits":{"sum":2.0,"average":2.0,"min":2.0,"max":2.0},"cognitive":{"sum":1.0,"average":1.0,"min":1.0,"max":1.0},"cyclomatic":{"sum":2.0,"average":2.0,"min":2.0,"max":2.0},"halstead":{"n1":11.0,"N1":34.0,"n2":15.0,"N2":28.0,"length":62.0,"estimated_program_length":96.65710673913804,"purity_ratio":1.5589855925667426,"vocabulary":26.0,"volume":291.4272625247477,"difficulty":10.266666666666667,"level":0.0974025974025974,"effort":2991.986561920743,"time":166.22147566226352,"bugs":0.06921260112054403},"loc":{"sloc":13.0,"ploc":11.0,"lloc":8.0,"cloc":0.0,"blank":2.0,"sloc_average":13.0,"ploc_average":11.0,"lloc_average":8.0,"cloc_average":0.0,"blank_average":2.0,"sloc_min":13.0,"sloc_max":13.0,"cloc_min":0.0,"cloc_max":0.0,"ploc_min":11.0,"ploc_max":11.0,"lloc_min":8.0,"lloc_max":8.0,"blank_min":2.0,"blank_max":2.0},"nom":{"functions":1.0,"closures":0.0,"functions_average":1.0,"closures_average":0.0,"total":1.0,"average":1.0,"functions_min":1.0,"functions_max":1.0,"closures_min":0.0,"closures_max":0.0},"mi":{"mi_original":99.47891008765478,"mi_sei":68.02051798329484,"mi_visual_studio":58.17480122085075},"abc":{"assignments":0.0,"branches":0.0,"conditions":0.0,"magnitude":0.0,"assignments_average":0.0,"branches_average":0.0,"conditions_average":0.0,"assignments_min":0.0,"assignments_max":0.0,"branches_min":0.0,"branches_max":0.0,"conditions_min":0.0,"conditions_max":0.0}}},{"name":"asn1E_GeneralName_otherName","start_line":170,"end_line":196,"kind":"function","spaces":[],"metrics":{"nargs":{"total_functions":3.0,"total_closures":0.0,"average_functions":3.0,"average_closures":0.0,"total":3.0,"average":3.0,"functions_min":3.0,"functions_max":3.0,"closures_min":0.0,"closures_max":0.0},"nexits":{"sum":3.0,"average":3.0,"min":3.0,"max":3.0},"cognitive":{"sum":3.0,"average":3.0,"min":3.0,"max":3.0},"cyclomatic":{"sum":4.0,"average":4.0,"min":4.0,"max":4.0},"halstead":{"n1":16.0,"N1":68.0,"n2":24.0,"N2":60.0,"length":128.0,"estimated_program_length":174.03910001730776,"purity_ratio":1.3596804688852169,"vocabulary":40.0,"volume":681.2067961455824,"difficulty":20.0,"level":0.05,"effort":13624.135922911648,"time":756.8964401617582,"bugs":0.19014491855696913},"loc":{"sloc":27.0,"ploc":18.0,"lloc":15.0,"cloc":2.0,"blank":7.0,"sloc_average":27.0,"ploc_average":18.0,"lloc_average":15.0,"cloc_average":2.0,"blank_average":7.0,"sloc_min":27.0,"sloc_max":27.0,"cloc_min":2.0,"cloc_max":2.0,"ploc_min":18.0,"ploc_max":18.0,"lloc_min":15.0,"lloc_max":15.0,"blank_min":7.0,"blank_max":7.0},"nom":{"functions":1.0,"closures":0.0,"functions_average":1.0,"closures_average":0.0,"total":1.0,"average":1.0,"functions_min":1.0,"functions_max":1.0,"closures_min":0.0,"closures_max":0.0},"mi":{"mi_original":82.76333995831439,"mi_sei":64.57142017691937,"mi_visual_studio":48.39961401071017},"abc":{"assignments":0.0,"branches":0.0,"conditions":0.0,"magnitude":0.0,"assignments_average":0.0,"branches_average":0.0,"conditions_average":0.0,"assignments_min":0.0,"assignments_max":0.0,"branches_min":0.0,"branches_max":0.0,"conditions_min":0.0,"conditions_max":0.0}}},{"name":"asn1E_EDIPartyName_nameAssigner","start_line":198,"end_line":278,"kind":"function","spaces":[],"metrics":{"nargs":{"total_functions":3.0,"total_closures":0.0,"average_functions":3.0,"average_closures":0.0,"total":3.0,"average":3.0,"functions_min":3.0,"functions_max":3.0,"closures_min":0.0,"closures_max":0.0},"nexits":{"sum":12.0,"average":12.0,"min":12.0,"max":12.0},"cognitive":{"sum":27.0,"average":27.0,"min":27.0,"max":27.0},"cyclomatic":{"sum":22.0,"average":22.0,"min":22.0,"max":22.0},"halstead":{"n1":25.0,"N1":244.0,"n2":48.0,"N2":179.0,"length":423.0,"estimated_program_length":384.1746047789836,"purity_ratio":0.9082141956949967,"vocabulary":73.0,"volume":2618.2957884062475,"difficulty":46.614583333333336,"level":0.021452513966480447,"effort":122050.76721997873,"time":6780.598178887707,"bugs":0.820173540487357},"loc":{"sloc":81.0,"ploc":66.0,"lloc":55.0,"cloc":0.0,"blank":15.0,"sloc_average":81.0,"ploc_average":66.0,"lloc_average":55.0,"cloc_average":0.0,"blank_average":15.0,"sloc_min":81.0,"sloc_max":81.0,"cloc_min":0.0,"cloc_max":0.0,"ploc_min":66.0,"ploc_max":66.0,"lloc_min":55.0,"lloc_max":55.0,"blank_min":15.0,"blank_max":15.0},"nom":{"functions":1.0,"closures":0.0,"functions_average":1.0,"closures_average":0.0,"total":1.0,"average":1.0,"functions_min":1.0,"functions_max":1.0,"closures_min":0.0,"closures_max":0.0},"mi":{"mi_original":53.8244732964105,"mi_sei":4.191485618077309,"mi_visual_studio":31.476300173339478},"abc":{"assignments":0.0,"branches":0.0,"conditions":0.0,"magnitude":0.0,"assignments_average":0.0,"branches_average":0.0,"conditions_average":0.0,"assignments_min":0.0,"assignments_max":0.0,"branches_min":0.0,"branches_max":0.0,"conditions_min":0.0,"conditions_max":0.0}}},{"name":"asn1E_EDIPartyName_partyName","start_line":280,"end_line":360,"kind":"function","spaces":[],"metrics":{"nargs":{"total_functions":3.0,"total_closures":0.0,"average_functions":3.0,"average_closures":0.0,"total":3.0,"average":3.0,"functions_min":3.0,"functions_max":3.0,"closures_min":0.0,"closures_max":0.0},"nexits":{"sum":12.0,"average":12.0,"min":12.0,"max":12.0},"cognitive":{"sum":27.0,"average":27.0,"min":27.0,"max":27.0},"cyclomatic":{"sum":22.0,"average":22.0,"min":22.0,"max":22.0},"halstead":{"n1":25.0,"N1":244.0,"n2":48.0,"N2":179.0,"length":423.0,"estimated_program_length":384.1746047789836,"purity_ratio":0.9082141956949967,"vocabulary":73.0,"volume":2618.2957884062475,"difficulty":46.614583333333336,"level":0.021452513966480447,"effort":122050.76721997873,"time":6780.598178887707,"bugs":0.820173540487357},"loc":{"sloc":81.0,"ploc":66.0,"lloc":55.0,"cloc":0.0,"blank":15.0,"sloc_average":81.0,"ploc_average":66.0,"lloc_average":55.0,"cloc_average":0.0,"blank_average":15.0,"sloc_min":81.0,"sloc_max":81.0,"cloc_min":0.0,"cloc_max":0.0,"ploc_min":66.0,"ploc_max":66.0,"lloc_min":55.0,"lloc_max":55.0,"blank_min":15.0,"blank_max":15.0},"nom":{"functions":1.0,"closures":0.0,"functions_average":1.0,"closures_average":0.0,"total":1.0,"average":1.0,"functions_min":1.0,"functions_max":1.0,"closures_min":0.0,"closures_max":0.0},"mi":{"mi_original":53.8244732964105,"mi_sei":4.191485618077309,"mi_visual_studio":31.476300173339478},"abc":{"assignments":0.0,"branches":0.0,"conditions":0.0,"magnitude":0.0,"assignments_average":0.0,"branches_average":0.0,"conditions_average":0.0,"assignments_min":0.0,"assignments_max":0.0,"branches_min":0.0,"branches_max":0.0,"conditions_min":0.0,"conditions_max":0.0}}},{"name":"asn1E_EDIPartyName","start_line":362,"end_line":388,"kind":"function","spaces":[],"metrics":{"nargs":{"total_functions":3.0,"total_closures":0.0,"average_functions":3.0,"average_closures":0.0,"total":3.0,"average":3.0,"functions_min":3.0,"functions_max":3.0,"closures_min":0.0,"closures_max":0.0},"nexits":{"sum":3.0,"average":3.0,"min":3.0,"max":3.0},"cognitive":{"sum":5.0,"average":5.0,"min":5.0,"max":5.0},"cyclomatic":{"sum":5.0,"average":5.0,"min":5.0,"max":5.0},"halstead":{"n1":16.0,"N1":66.0,"n2":25.0,"N2":55.0,"length":121.0,"estimated_program_length":180.0964047443681,"purity_ratio":1.4884000392096537,"vocabulary":41.0,"volume":648.2637925587882,"difficulty":17.6,"level":0.056818181818181816,"effort":11409.442749034673,"time":633.8579305019263,"bugs":0.16893580317591642},"loc":{"sloc":27.0,"ploc":19.0,"lloc":16.0,"cloc":2.0,"blank":6.0,"sloc_average":27.0,"ploc_average":19.0,"lloc_average":16.0,"cloc_average":2.0,"blank_average":6.0,"sloc_min":27.0,"sloc_max":27.0,"cloc_min":2.0,"cloc_max":2.0,"ploc_min":19.0,"ploc_max":19.0,"lloc_min":16.0,"lloc_max":16.0,"blank_min":6.0,"blank_max":6.0},"nom":{"functions":1.0,"closures":0.0,"functions_average":1.0,"closures_average":0.0,"total":1.0,"average":1.0,"functions_min":1.0,"functions_max":1.0,"closures_min":0.0,"closures_max":0.0},"mi":{"mi_original":82.79109472658646,"mi_sei":64.713281702871,"mi_visual_studio":48.41584486934881},"abc":{"assignments":0.0,"branches":0.0,"conditions":0.0,"magnitude":0.0,"assignments_average":0.0,"branches_average":0.0,"conditions_average":0.0,"assignments_min":0.0,"assignments_max":0.0,"branches_min":0.0,"branches_max":0.0,"conditions_min":0.0,"conditions_max":0.0}}},{"name":"asn1E_GeneralName","start_line":390,"end_line":469,"kind":"function","spaces":[],"metrics":{"nargs":{"total_functions":3.0,"total_closures":0.0,"average_functions":3.0,"average_closures":0.0,"total":3.0,"average":3.0,"functions_min":3.0,"functions_max":3.0,"closures_min":0.0,"closures_max":0.0},"nexits":{"sum":11.0,"average":11.0,"min":11.0,"max":11.0},"cognitive":{"sum":19.0,"average":19.0,"min":19.0,"max":19.0},"cyclomatic":{"sum":19.0,"average":19.0,"min":19.0,"max":19.0},"halstead":{"n1":20.0,"N1":272.0,"n2":53.0,"N2":217.0,"length":489.0,"estimated_program_length":390.0183459895968,"purity_ratio":0.7975835296310774,"vocabulary":73.0,"volume":3026.8242092923288,"difficulty":40.943396226415096,"level":0.024423963133640553,"effort":123928.46290876139,"time":6884.914606042299,"bugs":0.828564116108597},"loc":{"sloc":80.0,"ploc":69.0,"lloc":64.0,"cloc":0.0,"blank":11.0,"sloc_average":80.0,"ploc_average":69.0,"lloc_average":64.0,"cloc_average":0.0,"blank_average":11.0,"sloc_min":80.0,"sloc_max":80.0,"cloc_min":0.0,"cloc_max":0.0,"ploc_min":69.0,"ploc_max":69.0,"lloc_min":64.0,"lloc_max":64.0,"blank_min":11.0,"blank_max":11.0},"nom":{"functions":1.0,"closures":0.0,"functions_average":1.0,"closures_average":0.0,"total":1.0,"average":1.0,"functions_min":1.0,"functions_max":1.0,"closures_min":0.0,"closures_max":0.0},"mi":{"mi_original":53.961768506158435,"mi_sei":4.084101158105057,"mi_visual_studio":31.556589769683296},"abc":{"assignments":0.0,"branches":0.0,"conditions":0.0,"magnitude":0.0,"assignments_average":0.0,"branches_average":0.0,"conditions_average":0.0,"assignments_min":0.0,"assignments_max":0.0,"branches_min":0.0,"branches_max":0.0,"conditions_min":0.0,"conditions_max":0.0}}},{"name":"asn1E_GeneralNames","start_line":471,"end_line":496,"kind":"function","spaces":[],"metrics":{"nargs":{"total_functions":3.0,"total_closures":0.0,"average_functions":3.0,"average_closures":0.0,"total":3.0,"average":3.0,"functions_min":3.0,"functions_max":3.0,"closures_min":0.0,"closures_max":0.0},"nexits":{"sum":3.0,"average":3.0,"min":3.0,"max":3.0},"cognitive":{"sum":5.0,"average":5.0,"min":5.0,"max":5.0},"cyclomatic":{"sum":5.0,"average":5.0,"min":5.0,"max":5.0},"halstead":{"n1":21.0,"N1":65.0,"n2":26.0,"N2":52.0,"length":117.0,"estimated_program_length":214.45009855002235,"purity_ratio":1.8329068252138663,"vocabulary":47.0,"volume":649.8868956462836,"difficulty":21.0,"level":0.047619047619047616,"effort":13647.624808571956,"time":758.2013782539975,"bugs":0.19036340384396577},"loc":{"sloc":26.0,"ploc":22.0,"lloc":17.0,"cloc":0.0,"blank":4.0,"sloc_average":26.0,"ploc_average":22.0,"lloc_average":17.0,"cloc_average":0.0,"blank_average":4.0,"sloc_min":26.0,"sloc_max":26.0,"cloc_min":0.0,"cloc_max":0.0,"ploc_min":22.0,"ploc_max":22.0,"lloc_min":17.0,"lloc_max":17.0,"blank_min":4.0,"blank_max":4.0},"nom":{"functions":1.0,"closures":0.0,"functions_average":1.0,"closures_average":0.0,"total":1.0,"average":1.0,"functions_min":1.0,"functions_max":1.0,"closures_min":0.0,"closures_max":0.0},"mi":{"mi_original":83.38948471058816,"mi_sei":45.11384335926114,"mi_visual_studio":48.7657805325077},"abc":{"assignments":0.0,"branches":0.0,"conditions":0.0,"magnitude":0.0,"assignments_average":0.0,"branches_average":0.0,"conditions_average":0.0,"assignments_min":0.0,"assignments_max":0.0,"branches_min":0.0,"branches_max":0.0,"conditions_min":0.0,"conditions_max":0.0}}},{"name":"asn1E_AuthorityKeyIdentifier","start_line":498,"end_line":535,"kind":"function","spaces":[],"metrics":{"nargs":{"total_functions":3.0,"total_closures":0.0,"average_functions":3.0,"average_closures":0.0,"total":3.0,"average":3.0,"functions_min":3.0,"functions_max":3.0,"closures_min":0.0,"closures_max":0.0},"nexits":{"sum":4.0,"average":4.0,"min":4.0,"max":4.0},"cognitive":{"sum":10.0,"average":10.0,"min":10.0,"max":10.0},"cyclomatic":{"sum":8.0,"average":8.0,"min":8.0,"max":8.0},"halstead":{"n1":16.0,"N1":107.0,"n2":34.0,"N2":89.0,"length":196.0,"estimated_program_length":236.97373660251154,"purity_ratio":1.2090496765434262,"vocabulary":50.0,"volume":1106.195813195846,"difficulty":20.941176470588236,"level":0.047752808988764044,"effort":23165.04173516007,"time":1286.9467630644483,"bugs":0.2708740928789746},"loc":{"sloc":38.0,"ploc":29.0,"lloc":22.0,"cloc":3.0,"blank":6.0,"sloc_average":38.0,"ploc_average":29.0,"lloc_average":22.0,"cloc_average":3.0,"blank_average":6.0,"sloc_min":38.0,"sloc_max":38.0,"cloc_min":3.0,"cloc_max":3.0,"ploc_min":29.0,"ploc_max":29.0,"lloc_min":22.0,"lloc_max":22.0,"blank_min":6.0,"blank_max":6.0},"nom":{"functions":1.0,"closures":0.0,"functions_average":1.0,"closures_average":0.0,"total":1.0,"average":1.0,"functions_min":1.0,"functions_max":1.0,"closures_min":0.0,"closures_max":0.0},"mi":{"mi_original":73.78595670638927,"mi_sei":52.6478168274203,"mi_visual_studio":43.14968228443817},"abc":{"assignments":0.0,"branches":0.0,"conditions":0.0,"magnitude":0.0,"assignments_average":0.0,"branches_average":0.0,"conditions_average":0.0,"assignments_min":0.0,"assignments_max":0.0,"branches_min":0.0,"branches_max":0.0,"conditions_min":0.0,"conditions_max":0.0}}},{"name":"asn1E_PrivateKeyUsagePeriod","start_line":537,"end_line":566,"kind":"function","spaces":[],"metrics":{"nargs":{"total_functions":3.0,"total_closures":0.0,"average_functions":3.0,"average_closures":0.0,"total":3.0,"average":3.0,"functions_min":3.0,"functions_max":3.0,"closures_min":0.0,"closures_max":0.0},"nexits":{"sum":3.0,"average":3.0,"min":3.0,"max":3.0},"cognitive":{"sum":7.0,"average":7.0,"min":7.0,"max":7.0},"cyclomatic":{"sum":6.0,"average":6.0,"min":6.0,"max":6.0},"halstead":{"n1":15.0,"N1":85.0,"n2":30.0,"N2":74.0,"length":159.0,"estimated_program_length":205.81007680238335,"purity_ratio":1.294402998757128,"vocabulary":45.0,"volume":873.2046423164182,"difficulty":18.5,"level":0.05405405405405406,"effort":16154.285882853737,"time":897.4603268252076,"bugs":0.21301192714407577},"loc":{"sloc":30.0,"ploc":23.0,"lloc":17.0,"cloc":2.0,"blank":5.0,"sloc_average":30.0,"ploc_average":23.0,"lloc_average":17.0,"cloc_average":2.0,"blank_average":5.0,"sloc_min":30.0,"sloc_max":30.0,"cloc_min":2.0,"cloc_max":2.0,"ploc_min":23.0,"ploc_max":23.0,"lloc_min":17.0,"lloc_max":17.0,"blank_min":5.0,"blank_max":5.0},"nom":{"functions":1.0,"closures":0.0,"functions_average":1.0,"closures_average":0.0,"total":1.0,"average":1.0,"functions_min":1.0,"functions_max":1.0,"closures_min":0.0,"closures_max":0.0},"mi":{"mi_original":79.30531872333844,"mi_sei":58.79437431812559,"mi_visual_studio":46.377379370373355},"abc":{"assignments":0.0,"branches":0.0,"conditions":0.0,"magnitude":0.0,"assignments_average":0.0,"branches_average":0.0,"conditions_average":0.0,"assignments_min":0.0,"assignments_max":0.0,"branches_min":0.0,"branches_max":0.0,"conditions_min":0.0,"conditions_max":0.0}}},{"name":"asn1E_PolicyQualifierInfo","start_line":568,"end_line":593,"kind":"function","spaces":[],"metrics":{"nargs":{"total_functions":3.0,"total_closures":0.0,"average_functions":3.0,"average_closures":0.0,"total":3.0,"average":3.0,"functions_min":3.0,"functions_max":3.0,"closures_min":0.0,"closures_max":0.0},"nexits":{"sum":3.0,"average":3.0,"min":3.0,"max":3.0},"cognitive":{"sum":3.0,"average":3.0,"min":3.0,"max":3.0},"cyclomatic":{"sum":4.0,"average":4.0,"min":4.0,"max":4.0},"halstead":{"n1":16.0,"N1":63.0,"n2":25.0,"N2":55.0,"length":118.0,"estimated_program_length":180.0964047443681,"purity_ratio":1.526240718172611,"vocabulary":41.0,"volume":632.1911365449339,"difficulty":17.6,"level":0.056818181818181816,"effort":11126.564003190837,"time":618.1424446217131,"bugs":0.16613180829170773},"loc":{"sloc":26.0,"ploc":17.0,"lloc":15.0,"cloc":2.0,"blank":7.0,"sloc_average":26.0,"ploc_average":17.0,"lloc_average":15.0,"cloc_average":2.0,"blank_average":7.0,"sloc_min":26.0,"sloc_max":26.0,"cloc_min":2.0,"cloc_max":2.0,"ploc_min":17.0,"ploc_max":17.0,"lloc_min":15.0,"lloc_max":15.0,"blank_min":7.0,"blank_max":7.0},"nom":{"functions":1.0,"closures":0.0,"functions_average":1.0,"closures_average":0.0,"total":1.0,"average":1.0,"functions_min":1.0,"functions_max":1.0,"closures_min":0.0,"closures_max":0.0},"mi":{"mi_original":83.76303882979019,"mi_sei":66.37944033655515,"mi_visual_studio":48.98423323379543},"abc":{"assignments":0.0,"branches":0.0,"conditions":0.0,"magnitude":0.0,"assignments_average":0.0,"branches_average":0.0,"conditions_average":0.0,"assignments_min":0.0,"assignments_max":0.0,"branches_min":0.0,"branches_max":0.0,"conditions_min":0.0,"conditions_max":0.0}}},{"name":"asn1E_PolicyInformation_policyQualifiers","start_line":595,"end_line":620,"kind":"function","spaces":[],"metrics":{"nargs":{"total_functions":3.0,"total_closures":0.0,"average_functions":3.0,"average_closures":0.0,"total":3.0,"average":3.0,"functions_min":3.0,"functions_max":3.0,"closures_min":0.0,"closures_max":0.0},"nexits":{"sum":3.0,"average":3.0,"min":3.0,"max":3.0},"cognitive":{"sum":5.0,"average":5.0,"min":5.0,"max":5.0},"cyclomatic":{"sum":5.0,"average":5.0,"min":5.0,"max":5.0},"halstead":{"n1":21.0,"N1":65.0,"n2":26.0,"N2":52.0,"length":117.0,"estimated_program_length":214.45009855002235,"purity_ratio":1.8329068252138663,"vocabulary":47.0,"volume":649.8868956462836,"difficulty":21.0,"level":0.047619047619047616,"effort":13647.624808571956,"time":758.2013782539975,"bugs":0.19036340384396577},"loc":{"sloc":26.0,"ploc":22.0,"lloc":17.0,"cloc":0.0,"blank":4.0,"sloc_average":26.0,"ploc_average":22.0,"lloc_average":17.0,"cloc_average":0.0,"blank_average":4.0,"sloc_min":26.0,"sloc_max":26.0,"cloc_min":0.0,"cloc_max":0.0,"ploc_min":22.0,"ploc_max":22.0,"lloc_min":17.0,"lloc_max":17.0,"blank_min":4.0,"blank_max":4.0},"nom":{"functions":1.0,"closures":0.0,"functions_average":1.0,"closures_average":0.0,"total":1.0,"average":1.0,"functions_min":1.0,"functions_max":1.0,"closures_min":0.0,"closures_max":0.0},"mi":{"mi_original":83.38948471058816,"mi_sei":45.11384335926114,"mi_visual_studio":48.7657805325077},"abc":{"assignments":0.0,"branches":0.0,"conditions":0.0,"magnitude":0.0,"assignments_average":0.0,"branches_average":0.0,"conditions_average":0.0,"assignments_min":0.0,"assignments_max":0.0,"branches_min":0.0,"branches_max":0.0,"conditions_min":0.0,"conditions_max":0.0}}},{"name":"asn1E_PolicyInformation","start_line":622,"end_line":648,"kind":"function","spaces":[],"metrics":{"nargs":{"total_functions":3.0,"total_closures":0.0,"average_functions":3.0,"average_closures":0.0,"total":3.0,"average":3.0,"functions_min":3.0,"functions_max":3.0,"closures_min":0.0,"closures_max":0.0},"nexits":{"sum":3.0,"average":3.0,"min":3.0,"max":3.0},"cognitive":{"sum":5.0,"average":5.0,"min":5.0,"max":5.0},"cyclomatic":{"sum":5.0,"average":5.0,"min":5.0,"max":5.0},"halstead":{"n1":16.0,"N1":66.0,"n2":25.0,"N2":55.0,"length":121.0,"estimated_program_length":180.0964047443681,"purity_ratio":1.4884000392096537,"vocabulary":41.0,"volume":648.2637925587882,"difficulty":17.6,"level":0.056818181818181816,"effort":11409.442749034673,"time":633.8579305019263,"bugs":0.16893580317591642},"loc":{"sloc":27.0,"ploc":19.0,"lloc":16.0,"cloc":2.0,"blank":6.0,"sloc_average":27.0,"ploc_average":19.0,"lloc_average":16.0,"cloc_average":2.0,"blank_average":6.0,"sloc_min":27.0,"sloc_max":27.0,"cloc_min":2.0,"cloc_max":2.0,"ploc_min":19.0,"ploc_max":19.0,"lloc_min":16.0,"lloc_max":16.0,"blank_min":6.0,"blank_max":6.0},"nom":{"functions":1.0,"closures":0.0,"functions_average":1.0,"closures_average":0.0,"total":1.0,"average":1.0,"functions_min":1.0,"functions_max":1.0,"closures_min":0.0,"closures_max":0.0},"mi":{"mi_original":82.79109472658646,"mi_sei":64.713281702871,"mi_visual_studio":48.41584486934881},"abc":{"assignments":0.0,"branches":0.0,"conditions":0.0,"magnitude":0.0,"assignments_average":0.0,"branches_average":0.0,"conditions_average":0.0,"assignments_min":0.0,"assignments_max":0.0,"branches_min":0.0,"branches_max":0.0,"conditions_min":0.0,"conditions_max":0.0}}},{"name":"asn1E_CertificatePolicies","start_line":650,"end_line":675,"kind":"function","spaces":[],"metrics":{"nargs":{"total_functions":3.0,"total_closures":0.0,"average_functions":3.0,"average_closures":0.0,"total":3.0,"average":3.0,"functions_min":3.0,"functions_max":3.0,"closures_min":0.0,"closures_max":0.0},"nexits":{"sum":3.0,"average":3.0,"min":3.0,"max":3.0},"cognitive":{"sum":5.0,"average":5.0,"min":5.0,"max":5.0},"cyclomatic":{"sum":5.0,"average":5.0,"min":5.0,"max":5.0},"halstead":{"n1":21.0,"N1":65.0,"n2":26.0,"N2":52.0,"length":117.0,"estimated_program_length":214.45009855002235,"purity_ratio":1.8329068252138663,"vocabulary":47.0,"volume":649.8868956462836,"difficulty":21.0,"level":0.047619047619047616,"effort":13647.624808571956,"time":758.2013782539975,"bugs":0.19036340384396577},"loc":{"sloc":26.0,"ploc":22.0,"lloc":17.0,"cloc":0.0,"blank":4.0,"sloc_average":26.0,"ploc_average":22.0,"lloc_average":17.0,"cloc_average":0.0,"blank_average":4.0,"sloc_min":26.0,"sloc_max":26.0,"cloc_min":0.0,"cloc_max":0.0,"ploc_min":22.0,"ploc_max":22.0,"lloc_min":17.0,"lloc_max":17.0,"blank_min":4.0,"blank_max":4.0},"nom":{"functions":1.0,"closures":0.0,"functions_average":1.0,"closures_average":0.0,"total":1.0,"average":1.0,"functions_min":1.0,"functions_max":1.0,"closures_min":0.0,"closures_max":0.0},"mi":{"mi_original":83.38948471058816,"mi_sei":45.11384335926114,"mi_visual_studio":48.7657805325077},"abc":{"assignments":0.0,"branches":0.0,"conditions":0.0,"magnitude":0.0,"assignments_average":0.0,"branches_average":0.0,"conditions_average":0.0,"assignments_min":0.0,"assignments_max":0.0,"branches_min":0.0,"branches_max":0.0,"conditions_min":0.0,"conditions_max":0.0}}},{"name":"asn1E_DisplayText","start_line":677,"end_line":742,"kind":"function","spaces":[],"metrics":{"nargs":{"total_functions":3.0,"total_closures":0.0,"average_functions":3.0,"average_closures":0.0,"total":3.0,"average":3.0,"functions_min":3.0,"functions_max":3.0,"closures_min":0.0,"closures_max":0.0},"nexits":{"sum":10.0,"average":10.0,"min":10.0,"max":10.0},"cognitive":{"sum":21.0,"average":21.0,"min":21.0,"max":21.0},"cyclomatic":{"sum":17.0,"average":17.0,"min":17.0,"max":17.0},"halstead":{"n1":24.0,"N1":193.0,"n2":41.0,"N2":141.0,"length":334.0,"estimated_program_length":329.6987322066492,"purity_ratio":0.9871219527145185,"vocabulary":65.0,"volume":2011.4708495515038,"difficulty":41.26829268292683,"level":0.024231678486997636,"effort":83009.96774246694,"time":4611.664874581496,"bugs":0.6343061302807119},"loc":{"sloc":66.0,"ploc":54.0,"lloc":45.0,"cloc":0.0,"blank":12.0,"sloc_average":66.0,"ploc_average":54.0,"lloc_average":45.0,"cloc_average":0.0,"blank_average":12.0,"sloc_min":66.0,"sloc_max":66.0,"cloc_min":0.0,"cloc_max":0.0,"ploc_min":54.0,"ploc_max":54.0,"lloc_min":45.0,"lloc_max":45.0,"blank_min":12.0,"blank_max":12.0},"nom":{"functions":1.0,"closures":0.0,"functions_average":1.0,"closures_average":0.0,"total":1.0,"average":1.0,"functions_min":1.0,"functions_max":1.0,"closures_min":0.0,"closures_max":0.0},"mi":{"mi_original":59.66316138234917,"mi_sei":12.10583266793617,"mi_visual_studio":34.89073765049659},"abc":{"assignments":0.0,"branches":0.0,"conditions":0.0,"magnitude":0.0,"assignments_average":0.0,"branches_average":0.0,"conditions_average":0.0,"assignments_min":0.0,"assignments_max":0.0,"branches_min":0.0,"branches_max":0.0,"conditions_min":0.0,"conditions_max":0.0}}},{"name":"asn1E_NoticeReference_noticeNumbers","start_line":744,"end_line":765,"kind":"function","spaces":[],"metrics":{"nargs":{"total_functions":3.0,"total_closures":0.0,"average_functions":3.0,"average_closures":0.0,"total":3.0,"average":3.0,"functions_min":3.0,"functions_max":3.0,"closures_min":0.0,"closures_max":0.0},"nexits":{"sum":2.0,"average":2.0,"min":2.0,"max":2.0},"cognitive":{"sum":4.0,"average":4.0,"min":4.0,"max":4.0},"cyclomatic":{"sum":4.0,"average":4.0,"min":4.0,"max":4.0},"halstead":{"n1":19.0,"N1":56.0,"n2":24.0,"N2":48.0,"length":104.0,"estimated_program_length":190.74972277273588,"purity_ratio":1.834131949737845,"vocabulary":43.0,"volume":564.3315344890182,"difficulty":19.0,"level":0.05263157894736842,"effort":10722.299155291345,"time":595.6832864050747,"bugs":0.1620829597501607},"loc":{"sloc":22.0,"ploc":19.0,"lloc":15.0,"cloc":0.0,"blank":3.0,"sloc_average":22.0,"ploc_average":19.0,"lloc_average":15.0,"cloc_average":0.0,"blank_average":3.0,"sloc_min":22.0,"sloc_max":22.0,"cloc_min":0.0,"cloc_max":0.0,"ploc_min":19.0,"ploc_max":19.0,"lloc_min":15.0,"lloc_max":15.0,"blank_min":3.0,"blank_max":3.0},"nom":{"functions":1.0,"closures":0.0,"functions_average":1.0,"closures_average":0.0,"total":1.0,"average":1.0,"functions_min":1.0,"functions_max":1.0,"closures_min":0.0,"closures_max":0.0},"mi":{"mi_original":87.05977434489674,"mi_sei":50.307132153899815,"mi_visual_studio":50.9121487397057},"abc":{"assignments":0.0,"branches":0.0,"conditions":0.0,"magnitude":0.0,"assignments_average":0.0,"branches_average":0.0,"conditions_average":0.0,"assignments_min":0.0,"assignments_max":0.0,"branches_min":0.0,"branches_max":0.0,"conditions_min":0.0,"conditions_max":0.0}}},{"name":"asn1E_NoticeReference","start_line":767,"end_line":792,"kind":"function","spaces":[],"metrics":{"nargs":{"total_functions":3.0,"total_closures":0.0,"average_functions":3.0,"average_closures":0.0,"total":3.0,"average":3.0,"functions_min":3.0,"functions_max":3.0,"closures_min":0.0,"closures_max":0.0},"nexits":{"sum":3.0,"average":3.0,"min":3.0,"max":3.0},"cognitive":{"sum":3.0,"average":3.0,"min":3.0,"max":3.0},"cyclomatic":{"sum":4.0,"average":4.0,"min":4.0,"max":4.0},"halstead":{"n1":15.0,"N1":61.0,"n2":23.0,"N2":52.0,"length":113.0,"estimated_program_length":162.64528392343908,"purity_ratio":1.4393387957826467,"vocabulary":38.0,"volume":593.0158090191251,"difficulty":16.956521739130434,"level":0.05897435897435898,"effort":10055.485457280816,"time":558.6380809600454,"bugs":0.15529141245744152},"loc":{"sloc":26.0,"ploc":17.0,"lloc":15.0,"cloc":2.0,"blank":7.0,"sloc_average":26.0,"ploc_average":17.0,"lloc_average":15.0,"cloc_average":2.0,"blank_average":7.0,"sloc_min":26.0,"sloc_max":26.0,"cloc_min":2.0,"cloc_max":2.0,"ploc_min":17.0,"ploc_max":17.0,"lloc_min":15.0,"lloc_max":15.0,"blank_min":7.0,"blank_max":7.0},"nom":{"functions":1.0,"closures":0.0,"functions_average":1.0,"closures_average":0.0,"total":1.0,"average":1.0,"functions_min":1.0,"functions_max":1.0,"closures_min":0.0,"closures_max":0.0},"mi":{"mi_original":84.09568658227616,"mi_sei":66.85934959942952,"mi_visual_studio":49.17876408320243},"abc":{"assignments":0.0,"branches":0.0,"conditions":0.0,"magnitude":0.0,"assignments_average":0.0,"branches_average":0.0,"conditions_average":0.0,"assignments_min":0.0,"assignments_max":0.0,"branches_min":0.0,"branches_max":0.0,"conditions_min":0.0,"conditions_max":0.0}}},{"name":"asn1E_UserNotice","start_line":794,"end_line":821,"kind":"function","spaces":[],"metrics":{"nargs":{"total_functions":3.0,"total_closures":0.0,"average_functions":3.0,"average_closures":0.0,"total":3.0,"average":3.0,"functions_min":3.0,"functions_max":3.0,"closures_min":0.0,"closures_max":0.0},"nexits":{"sum":3.0,"average":3.0,"min":3.0,"max":3.0},"cognitive":{"sum":7.0,"average":7.0,"min":7.0,"max":7.0},"cyclomatic":{"sum":6.0,"average":6.0,"min":6.0,"max":6.0},"halstead":{"n1":16.0,"N1":71.0,"n2":26.0,"N2":58.0,"length":129.0,"estimated_program_length":186.21143267166838,"purity_ratio":1.4434994780749486,"vocabulary":42.0,"volume":695.6089475384601,"difficulty":17.846153846153847,"level":0.05603448275862069,"effort":12413.944294532519,"time":689.6635719184733,"bugs":0.17871126958277347},"loc":{"sloc":28.0,"ploc":21.0,"lloc":17.0,"cloc":2.0,"blank":5.0,"sloc_average":28.0,"ploc_average":21.0,"lloc_average":17.0,"cloc_average":2.0,"blank_average":5.0,"sloc_min":28.0,"sloc_max":28.0,"cloc_min":2.0,"cloc_max":2.0,"ploc_min":21.0,"ploc_max":21.0,"lloc_min":17.0,"lloc_max":17.0,"blank_min":5.0,"blank_max":5.0},"nom":{"functions":1.0,"closures":0.0,"functions_average":1.0,"closures_average":0.0,"total":1.0,"average":1.0,"functions_min":1.0,"functions_max":1.0,"closures_min":0.0,"closures_max":0.0},"mi":{"mi_original":81.60539117882864,"mi_sei":62.7572915682983,"mi_visual_studio":47.72245098177113},"abc":{"assignments":0.0,"branches":0.0,"conditions":0.0,"magnitude":0.0,"assignments_average":0.0,"branches_average":0.0,"conditions_average":0.0,"assignments_min":0.0,"assignments_max":0.0,"branches_min":0.0,"branches_max":0.0,"conditions_min":0.0,"conditions_max":0.0}}},{"name":"asn1E_PolicyMappings_element","start_line":823,"end_line":848,"kind":"function","spaces":[],"metrics":{"nargs":{"total_functions":3.0,"total_closures":0.0,"average_functions":3.0,"average_closures":0.0,"total":3.0,"average":3.0,"functions_min":3.0,"functions_max":3.0,"closures_min":0.0,"closures_max":0.0},"nexits":{"sum":3.0,"average":3.0,"min":3.0,"max":3.0},"cognitive":{"sum":3.0,"average":3.0,"min":3.0,"max":3.0},"cyclomatic":{"sum":4.0,"average":4.0,"min":4.0,"max":4.0},"halstead":{"n1":15.0,"N1":61.0,"n2":22.0,"N2":52.0,"length":113.0,"estimated_program_length":156.71085454414833,"purity_ratio":1.3868217216296312,"vocabulary":37.0,"volume":588.6682303160713,"difficulty":17.727272727272727,"level":0.05641025641025641,"effort":10435.482264693992,"time":579.7490147052217,"bugs":0.15917948483545608},"loc":{"sloc":26.0,"ploc":17.0,"lloc":15.0,"cloc":2.0,"blank":7.0,"sloc_average":26.0,"ploc_average":17.0,"lloc_average":15.0,"cloc_average":2.0,"blank_average":7.0,"sloc_min":26.0,"sloc_max":26.0,"cloc_min":2.0,"cloc_max":2.0,"ploc_min":17.0,"ploc_max":17.0,"lloc_min":15.0,"lloc_max":15.0,"blank_min":7.0,"blank_max":7.0},"nom":{"functions":1.0,"closures":0.0,"functions_average":1.0,"closures_average":0.0,"total":1.0,"average":1.0,"functions_min":1.0,"functions_max":1.0,"closures_min":0.0,"closures_max":0.0},"mi":{"mi_original":84.13394979056065,"mi_sei":66.91455174027006,"mi_visual_studio":49.201140228398046},"abc":{"assignments":0.0,"branches":0.0,"conditions":0.0,"magnitude":0.0,"assignments_average":0.0,"branches_average":0.0,"conditions_average":0.0,"assignments_min":0.0,"assignments_max":0.0,"branches_min":0.0,"branches_max":0.0,"conditions_min":0.0,"conditions_max":0.0}}},{"name":"asn1E_PolicyMappings","start_line":850,"end_line":875,"kind":"function","spaces":[],"metrics":{"nargs":{"total_functions":3.0,"total_closures":0.0,"average_functions":3.0,"average_closures":0.0,"total":3.0,"average":3.0,"functions_min":3.0,"functions_max":3.0,"closures_min":0.0,"closures_max":0.0},"nexits":{"sum":3.0,"average":3.0,"min":3.0,"max":3.0},"cognitive":{"sum":5.0,"average":5.0,"min":5.0,"max":5.0},"cyclomatic":{"sum":5.0,"average":5.0,"min":5.0,"max":5.0},"halstead":{"n1":21.0,"N1":65.0,"n2":26.0,"N2":52.0,"length":117.0,"estimated_program_length":214.45009855002235,"purity_ratio":1.8329068252138663,"vocabulary":47.0,"volume":649.8868956462836,"difficulty":21.0,"level":0.047619047619047616,"effort":13647.624808571956,"time":758.2013782539975,"bugs":0.19036340384396577},"loc":{"sloc":26.0,"ploc":22.0,"lloc":17.0,"cloc":0.0,"blank":4.0,"sloc_average":26.0,"ploc_average":22.0,"lloc_average":17.0,"cloc_average":0.0,"blank_average":4.0,"sloc_min":26.0,"sloc_max":26.0,"cloc_min":0.0,"cloc_max":0.0,"ploc_min":22.0,"ploc_max":22.0,"lloc_min":17.0,"lloc_max":17.0,"blank_min":4.0,"blank_max":4.0},"nom":{"functions":1.0,"closures":0.0,"functions_average":1.0,"closures_average":0.0,"total":1.0,"average":1.0,"functions_min":1.0,"functions_max":1.0,"closures_min":0.0,"closures_max":0.0},"mi":{"mi_original":83.38948471058816,"mi_sei":45.11384335926114,"mi_visual_studio":48.7657805325077},"abc":{"assignments":0.0,"branches":0.0,"conditions":0.0,"magnitude":0.0,"assignments_average":0.0,"branches_average":0.0,"conditions_average":0.0,"assignments_min":0.0,"assignments_max":0.0,"branches_min":0.0,"branches_max":0.0,"conditions_min":0.0,"conditions_max":0.0}}},{"name":"asn1E_SubjectDirectoryAttributes","start_line":877,"end_line":902,"kind":"function","spaces":[],"metrics":{"nargs":{"total_functions":3.0,"total_closures":0.0,"average_functions":3.0,"average_closures":0.0,"total":3.0,"average":3.0,"functions_min":3.0,"functions_max":3.0,"closures_min":0.0,"closures_max":0.0},"nexits":{"sum":3.0,"average":3.0,"min":3.0,"max":3.0},"cognitive":{"sum":5.0,"average":5.0,"min":5.0,"max":5.0},"cyclomatic":{"sum":5.0,"average":5.0,"min":5.0,"max":5.0},"halstead":{"n1":21.0,"N1":65.0,"n2":26.0,"N2":52.0,"length":117.0,"estimated_program_length":214.45009855002235,"purity_ratio":1.8329068252138663,"vocabulary":47.0,"volume":649.8868956462836,"difficulty":21.0,"level":0.047619047619047616,"effort":13647.624808571956,"time":758.2013782539975,"bugs":0.19036340384396577},"loc":{"sloc":26.0,"ploc":22.0,"lloc":17.0,"cloc":0.0,"blank":4.0,"sloc_average":26.0,"ploc_average":22.0,"lloc_average":17.0,"cloc_average":0.0,"blank_average":4.0,"sloc_min":26.0,"sloc_max":26.0,"cloc_min":0.0,"cloc_max":0.0,"ploc_min":22.0,"ploc_max":22.0,"lloc_min":17.0,"lloc_max":17.0,"blank_min":4.0,"blank_max":4.0},"nom":{"functions":1.0,"closures":0.0,"functions_average":1.0,"closures_average":0.0,"total":1.0,"average":1.0,"functions_min":1.0,"functions_max":1.0,"closures_min":0.0,"closures_max":0.0},"mi":{"mi_original":83.38948471058816,"mi_sei":45.11384335926114,"mi_visual_studio":48.7657805325077},"abc":{"assignments":0.0,"branches":0.0,"conditions":0.0,"magnitude":0.0,"assignments_average":0.0,"branches_average":0.0,"conditions_average":0.0,"assignments_min":0.0,"assignments_max":0.0,"branches_min":0.0,"branches_max":0.0,"conditions_min":0.0,"conditions_max":0.0}}},{"name":"asn1E_BasicConstraints","start_line":904,"end_line":931,"kind":"function","spaces":[],"metrics":{"nargs":{"total_functions":3.0,"total_closures":0.0,"average_functions":3.0,"average_closures":0.0,"total":3.0,"average":3.0,"functions_min":3.0,"functions_max":3.0,"closures_min":0.0,"closures_max":0.0},"nexits":{"sum":3.0,"average":3.0,"min":3.0,"max":3.0},"cognitive":{"sum":7.0,"average":7.0,"min":7.0,"max":7.0},"cyclomatic":{"sum":6.0,"average":6.0,"min":6.0,"max":6.0},"halstead":{"n1":17.0,"N1":71.0,"n2":26.0,"N2":58.0,"length":129.0,"estimated_program_length":191.69830097292416,"purity_ratio":1.486033340875381,"vocabulary":43.0,"volume":699.9881533565706,"difficulty":18.96153846153846,"level":0.05273833671399595,"effort":13272.852292491894,"time":737.3806829162163,"bugs":0.18686225530115796},"loc":{"sloc":28.0,"ploc":21.0,"lloc":17.0,"cloc":2.0,"blank":5.0,"sloc_average":28.0,"ploc_average":21.0,"lloc_average":17.0,"cloc_average":2.0,"blank_average":5.0,"sloc_min":28.0,"sloc_max":28.0,"cloc_min":2.0,"cloc_max":2.0,"ploc_min":21.0,"ploc_max":21.0,"lloc_min":17.0,"lloc_max":17.0,"blank_min":5.0,"blank_max":5.0},"nom":{"functions":1.0,"closures":0.0,"functions_average":1.0,"closures_average":0.0,"total":1.0,"average":1.0,"functions_min":1.0,"functions_max":1.0,"closures_min":0.0,"closures_max":0.0},"mi":{"mi_original":81.57275719731759,"mi_sei":62.71021068500785,"mi_visual_studio":47.70336678205707},"abc":{"assignments":0.0,"branches":0.0,"conditions":0.0,"magnitude":0.0,"assignments_average":0.0,"branches_average":0.0,"conditions_average":0.0,"assignments_min":0.0,"assignments_max":0.0,"branches_min":0.0,"branches_max":0.0,"conditions_min":0.0,"conditions_max":0.0}}},{"name":"asn1E_GeneralSubtree","start_line":933,"end_line":968,"kind":"function","spaces":[],"metrics":{"nargs":{"total_functions":3.0,"total_closures":0.0,"average_functions":3.0,"average_closures":0.0,"total":3.0,"average":3.0,"functions_min":3.0,"functions_max":3.0,"closures_min":0.0,"closures_max":0.0},"nexits":{"sum":4.0,"average":4.0,"min":4.0,"max":4.0},"cognitive":{"sum":8.0,"average":8.0,"min":8.0,"max":8.0},"cyclomatic":{"sum":7.0,"average":7.0,"min":7.0,"max":7.0},"halstead":{"n1":17.0,"N1":97.0,"n2":30.0,"N2":81.0,"length":178.0,"estimated_program_length":216.69358616951132,"purity_ratio":1.2173796975815243,"vocabulary":47.0,"volume":988.7168155986195,"difficulty":22.95,"level":0.04357298474945534,"effort":22691.050917988316,"time":1260.6139398882397,"bugs":0.2671663879188635},"loc":{"sloc":36.0,"ploc":26.0,"lloc":21.0,"cloc":3.0,"blank":7.0,"sloc_average":36.0,"ploc_average":26.0,"lloc_average":21.0,"cloc_average":3.0,"blank_average":7.0,"sloc_min":36.0,"sloc_max":36.0,"cloc_min":3.0,"cloc_max":3.0,"ploc_min":26.0,"ploc_max":26.0,"lloc_min":21.0,"lloc_max":21.0,"blank_min":7.0,"blank_max":7.0},"nom":{"functions":1.0,"closures":0.0,"functions_average":1.0,"closures_average":0.0,"total":1.0,"average":1.0,"functions_min":1.0,"functions_max":1.0,"closures_min":0.0,"closures_max":0.0},"mi":{"mi_original":75.47567182297668,"mi_sei":55.52300641828333,"mi_visual_studio":44.13781977951853},"abc":{"assignments":0.0,"branches":0.0,"conditions":0.0,"magnitude":0.0,"assignments_average":0.0,"branches_average":0.0,"conditions_average":0.0,"assignments_min":0.0,"assignments_max":0.0,"branches_min":0.0,"branches_max":0.0,"conditions_min":0.0,"conditions_max":0.0}}},{"name":"asn1E_GeneralSubtrees","start_line":970,"end_line":995,"kind":"function","spaces":[],"metrics":{"nargs":{"total_functions":3.0,"total_closures":0.0,"average_functions":3.0,"average_closures":0.0,"total":3.0,"average":3.0,"functions_min":3.0,"functions_max":3.0,"closures_min":0.0,"closures_max":0.0},"nexits":{"sum":3.0,"average":3.0,"min":3.0,"max":3.0},"cognitive":{"sum":5.0,"average":5.0,"min":5.0,"max":5.0},"cyclomatic":{"sum":5.0,"average":5.0,"min":5.0,"max":5.0},"halstead":{"n1":21.0,"N1":65.0,"n2":26.0,"N2":52.0,"length":117.0,"estimated_program_length":214.45009855002235,"purity_ratio":1.8329068252138663,"vocabulary":47.0,"volume":649.8868956462836,"difficulty":21.0,"level":0.047619047619047616,"effort":13647.624808571956,"time":758.2013782539975,"bugs":0.19036340384396577},"loc":{"sloc":26.0,"ploc":22.0,"lloc":17.0,"cloc":0.0,"blank":4.0,"sloc_average":26.0,"ploc_average":22.0,"lloc_average":17.0,"cloc_average":0.0,"blank_average":4.0,"sloc_min":26.0,"sloc_max":26.0,"cloc_min":0.0,"cloc_max":0.0,"ploc_min":22.0,"ploc_max":22.0,"lloc_min":17.0,"lloc_max":17.0,"blank_min":4.0,"blank_max":4.0},"nom":{"functions":1.0,"closures":0.0,"functions_average":1.0,"closures_average":0.0,"total":1.0,"average":1.0,"functions_min":1.0,"functions_max":1.0,"closures_min":0.0,"closures_max":0.0},"mi":{"mi_original":83.38948471058816,"mi_sei":45.11384335926114,"mi_visual_studio":48.7657805325077},"abc":{"assignments":0.0,"branches":0.0,"conditions":0.0,"magnitude":0.0,"assignments_average":0.0,"branches_average":0.0,"conditions_average":0.0,"assignments_min":0.0,"assignments_max":0.0,"branches_min":0.0,"branches_max":0.0,"conditions_min":0.0,"conditions_max":0.0}}},{"name":"asn1E_NameConstraints","start_line":997,"end_line":1026,"kind":"function","spaces":[],"metrics":{"nargs":{"total_functions":3.0,"total_closures":0.0,"average_functions":3.0,"average_closures":0.0,"total":3.0,"average":3.0,"functions_min":3.0,"functions_max":3.0,"closures_min":0.0,"closures_max":0.0},"nexits":{"sum":3.0,"average":3.0,"min":3.0,"max":3.0},"cognitive":{"sum":7.0,"average":7.0,"min":7.0,"max":7.0},"cyclomatic":{"sum":6.0,"average":6.0,"min":6.0,"max":6.0},"halstead":{"n1":16.0,"N1":81.0,"n2":28.0,"N2":68.0,"length":149.0,"estimated_program_length":198.6059378176129,"purity_ratio":1.3329257571651871,"vocabulary":44.0,"volume":813.4553111769573,"difficulty":19.428571428571427,"level":0.05147058823529412,"effort":15804.27461715231,"time":878.0152565084617,"bugs":0.20992385363167967},"loc":{"sloc":30.0,"ploc":23.0,"lloc":17.0,"cloc":2.0,"blank":5.0,"sloc_average":30.0,"ploc_average":23.0,"lloc_average":17.0,"cloc_average":2.0,"blank_average":5.0,"sloc_min":30.0,"sloc_max":30.0,"cloc_min":2.0,"cloc_max":2.0,"ploc_min":23.0,"ploc_max":23.0,"lloc_min":17.0,"lloc_max":17.0,"blank_min":5.0,"blank_max":5.0},"nom":{"functions":1.0,"closures":0.0,"functions_average":1.0,"closures_average":0.0,"total":1.0,"average":1.0,"functions_min":1.0,"functions_max":1.0,"closures_min":0.0,"closures_max":0.0},"mi":{"mi_original":79.67388926318199,"mi_sei":59.32610920817564,"mi_visual_studio":46.59291769776725},"abc":{"assignments":0.0,"branches":0.0,"conditions":0.0,"magnitude":0.0,"assignments_average":0.0,"branches_average":0.0,"conditions_average":0.0,"assignments_min":0.0,"assignments_max":0.0,"branches_min":0.0,"branches_max":0.0,"conditions_min":0.0,"conditions_max":0.0}}},{"name":"asn1E_PolicyConstraints","start_line":1028,"end_line":1057,"kind":"function","spaces":[],"metrics":{"nargs":{"total_functions":3.0,"total_closures":0.0,"average_functions":3.0,"average_closures":0.0,"total":3.0,"average":3.0,"functions_min":3.0,"functions_max":3.0,"closures_min":0.0,"closures_max":0.0},"nexits":{"sum":3.0,"average":3.0,"min":3.0,"max":3.0},"cognitive":{"sum":7.0,"average":7.0,"min":7.0,"max":7.0},"cyclomatic":{"sum":6.0,"average":6.0,"min":6.0,"max":6.0},"halstead":{"n1":16.0,"N1":81.0,"n2":29.0,"N2":68.0,"length":149.0,"estimated_program_length":204.88144885869957,"purity_ratio":1.3750432809308697,"vocabulary":45.0,"volume":818.2861113531216,"difficulty":18.75862068965517,"level":0.05330882352941177,"effort":15349.91877848614,"time":852.7732654714523,"bugs":0.2058809355920136},"loc":{"sloc":30.0,"ploc":23.0,"lloc":17.0,"cloc":2.0,"blank":5.0,"sloc_average":30.0,"ploc_average":23.0,"lloc_average":17.0,"cloc_average":2.0,"blank_average":5.0,"sloc_min":30.0,"sloc_max":30.0,"cloc_min":2.0,"cloc_max":2.0,"ploc_min":23.0,"ploc_max":23.0,"lloc_min":17.0,"lloc_max":17.0,"blank_min":5.0,"blank_max":5.0},"nom":{"functions":1.0,"closures":0.0,"functions_average":1.0,"closures_average":0.0,"total":1.0,"average":1.0,"functions_min":1.0,"functions_max":1.0,"closures_min":0.0,"closures_max":0.0},"mi":{"mi_original":79.64309978396727,"mi_sei":59.28168937920101,"mi_visual_studio":46.57491215436683},"abc":{"assignments":0.0,"branches":0.0,"conditions":0.0,"magnitude":0.0,"assignments_average":0.0,"branches_average":0.0,"conditions_average":0.0,"assignments_min":0.0,"assignments_max":0.0,"branches_min":0.0,"branches_max":0.0,"conditions_min":0.0,"conditions_max":0.0}}},{"name":"asn1E_DistributionPointName","start_line":1059,"end_line":1090,"kind":"function","spaces":[],"metrics":{"nargs":{"total_functions":3.0,"total_closures":0.0,"average_functions":3.0,"average_closures":0.0,"total":3.0,"average":3.0,"functions_min":3.0,"functions_max":3.0,"closures_min":0.0,"closures_max":0.0},"nexits":{"sum":4.0,"average":4.0,"min":4.0,"max":4.0},"cognitive":{"sum":5.0,"average":5.0,"min":5.0,"max":5.0},"cyclomatic":{"sum":5.0,"average":5.0,"min":5.0,"max":5.0},"halstead":{"n1":20.0,"N1":86.0,"n2":28.0,"N2":68.0,"length":154.0,"estimated_program_length":221.04449971536013,"purity_ratio":1.4353538942555852,"vocabulary":48.0,"volume":860.084225111058,"difficulty":24.285714285714285,"level":0.041176470588235294,"effort":20887.759752697122,"time":1160.4310973720624,"bugs":0.2528172216952881},"loc":{"sloc":32.0,"ploc":28.0,"lloc":22.0,"cloc":0.0,"blank":4.0,"sloc_average":32.0,"ploc_average":28.0,"lloc_average":22.0,"cloc_average":0.0,"blank_average":4.0,"sloc_min":32.0,"sloc_max":32.0,"cloc_min":0.0,"cloc_max":0.0,"ploc_min":28.0,"ploc_max":28.0,"lloc_min":22.0,"lloc_max":22.0,"blank_min":4.0,"blank_max":4.0},"nom":{"functions":1.0,"closures":0.0,"functions_average":1.0,"closures_average":0.0,"total":1.0,"average":1.0,"functions_min":1.0,"functions_max":1.0,"closures_min":0.0,"closures_max":0.0},"mi":{"mi_original":78.56852070738002,"mi_sei":38.15866249952856,"mi_visual_studio":45.94650333764913},"abc":{"assignments":0.0,"branches":0.0,"conditions":0.0,"magnitude":0.0,"assignments_average":0.0,"branches_average":0.0,"conditions_average":0.0,"assignments_min":0.0,"assignments_max":0.0,"branches_min":0.0,"branches_max":0.0,"conditions_min":0.0,"conditions_max":0.0}}},{"name":"asn1E_DistributionPoint","start_line":1092,"end_line":1129,"kind":"function","spaces":[],"metrics":{"nargs":{"total_functions":3.0,"total_closures":0.0,"average_functions":3.0,"average_closures":0.0,"total":3.0,"average":3.0,"functions_min":3.0,"functions_max":3.0,"closures_min":0.0,"closures_max":0.0},"nexits":{"sum":4.0,"average":4.0,"min":4.0,"max":4.0},"cognitive":{"sum":10.0,"average":10.0,"min":10.0,"max":10.0},"cyclomatic":{"sum":8.0,"average":8.0,"min":8.0,"max":8.0},"halstead":{"n1":16.0,"N1":107.0,"n2":34.0,"N2":89.0,"length":196.0,"estimated_program_length":236.97373660251154,"purity_ratio":1.2090496765434262,"vocabulary":50.0,"volume":1106.195813195846,"difficulty":20.941176470588236,"level":0.047752808988764044,"effort":23165.04173516007,"time":1286.9467630644483,"bugs":0.2708740928789746},"loc":{"sloc":38.0,"ploc":29.0,"lloc":22.0,"cloc":3.0,"blank":6.0,"sloc_average":38.0,"ploc_average":29.0,"lloc_average":22.0,"cloc_average":3.0,"blank_average":6.0,"sloc_min":38.0,"sloc_max":38.0,"cloc_min":3.0,"cloc_max":3.0,"ploc_min":29.0,"ploc_max":29.0,"lloc_min":22.0,"lloc_max":22.0,"blank_min":6.0,"blank_max":6.0},"nom":{"functions":1.0,"closures":0.0,"functions_average":1.0,"closures_average":0.0,"total":1.0,"average":1.0,"functions_min":1.0,"functions_max":1.0,"closures_min":0.0,"closures_max":0.0},"mi":{"mi_original":73.78595670638927,"mi_sei":52.6478168274203,"mi_visual_studio":43.14968228443817},"abc":{"assignments":0.0,"branches":0.0,"conditions":0.0,"magnitude":0.0,"assignments_average":0.0,"branches_average":0.0,"conditions_average":0.0,"assignments_min":0.0,"assignments_max":0.0,"branches_min":0.0,"branches_max":0.0,"conditions_min":0.0,"conditions_max":0.0}}},{"name":"asn1E_CRLDistributionPoints","start_line":1131,"end_line":1156,"kind":"function","spaces":[],"metrics":{"nargs":{"total_functions":3.0,"total_closures":0.0,"average_functions":3.0,"average_closures":0.0,"total":3.0,"average":3.0,"functions_min":3.0,"functions_max":3.0,"closures_min":0.0,"closures_max":0.0},"nexits":{"sum":3.0,"average":3.0,"min":3.0,"max":3.0},"cognitive":{"sum":5.0,"average":5.0,"min":5.0,"max":5.0},"cyclomatic":{"sum":5.0,"average":5.0,"min":5.0,"max":5.0},"halstead":{"n1":21.0,"N1":65.0,"n2":26.0,"N2":52.0,"length":117.0,"estimated_program_length":214.45009855002235,"purity_ratio":1.8329068252138663,"vocabulary":47.0,"volume":649.8868956462836,"difficulty":21.0,"level":0.047619047619047616,"effort":13647.624808571956,"time":758.2013782539975,"bugs":0.19036340384396577},"loc":{"sloc":26.0,"ploc":22.0,"lloc":17.0,"cloc":0.0,"blank":4.0,"sloc_average":26.0,"ploc_average":22.0,"lloc_average":17.0,"cloc_average":0.0,"blank_average":4.0,"sloc_min":26.0,"sloc_max":26.0,"cloc_min":0.0,"cloc_max":0.0,"ploc_min":22.0,"ploc_max":22.0,"lloc_min":17.0,"lloc_max":17.0,"blank_min":4.0,"blank_max":4.0},"nom":{"functions":1.0,"closures":0.0,"functions_average":1.0,"closures_average":0.0,"total":1.0,"average":1.0,"functions_min":1.0,"functions_max":1.0,"closures_min":0.0,"closures_max":0.0},"mi":{"mi_original":83.38948471058816,"mi_sei":45.11384335926114,"mi_visual_studio":48.7657805325077},"abc":{"assignments":0.0,"branches":0.0,"conditions":0.0,"magnitude":0.0,"assignments_average":0.0,"branches_average":0.0,"conditions_average":0.0,"assignments_min":0.0,"assignments_max":0.0,"branches_min":0.0,"branches_max":0.0,"conditions_min":0.0,"conditions_max":0.0}}},{"name":"asn1E_ExtKeyUsageSyntax","start_line":1158,"end_line":1183,"kind":"function","spaces":[],"metrics":{"nargs":{"total_functions":3.0,"total_closures":0.0,"average_functions":3.0,"average_closures":0.0,"total":3.0,"average":3.0,"functions_min":3.0,"functions_max":3.0,"closures_min":0.0,"closures_max":0.0},"nexits":{"sum":3.0,"average":3.0,"min":3.0,"max":3.0},"cognitive":{"sum":5.0,"average":5.0,"min":5.0,"max":5.0},"cyclomatic":{"sum":5.0,"average":5.0,"min":5.0,"max":5.0},"halstead":{"n1":21.0,"N1":65.0,"n2":26.0,"N2":52.0,"length":117.0,"estimated_program_length":214.45009855002235,"purity_ratio":1.8329068252138663,"vocabulary":47.0,"volume":649.8868956462836,"difficulty":21.0,"level":0.047619047619047616,"effort":13647.624808571956,"time":758.2013782539975,"bugs":0.19036340384396577},"loc":{"sloc":26.0,"ploc":22.0,"lloc":17.0,"cloc":0.0,"blank":4.0,"sloc_average":26.0,"ploc_average":22.0,"lloc_average":17.0,"cloc_average":0.0,"blank_average":4.0,"sloc_min":26.0,"sloc_max":26.0,"cloc_min":0.0,"cloc_max":0.0,"ploc_min":22.0,"ploc_max":22.0,"lloc_min":17.0,"lloc_max":17.0,"blank_min":4.0,"blank_max":4.0},"nom":{"functions":1.0,"closures":0.0,"functions_average":1.0,"closures_average":0.0,"total":1.0,"average":1.0,"functions_min":1.0,"functions_max":1.0,"closures_min":0.0,"closures_max":0.0},"mi":{"mi_original":83.38948471058816,"mi_sei":45.11384335926114,"mi_visual_studio":48.7657805325077},"abc":{"assignments":0.0,"branches":0.0,"conditions":0.0,"magnitude":0.0,"assignments_average":0.0,"branches_average":0.0,"conditions_average":0.0,"assignments_min":0.0,"assignments_max":0.0,"branches_min":0.0,"branches_max":0.0,"conditions_min":0.0,"conditions_max":0.0}}},{"name":"asn1E_AccessDescription","start_line":1185,"end_line":1210,"kind":"function","spaces":[],"metrics":{"nargs":{"total_functions":3.0,"total_closures":0.0,"average_functions":3.0,"average_closures":0.0,"total":3.0,"average":3.0,"functions_min":3.0,"functions_max":3.0,"closures_min":0.0,"closures_max":0.0},"nexits":{"sum":3.0,"average":3.0,"min":3.0,"max":3.0},"cognitive":{"sum":3.0,"average":3.0,"min":3.0,"max":3.0},"cyclomatic":{"sum":4.0,"average":4.0,"min":4.0,"max":4.0},"halstead":{"n1":15.0,"N1":61.0,"n2":23.0,"N2":52.0,"length":113.0,"estimated_program_length":162.64528392343908,"purity_ratio":1.4393387957826467,"vocabulary":38.0,"volume":593.0158090191251,"difficulty":16.956521739130434,"level":0.05897435897435898,"effort":10055.485457280816,"time":558.6380809600454,"bugs":0.15529141245744152},"loc":{"sloc":26.0,"ploc":17.0,"lloc":15.0,"cloc":2.0,"blank":7.0,"sloc_average":26.0,"ploc_average":17.0,"lloc_average":15.0,"cloc_average":2.0,"blank_average":7.0,"sloc_min":26.0,"sloc_max":26.0,"cloc_min":2.0,"cloc_max":2.0,"ploc_min":17.0,"ploc_max":17.0,"lloc_min":15.0,"lloc_max":15.0,"blank_min":7.0,"blank_max":7.0},"nom":{"functions":1.0,"closures":0.0,"functions_average":1.0,"closures_average":0.0,"total":1.0,"average":1.0,"functions_min":1.0,"functions_max":1.0,"closures_min":0.0,"closures_max":0.0},"mi":{"mi_original":84.09568658227616,"mi_sei":66.85934959942952,"mi_visual_studio":49.17876408320243},"abc":{"assignments":0.0,"branches":0.0,"conditions":0.0,"magnitude":0.0,"assignments_average":0.0,"branches_average":0.0,"conditions_average":0.0,"assignments_min":0.0,"assignments_max":0.0,"branches_min":0.0,"branches_max":0.0,"conditions_min":0.0,"conditions_max":0.0}}},{"name":"asn1E_AuthorityInfoAccessSyntax","start_line":1212,"end_line":1237,"kind":"function","spaces":[],"metrics":{"nargs":{"total_functions":3.0,"total_closures":0.0,"average_functions":3.0,"average_closures":0.0,"total":3.0,"average":3.0,"functions_min":3.0,"functions_max":3.0,"closures_min":0.0,"closures_max":0.0},"nexits":{"sum":3.0,"average":3.0,"min":3.0,"max":3.0},"cognitive":{"sum":5.0,"average":5.0,"min":5.0,"max":5.0},"cyclomatic":{"sum":5.0,"average":5.0,"min":5.0,"max":5.0},"halstead":{"n1":21.0,"N1":65.0,"n2":26.0,"N2":52.0,"length":117.0,"estimated_program_length":214.45009855002235,"purity_ratio":1.8329068252138663,"vocabulary":47.0,"volume":649.8868956462836,"difficulty":21.0,"level":0.047619047619047616,"effort":13647.624808571956,"time":758.2013782539975,"bugs":0.19036340384396577},"loc":{"sloc":26.0,"ploc":22.0,"lloc":17.0,"cloc":0.0,"blank":4.0,"sloc_average":26.0,"ploc_average":22.0,"lloc_average":17.0,"cloc_average":0.0,"blank_average":4.0,"sloc_min":26.0,"sloc_max":26.0,"cloc_min":0.0,"cloc_max":0.0,"ploc_min":22.0,"ploc_max":22.0,"lloc_min":17.0,"lloc_max":17.0,"blank_min":4.0,"blank_max":4.0},"nom":{"functions":1.0,"closures":0.0,"functions_average":1.0,"closures_average":0.0,"total":1.0,"average":1.0,"functions_min":1.0,"functions_max":1.0,"closures_min":0.0,"closures_max":0.0},"mi":{"mi_original":83.38948471058816,"mi_sei":45.11384335926114,"mi_visual_studio":48.7657805325077},"abc":{"assignments":0.0,"branches":0.0,"conditions":0.0,"magnitude":0.0,"assignments_average":0.0,"branches_average":0.0,"conditions_average":0.0,"assignments_min":0.0,"assignments_max":0.0,"branches_min":0.0,"branches_max":0.0,"conditions_min":0.0,"conditions_max":0.0}}},{"name":"asn1E_SubjectInfoAccessSyntax","start_line":1239,"end_line":1264,"kind":"function","spaces":[],"metrics":{"nargs":{"total_functions":3.0,"total_closures":0.0,"average_functions":3.0,"average_closures":0.0,"total":3.0,"average":3.0,"functions_min":3.0,"functions_max":3.0,"closures_min":0.0,"closures_max":0.0},"nexits":{"sum":3.0,"average":3.0,"min":3.0,"max":3.0},"cognitive":{"sum":5.0,"average":5.0,"min":5.0,"max":5.0},"cyclomatic":{"sum":5.0,"average":5.0,"min":5.0,"max":5.0},"halstead":{"n1":21.0,"N1":65.0,"n2":26.0,"N2":52.0,"length":117.0,"estimated_program_length":214.45009855002235,"purity_ratio":1.8329068252138663,"vocabulary":47.0,"volume":649.8868956462836,"difficulty":21.0,"level":0.047619047619047616,"effort":13647.624808571956,"time":758.2013782539975,"bugs":0.19036340384396577},"loc":{"sloc":26.0,"ploc":22.0,"lloc":17.0,"cloc":0.0,"blank":4.0,"sloc_average":26.0,"ploc_average":22.0,"lloc_average":17.0,"cloc_average":0.0,"blank_average":4.0,"sloc_min":26.0,"sloc_max":26.0,"cloc_min":0.0,"cloc_max":0.0,"ploc_min":22.0,"ploc_max":22.0,"lloc_min":17.0,"lloc_max":17.0,"blank_min":4.0,"blank_max":4.0},"nom":{"functions":1.0,"closures":0.0,"functions_average":1.0,"closures_average":0.0,"total":1.0,"average":1.0,"functions_min":1.0,"functions_max":1.0,"closures_min":0.0,"closures_max":0.0},"mi":{"mi_original":83.38948471058816,"mi_sei":45.11384335926114,"mi_visual_studio":48.7657805325077},"abc":{"assignments":0.0,"branches":0.0,"conditions":0.0,"magnitude":0.0,"assignments_average":0.0,"branches_average":0.0,"conditions_average":0.0,"assignments_min":0.0,"assignments_max":0.0,"branches_min":0.0,"branches_max":0.0,"conditions_min":0.0,"conditions_max":0.0}}},{"name":"asn1E_IssuingDistributionPoint","start_line":1266,"end_line":1327,"kind":"function","spaces":[],"metrics":{"nargs":{"total_functions":3.0,"total_closures":0.0,"average_functions":3.0,"average_closures":0.0,"total":3.0,"average":3.0,"functions_min":3.0,"functions_max":3.0,"closures_min":0.0,"closures_max":0.0},"nexits":{"sum":7.0,"average":7.0,"min":7.0,"max":7.0},"cognitive":{"sum":19.0,"average":19.0,"min":19.0,"max":19.0},"cyclomatic":{"sum":14.0,"average":14.0,"min":14.0,"max":14.0},"halstead":{"n1":17.0,"N1":185.0,"n2":40.0,"N2":152.0,"length":337.0,"estimated_program_length":282.3639920967503,"purity_ratio":0.8378753474681018,"vocabulary":57.0,"volume":1965.6839347735179,"difficulty":32.3,"level":0.030959752321981428,"effort":63491.59109318462,"time":3527.3106162880345,"bugs":0.5305050865642693},"loc":{"sloc":62.0,"ploc":47.0,"lloc":37.0,"cloc":6.0,"blank":9.0,"sloc_average":62.0,"ploc_average":47.0,"lloc_average":37.0,"cloc_average":6.0,"blank_average":9.0,"sloc_min":62.0,"sloc_max":62.0,"cloc_min":6.0,"cloc_max":6.0,"ploc_min":47.0,"ploc_max":47.0,"lloc_min":37.0,"lloc_max":37.0,"blank_min":9.0,"blank_max":9.0},"nom":{"functions":1.0,"closures":0.0,"functions_average":1.0,"closures_average":0.0,"total":1.0,"average":1.0,"functions_min":1.0,"functions_max":1.0,"closures_min":0.0,"closures_max":0.0},"mi":{"mi_original":61.48572624706871,"mi_sei":37.60435988406606,"mi_visual_studio":35.95656505676533},"abc":{"assignments":0.0,"branches":0.0,"conditions":0.0,"magnitude":0.0,"assignments_average":0.0,"branches_average":0.0,"conditions_average":0.0,"assignments_min":0.0,"assignments_max":0.0,"branches_min":0.0,"branches_max":0.0,"conditions_min":0.0,"conditions_max":0.0}}}],"metrics":{"nargs":{"total_functions":129.0,"total_closures":0.0,"average_functions":3.0,"average_closures":0.0,"total":129.0,"average":3.0,"functions_min":0.0,"functions_max":3.0,"closures_min":0.0,"closures_max":0.0},"nexits":{"sum":159.0,"average":3.697674418604651,"min":0.0,"max":12.0},"cognitive":{"sum":272.0,"average":6.325581395348837,"min":0.0,"max":27.0},"cyclomatic":{"sum":269.0,"average":6.113636363636363,"min":1.0,"max":22.0},"halstead":{"n1":29.0,"N1":3431.0,"n2":249.0,"N2":2775.0,"length":6206.0,"estimated_program_length":2122.921929943652,"purity_ratio":0.34207572187297,"vocabulary":278.0,"volume":50386.148297322085,"difficulty":161.59638554216866,"level":0.006188257222739982,"effort":8142219.446238944,"time":452345.52479105245,"bugs":13.49089039863185},"loc":{"sloc":1327.0,"ploc":1016.0,"lloc":812.0,"cloc":45.0,"blank":266.0,"sloc_average":30.15909090909091,"ploc_average":23.09090909090909,"lloc_average":18.454545454545453,"cloc_average":1.0227272727272727,"blank_average":6.045454545454546,"sloc_min":11.0,"sloc_max":81.0,"cloc_min":0.0,"cloc_max":6.0,"ploc_min":9.0,"ploc_max":69.0,"lloc_min":7.0,"lloc_max":64.0,"blank_min":2.0,"blank_max":15.0},"nom":{"functions":43.0,"closures":0.0,"functions_average":0.9772727272727273,"closures_average":0.0,"total":43.0,"average":0.9772727272727273,"functions_min":0.0,"functions_max":1.0,"closures_min":0.0,"closures_max":0.0},"mi":{"mi_original":-63.66180397693822,"mi_sei":-126.08441099158875,"mi_visual_studio":0.0},"abc":{"assignments":0.0,"branches":0.0,"conditions":0.0,"magnitude":0.0,"assignments_average":0.0,"branches_average":0.0,"conditions_average":0.0,"assignments_min":0.0,"assignments_max":0.0,"branches_min":0.0,"branches_max":0.0,"conditions_min":0.0,"conditions_max":0.0}}}