{"name":"./src/PKIX-CommonTypes-2009Enc.c","start_line":1,"end_line":218,"kind":"unit","spaces":[{"name":"asn1E_SingleAttribute","start_line":10,"end_line":35,"kind":"function","spaces":[],"metrics":{"nargs":{"total_functions":3.0,"total_closures":0.0,"average_functions":3.0,"average_closures":0.0,"total":3.0,"average":3.0,"functions_min":3.0,"functions_max":3.0,"closures_min":0.0,"closures_max":0.0},"nexits":{"sum":3.0,"average":3.0,"min":3.0,"max":3.0},"cognitive":{"sum":3.0,"average":3.0,"min":3.0,"max":3.0},"cyclomatic":{"sum":4.0,"average":4.0,"min":4.0,"max":4.0},"halstead":{"n1":16.0,"N1":63.0,"n2":25.0,"N2":55.0,"length":118.0,"estimated_program_length":180.0964047443681,"purity_ratio":1.526240718172611,"vocabulary":41.0,"volume":632.1911365449339,"difficulty":17.6,"level":0.056818181818181816,"effort":11126.564003190837,"time":618.1424446217131,"bugs":0.16613180829170773},"loc":{"sloc":26.0,"ploc":17.0,"lloc":15.0,"cloc":2.0,"blank":7.0,"sloc_average":26.0,"ploc_average":17.0,"lloc_average":15.0,"cloc_average":2.0,"blank_average":7.0,"sloc_min":26.0,"sloc_max":26.0,"cloc_min":2.0,"cloc_max":2.0,"ploc_min":17.0,"ploc_max":17.0,"lloc_min":15.0,"lloc_max":15.0,"blank_min":7.0,"blank_max":7.0},"nom":{"functions":1.0,"closures":0.0,"functions_average":1.0,"closures_average":0.0,"total":1.0,"average":1.0,"functions_min":1.0,"functions_max":1.0,"closures_min":0.0,"closures_max":0.0},"mi":{"mi_original":83.76303882979019,"mi_sei":66.37944033655515,"mi_visual_studio":48.98423323379543},"abc":{"assignments":0.0,"branches":0.0,"conditions":0.0,"magnitude":0.0,"assignments_average":0.0,"branches_average":0.0,"conditions_average":0.0,"assignments_min":0.0,"assignments_max":0.0,"branches_min":0.0,"branches_max":0.0,"conditions_min":0.0,"conditions_max":0.0}}},{"name":"asn1E_AttributeSet_values","start_line":37,"end_line":74,"kind":"function","spaces":[],"metrics":{"nargs":{"total_functions":3.0,"total_closures":0.0,"average_functions":3.0,"average_closures":0.0,"total":3.0,"average":3.0,"functions_min":3.0,"functions_max":3.0,"closures_min":0.0,"closures_max":0.0},"nexits":{"sum":4.0,"average":4.0,"min":4.0,"max":4.0},"cognitive":{"sum":6.0,"average":6.0,"min":6.0,"max":6.0},"cyclomatic":{"sum":6.0,"average":6.0,"min":6.0,"max":6.0},"halstead":{"n1":22.0,"N1":99.0,"n2":37.0,"N2":83.0,"length":182.0,"estimated_program_length":290.8572701382917,"purity_ratio":1.5981168688917127,"vocabulary":59.0,"volume":1070.6410349838552,"difficulty":24.675675675675677,"level":0.04052573932092004,"effort":26418.790944331347,"time":1467.7106080184083,"bugs":0.29567915208020645},"loc":{"sloc":38.0,"ploc":30.0,"lloc":26.0,"cloc":0.0,"blank":8.0,"sloc_average":38.0,"ploc_average":30.0,"lloc_average":26.0,"cloc_average":0.0,"blank_average":8.0,"sloc_min":38.0,"sloc_max":38.0,"cloc_min":0.0,"cloc_max":0.0,"ploc_min":30.0,"ploc_max":30.0,"lloc_min":26.0,"lloc_max":26.0,"blank_min":8.0,"blank_max":8.0},"nom":{"functions":1.0,"closures":0.0,"functions_average":1.0,"closures_average":0.0,"total":1.0,"average":1.0,"functions_min":1.0,"functions_max":1.0,"closures_min":0.0,"closures_max":0.0},"mi":{"mi_original":74.41583741227538,"mi_sei":32.26942676270312,"mi_visual_studio":43.51803357443004},"abc":{"assignments":0.0,"branches":0.0,"conditions":0.0,"magnitude":0.0,"assignments_average":0.0,"branches_average":0.0,"conditions_average":0.0,"assignments_min":0.0,"assignments_max":0.0,"branches_min":0.0,"branches_max":0.0,"conditions_min":0.0,"conditions_max":0.0}}},{"name":"asn1E_AttributeSet","start_line":76,"end_line":101,"kind":"function","spaces":[],"metrics":{"nargs":{"total_functions":3.0,"total_closures":0.0,"average_functions":3.0,"average_closures":0.0,"total":3.0,"average":3.0,"functions_min":3.0,"functions_max":3.0,"closures_min":0.0,"closures_max":0.0},"nexits":{"sum":3.0,"average":3.0,"min":3.0,"max":3.0},"cognitive":{"sum":3.0,"average":3.0,"min":3.0,"max":3.0},"cyclomatic":{"sum":4.0,"average":4.0,"min":4.0,"max":4.0},"halstead":{"n1":15.0,"N1":61.0,"n2":23.0,"N2":52.0,"length":113.0,"estimated_program_length":162.64528392343908,"purity_ratio":1.4393387957826467,"vocabulary":38.0,"volume":593.0158090191251,"difficulty":16.956521739130434,"level":0.05897435897435898,"effort":10055.485457280816,"time":558.6380809600454,"bugs":0.15529141245744152},"loc":{"sloc":26.0,"ploc":17.0,"lloc":15.0,"cloc":2.0,"blank":7.0,"sloc_average":26.0,"ploc_average":17.0,"lloc_average":15.0,"cloc_average":2.0,"blank_average":7.0,"sloc_min":26.0,"sloc_max":26.0,"cloc_min":2.0,"cloc_max":2.0,"ploc_min":17.0,"ploc_max":17.0,"lloc_min":15.0,"lloc_max":15.0,"blank_min":7.0,"blank_max":7.0},"nom":{"functions":1.0,"closures":0.0,"functions_average":1.0,"closures_average":0.0,"total":1.0,"average":1.0,"functions_min":1.0,"functions_max":1.0,"closures_min":0.0,"closures_max":0.0},"mi":{"mi_original":84.09568658227616,"mi_sei":66.85934959942952,"mi_visual_studio":49.17876408320243},"abc":{"assignments":0.0,"branches":0.0,"conditions":0.0,"magnitude":0.0,"assignments_average":0.0,"branches_average":0.0,"conditions_average":0.0,"assignments_min":0.0,"assignments_max":0.0,"branches_min":0.0,"branches_max":0.0,"conditions_min":0.0,"conditions_max":0.0}}},{"name":"asn1E_Extension","start_line":103,"end_line":162,"kind":"function","spaces":[],"metrics":{"nargs":{"total_functions":3.0,"total_closures":0.0,"average_functions":3.0,"average_closures":0.0,"total":3.0,"average":3.0,"functions_min":3.0,"functions_max":3.0,"closures_min":0.0,"closures_max":0.0},"nexits":{"sum":6.0,"average":6.0,"min":6.0,"max":6.0},"cognitive":{"sum":8.0,"average":8.0,"min":8.0,"max":8.0},"cyclomatic":{"sum":8.0,"average":8.0,"min":8.0,"max":8.0},"halstead":{"n1":17.0,"N1":151.0,"n2":41.0,"N2":130.0,"length":281.0,"estimated_program_length":289.1465004905972,"purity_ratio":1.0289911049487444,"vocabulary":58.0,"volume":1646.0926596308477,"difficulty":26.951219512195124,"level":0.037104072398190045,"effort":44364.20460712407,"time":2464.6780337291148,"bugs":0.4177346929475338},"loc":{"sloc":60.0,"ploc":42.0,"lloc":39.0,"cloc":3.0,"blank":15.0,"sloc_average":60.0,"ploc_average":42.0,"lloc_average":39.0,"cloc_average":3.0,"blank_average":15.0,"sloc_min":60.0,"sloc_max":60.0,"cloc_min":3.0,"cloc_max":3.0,"ploc_min":42.0,"ploc_max":42.0,"lloc_min":39.0,"lloc_max":39.0,"blank_min":15.0,"blank_max":15.0},"nom":{"functions":1.0,"closures":0.0,"functions_average":1.0,"closures_average":0.0,"total":1.0,"average":1.0,"functions_min":1.0,"functions_max":1.0,"closures_min":0.0,"closures_max":0.0},"mi":{"mi_original":64.3195877899347,"mi_sei":34.883427666354855,"mi_visual_studio":37.61379402920158},"abc":{"assignments":0.0,"branches":0.0,"conditions":0.0,"magnitude":0.0,"assignments_average":0.0,"branches_average":0.0,"conditions_average":0.0,"assignments_min":0.0,"assignments_max":0.0,"branches_min":0.0,"branches_max":0.0,"conditions_min":0.0,"conditions_max":0.0}}},{"name":"asn1E_Extensions","start_line":164,"end_line":189,"kind":"function","spaces":[],"metrics":{"nargs":{"total_functions":3.0,"total_closures":0.0,"average_functions":3.0,"average_closures":0.0,"total":3.0,"average":3.0,"functions_min":3.0,"functions_max":3.0,"closures_min":0.0,"closures_max":0.0},"nexits":{"sum":3.0,"average":3.0,"min":3.0,"max":3.0},"cognitive":{"sum":5.0,"average":5.0,"min":5.0,"max":5.0},"cyclomatic":{"sum":5.0,"average":5.0,"min":5.0,"max":5.0},"halstead":{"n1":21.0,"N1":65.0,"n2":26.0,"N2":52.0,"length":117.0,"estimated_program_length":214.45009855002235,"purity_ratio":1.8329068252138663,"vocabulary":47.0,"volume":649.8868956462836,"difficulty":21.0,"level":0.047619047619047616,"effort":13647.624808571956,"time":758.2013782539975,"bugs":0.19036340384396577},"loc":{"sloc":26.0,"ploc":22.0,"lloc":17.0,"cloc":0.0,"blank":4.0,"sloc_average":26.0,"ploc_average":22.0,"lloc_average":17.0,"cloc_average":0.0,"blank_average":4.0,"sloc_min":26.0,"sloc_max":26.0,"cloc_min":0.0,"cloc_max":0.0,"ploc_min":22.0,"ploc_max":22.0,"lloc_min":17.0,"lloc_max":17.0,"blank_min":4.0,"blank_max":4.0},"nom":{"functions":1.0,"closures":0.0,"functions_average":1.0,"closures_average":0.0,"total":1.0,"average":1.0,"functions_min":1.0,"functions_max":1.0,"closures_min":0.0,"closures_max":0.0},"mi":{"mi_original":83.38948471058816,"mi_sei":45.11384335926114,"mi_visual_studio":48.7657805325077},"abc":{"assignments":0.0,"branches":0.0,"conditions":0.0,"magnitude":0.0,"assignments_average":0.0,"branches_average":0.0,"conditions_average":0.0,"assignments_min":0.0,"assignments_max":0.0,"branches_min":0.0,"branches_max":0.0,"conditions_min":0.0,"conditions_max":0.0}}},{"name":"asn1E_SecurityCategory","start_line":191,"end_line":218,"kind":"function","spaces":[],"metrics":{"nargs":{"total_functions":3.0,"total_closures":0.0,"average_functions":3.0,"average_closures":0.0,"total":3.0,"average":3.0,"functions_min":3.0,"functions_max":3.0,"closures_min":0.0,"closures_max":0.0},"nexits":{"sum":3.0,"average":3.0,"min":3.0,"max":3.0},"cognitive":{"sum":3.0,"average":3.0,"min":3.0,"max":3.0},"cyclomatic":{"sum":4.0,"average":4.0,"min":4.0,"max":4.0},"halstead":{"n1":16.0,"N1":73.0,"n2":29.0,"N2":65.0,"length":138.0,"estimated_program_length":204.88144885869957,"purity_ratio":1.484648180135504,"vocabulary":45.0,"volume":757.8757272934952,"difficulty":17.93103448275862,"level":0.05576923076923077,"effort":13589.49579974543,"time":754.9719888747461,"bugs":0.18982247913791328},"loc":{"sloc":28.0,"ploc":19.0,"lloc":15.0,"cloc":2.0,"blank":7.0,"sloc_average":28.0,"ploc_average":19.0,"lloc_average":15.0,"cloc_average":2.0,"blank_average":7.0,"sloc_min":28.0,"sloc_max":28.0,"cloc_min":2.0,"cloc_max":2.0,"ploc_min":19.0,"ploc_max":19.0,"lloc_min":15.0,"lloc_max":15.0,"blank_min":7.0,"blank_max":7.0},"nom":{"functions":1.0,"closures":0.0,"functions_average":1.0,"closures_average":0.0,"total":1.0,"average":1.0,"functions_min":1.0,"functions_max":1.0,"closures_min":0.0,"closures_max":0.0},"mi":{"mi_original":81.61958593015483,"mi_sei":62.57413054683428,"mi_visual_studio":47.73075200593849},"abc":{"assignments":0.0,"branches":0.0,"conditions":0.0,"magnitude":0.0,"assignments_average":0.0,"branches_average":0.0,"conditions_average":0.0,"assignments_min":0.0,"assignments_max":0.0,"branches_min":0.0,"branches_max":0.0,"conditions_min":0.0,"conditions_max":0.0}}}],"metrics":{"nargs":{"total_functions":18.0,"total_closures":0.0,"average_functions":3.0,"average_closures":0.0,"total":18.0,"average":3.0,"functions_min":0.0,"functions_max":3.0,"closures_min":0.0,"closures_max":0.0},"nexits":{"sum":22.0,"average":3.6666666666666665,"min":0.0,"max":6.0},"cognitive":{"sum":28.0,"average":4.666666666666667,"min":0.0,"max":8.0},"cyclomatic":{"sum":32.0,"average":4.571428571428571,"min":1.0,"max":8.0},"halstead":{"n1":22.0,"N1":512.0,"n2":75.0,"N2":439.0,"length":951.0,"estimated_program_length":565.2688973972116,"purity_ratio":0.5943942138771942,"vocabulary":97.0,"volume":6276.517112919959,"difficulty":64.38666666666667,"level":0.015531165872851522,"effort":404124.0151772064,"time":22451.334176511467,"bugs":1.8220285793467246},"loc":{"sloc":218.0,"ploc":149.0,"lloc":127.0,"cloc":15.0,"blank":54.0,"sloc_average":31.142857142857142,"ploc_average":21.285714285714285,"lloc_average":18.142857142857142,"cloc_average":2.142857142857143,"blank_average":7.714285714285714,"sloc_min":26.0,"sloc_max":60.0,"cloc_min":0.0,"cloc_max":3.0,"ploc_min":17.0,"ploc_max":42.0,"lloc_min":15.0,"lloc_max":39.0,"blank_min":4.0,"blank_max":15.0},"nom":{"functions":6.0,"closures":0.0,"functions_average":0.8571428571428571,"closures_average":0.0,"total":6.0,"average":0.8571428571428571,"functions_min":0.0,"functions_max":1.0,"closures_min":0.0,"closures_max":0.0},"mi":{"mi_original":30.939413352857727,"mi_sei":-8.042541609212652,"mi_visual_studio":18.093224182957737},"abc":{"assignments":0.0,"branches":0.0,"conditions":0.0,"magnitude":0.0,"assignments_average":0.0,"branches_average":0.0,"conditions_average":0.0,"assignments_min":0.0,"assignments_max":0.0,"branches_min":0.0,"branches_max":0.0,"conditions_min":0.0,"conditions_max":0.0}}}