{"name":"./src/PKIX1Explicit-2009Enc.c","start_line":1,"end_line":1617,"kind":"unit","spaces":[{"name":"asn1E_RelativeDistinguishedName","start_line":14,"end_line":51,"kind":"function","spaces":[],"metrics":{"nargs":{"total_functions":3.0,"total_closures":0.0,"average_functions":3.0,"average_closures":0.0,"total":3.0,"average":3.0,"functions_min":3.0,"functions_max":3.0,"closures_min":0.0,"closures_max":0.0},"nexits":{"sum":4.0,"average":4.0,"min":4.0,"max":4.0},"cognitive":{"sum":6.0,"average":6.0,"min":6.0,"max":6.0},"cyclomatic":{"sum":6.0,"average":6.0,"min":6.0,"max":6.0},"halstead":{"n1":21.0,"N1":96.0,"n2":35.0,"N2":79.0,"length":175.0,"estimated_program_length":271.7635714714278,"purity_ratio":1.5529346941224444,"vocabulary":56.0,"volume":1016.2871113600806,"difficulty":23.7,"level":0.04219409282700422,"effort":24086.00453923391,"time":1338.1113632907727,"bugs":0.27800669482874363},"loc":{"sloc":38.0,"ploc":30.0,"lloc":26.0,"cloc":0.0,"blank":8.0,"sloc_average":38.0,"ploc_average":30.0,"lloc_average":26.0,"cloc_average":0.0,"blank_average":8.0,"sloc_min":38.0,"sloc_max":38.0,"cloc_min":0.0,"cloc_max":0.0,"ploc_min":30.0,"ploc_max":30.0,"lloc_min":26.0,"lloc_max":26.0,"blank_min":8.0,"blank_max":8.0},"nom":{"functions":1.0,"closures":0.0,"functions_average":1.0,"closures_average":0.0,"total":1.0,"average":1.0,"functions_min":1.0,"functions_max":1.0,"closures_min":0.0,"closures_max":0.0},"mi":{"mi_original":74.68676608611102,"mi_sei":32.660294216880416,"mi_visual_studio":43.676471395386564},"abc":{"assignments":0.0,"branches":0.0,"conditions":0.0,"magnitude":0.0,"assignments_average":0.0,"branches_average":0.0,"conditions_average":0.0,"assignments_min":0.0,"assignments_max":0.0,"branches_min":0.0,"branches_max":0.0,"conditions_min":0.0,"conditions_max":0.0}}},{"name":"asn1E_RDNSequence","start_line":53,"end_line":74,"kind":"function","spaces":[],"metrics":{"nargs":{"total_functions":3.0,"total_closures":0.0,"average_functions":3.0,"average_closures":0.0,"total":3.0,"average":3.0,"functions_min":3.0,"functions_max":3.0,"closures_min":0.0,"closures_max":0.0},"nexits":{"sum":2.0,"average":2.0,"min":2.0,"max":2.0},"cognitive":{"sum":4.0,"average":4.0,"min":4.0,"max":4.0},"cyclomatic":{"sum":4.0,"average":4.0,"min":4.0,"max":4.0},"halstead":{"n1":19.0,"N1":56.0,"n2":24.0,"N2":48.0,"length":104.0,"estimated_program_length":190.74972277273588,"purity_ratio":1.834131949737845,"vocabulary":43.0,"volume":564.3315344890182,"difficulty":19.0,"level":0.05263157894736842,"effort":10722.299155291345,"time":595.6832864050747,"bugs":0.1620829597501607},"loc":{"sloc":22.0,"ploc":19.0,"lloc":15.0,"cloc":0.0,"blank":3.0,"sloc_average":22.0,"ploc_average":19.0,"lloc_average":15.0,"cloc_average":0.0,"blank_average":3.0,"sloc_min":22.0,"sloc_max":22.0,"cloc_min":0.0,"cloc_max":0.0,"ploc_min":19.0,"ploc_max":19.0,"lloc_min":15.0,"lloc_max":15.0,"blank_min":3.0,"blank_max":3.0},"nom":{"functions":1.0,"closures":0.0,"functions_average":1.0,"closures_average":0.0,"total":1.0,"average":1.0,"functions_min":1.0,"functions_max":1.0,"closures_min":0.0,"closures_max":0.0},"mi":{"mi_original":87.05977434489674,"mi_sei":50.307132153899815,"mi_visual_studio":50.9121487397057},"abc":{"assignments":0.0,"branches":0.0,"conditions":0.0,"magnitude":0.0,"assignments_average":0.0,"branches_average":0.0,"conditions_average":0.0,"assignments_min":0.0,"assignments_max":0.0,"branches_min":0.0,"branches_max":0.0,"conditions_min":0.0,"conditions_max":0.0}}},{"name":"asn1E_Name","start_line":76,"end_line":98,"kind":"function","spaces":[],"metrics":{"nargs":{"total_functions":3.0,"total_closures":0.0,"average_functions":3.0,"average_closures":0.0,"total":3.0,"average":3.0,"functions_min":3.0,"functions_max":3.0,"closures_min":0.0,"closures_max":0.0},"nexits":{"sum":3.0,"average":3.0,"min":3.0,"max":3.0},"cognitive":{"sum":3.0,"average":3.0,"min":3.0,"max":3.0},"cyclomatic":{"sum":3.0,"average":3.0,"min":3.0,"max":3.0},"halstead":{"n1":19.0,"N1":56.0,"n2":22.0,"N2":43.0,"length":99.0,"estimated_program_length":178.81811836544864,"purity_ratio":1.8062436198530165,"vocabulary":41.0,"volume":530.3976484571903,"difficulty":18.568181818181817,"level":0.05385556915544676,"effort":9848.519972489192,"time":547.1399984716218,"bugs":0.15315319406396033},"loc":{"sloc":23.0,"ploc":20.0,"lloc":16.0,"cloc":0.0,"blank":3.0,"sloc_average":23.0,"ploc_average":20.0,"lloc_average":16.0,"cloc_average":0.0,"blank_average":3.0,"sloc_min":23.0,"sloc_max":23.0,"cloc_min":0.0,"cloc_max":0.0,"ploc_min":20.0,"ploc_max":20.0,"lloc_min":16.0,"lloc_max":16.0,"blank_min":3.0,"blank_max":3.0},"nom":{"functions":1.0,"closures":0.0,"functions_average":1.0,"closures_average":0.0,"total":1.0,"average":1.0,"functions_min":1.0,"functions_max":1.0,"closures_min":0.0,"closures_max":0.0},"mi":{"mi_original":86.89213327420757,"mi_sei":49.96345735316278,"mi_visual_studio":50.81411302585238},"abc":{"assignments":0.0,"branches":0.0,"conditions":0.0,"magnitude":0.0,"assignments_average":0.0,"branches_average":0.0,"conditions_average":0.0,"assignments_min":0.0,"assignments_max":0.0,"branches_min":0.0,"branches_max":0.0,"conditions_min":0.0,"conditions_max":0.0}}},{"name":"asn1E_CertificateSerialNumber","start_line":100,"end_line":111,"kind":"function","spaces":[],"metrics":{"nargs":{"total_functions":3.0,"total_closures":0.0,"average_functions":3.0,"average_closures":0.0,"total":3.0,"average":3.0,"functions_min":3.0,"functions_max":3.0,"closures_min":0.0,"closures_max":0.0},"nexits":{"sum":2.0,"average":2.0,"min":2.0,"max":2.0},"cognitive":{"sum":1.0,"average":1.0,"min":1.0,"max":1.0},"cyclomatic":{"sum":2.0,"average":2.0,"min":2.0,"max":2.0},"halstead":{"n1":11.0,"N1":28.0,"n2":14.0,"N2":25.0,"length":53.0,"estimated_program_length":91.35671671381672,"purity_ratio":1.7237116361097495,"vocabulary":25.0,"volume":246.1243780580604,"difficulty":9.821428571428571,"level":0.10181818181818182,"effort":2417.2929987845214,"time":134.29405548802896,"bugs":0.06003874535171171},"loc":{"sloc":12.0,"ploc":10.0,"lloc":7.0,"cloc":0.0,"blank":2.0,"sloc_average":12.0,"ploc_average":10.0,"lloc_average":7.0,"cloc_average":0.0,"blank_average":2.0,"sloc_min":12.0,"sloc_max":12.0,"cloc_min":0.0,"cloc_max":0.0,"ploc_min":10.0,"ploc_max":10.0,"lloc_min":7.0,"lloc_max":7.0,"blank_min":2.0,"blank_max":2.0},"nom":{"functions":1.0,"closures":0.0,"functions_average":1.0,"closures_average":0.0,"total":1.0,"average":1.0,"functions_min":1.0,"functions_max":1.0,"closures_min":0.0,"closures_max":0.0},"mi":{"mi_original":101.654159821326,"mi_sei":71.15873998675734,"mi_visual_studio":59.446877088494745},"abc":{"assignments":0.0,"branches":0.0,"conditions":0.0,"magnitude":0.0,"assignments_average":0.0,"branches_average":0.0,"conditions_average":0.0,"assignments_min":0.0,"assignments_max":0.0,"branches_min":0.0,"branches_max":0.0,"conditions_min":0.0,"conditions_max":0.0}}},{"name":"asn1E_AttributeType","start_line":113,"end_line":124,"kind":"function","spaces":[],"metrics":{"nargs":{"total_functions":3.0,"total_closures":0.0,"average_functions":3.0,"average_closures":0.0,"total":3.0,"average":3.0,"functions_min":3.0,"functions_max":3.0,"closures_min":0.0,"closures_max":0.0},"nexits":{"sum":2.0,"average":2.0,"min":2.0,"max":2.0},"cognitive":{"sum":1.0,"average":1.0,"min":1.0,"max":1.0},"cyclomatic":{"sum":2.0,"average":2.0,"min":2.0,"max":2.0},"halstead":{"n1":11.0,"N1":28.0,"n2":14.0,"N2":25.0,"length":53.0,"estimated_program_length":91.35671671381672,"purity_ratio":1.7237116361097495,"vocabulary":25.0,"volume":246.1243780580604,"difficulty":9.821428571428571,"level":0.10181818181818182,"effort":2417.2929987845214,"time":134.29405548802896,"bugs":0.06003874535171171},"loc":{"sloc":12.0,"ploc":10.0,"lloc":7.0,"cloc":0.0,"blank":2.0,"sloc_average":12.0,"ploc_average":10.0,"lloc_average":7.0,"cloc_average":0.0,"blank_average":2.0,"sloc_min":12.0,"sloc_max":12.0,"cloc_min":0.0,"cloc_max":0.0,"ploc_min":10.0,"ploc_max":10.0,"lloc_min":7.0,"lloc_max":7.0,"blank_min":2.0,"blank_max":2.0},"nom":{"functions":1.0,"closures":0.0,"functions_average":1.0,"closures_average":0.0,"total":1.0,"average":1.0,"functions_min":1.0,"functions_max":1.0,"closures_min":0.0,"closures_max":0.0},"mi":{"mi_original":101.654159821326,"mi_sei":71.15873998675734,"mi_visual_studio":59.446877088494745},"abc":{"assignments":0.0,"branches":0.0,"conditions":0.0,"magnitude":0.0,"assignments_average":0.0,"branches_average":0.0,"conditions_average":0.0,"assignments_min":0.0,"assignments_max":0.0,"branches_min":0.0,"branches_max":0.0,"conditions_min":0.0,"conditions_max":0.0}}},{"name":"asn1E_DistinguishedName","start_line":126,"end_line":137,"kind":"function","spaces":[],"metrics":{"nargs":{"total_functions":3.0,"total_closures":0.0,"average_functions":3.0,"average_closures":0.0,"total":3.0,"average":3.0,"functions_min":3.0,"functions_max":3.0,"closures_min":0.0,"closures_max":0.0},"nexits":{"sum":2.0,"average":2.0,"min":2.0,"max":2.0},"cognitive":{"sum":1.0,"average":1.0,"min":1.0,"max":1.0},"cyclomatic":{"sum":2.0,"average":2.0,"min":2.0,"max":2.0},"halstead":{"n1":11.0,"N1":28.0,"n2":14.0,"N2":25.0,"length":53.0,"estimated_program_length":91.35671671381672,"purity_ratio":1.7237116361097495,"vocabulary":25.0,"volume":246.1243780580604,"difficulty":9.821428571428571,"level":0.10181818181818182,"effort":2417.2929987845214,"time":134.29405548802896,"bugs":0.06003874535171171},"loc":{"sloc":12.0,"ploc":10.0,"lloc":7.0,"cloc":0.0,"blank":2.0,"sloc_average":12.0,"ploc_average":10.0,"lloc_average":7.0,"cloc_average":0.0,"blank_average":2.0,"sloc_min":12.0,"sloc_max":12.0,"cloc_min":0.0,"cloc_max":0.0,"ploc_min":10.0,"ploc_max":10.0,"lloc_min":7.0,"lloc_max":7.0,"blank_min":2.0,"blank_max":2.0},"nom":{"functions":1.0,"closures":0.0,"functions_average":1.0,"closures_average":0.0,"total":1.0,"average":1.0,"functions_min":1.0,"functions_max":1.0,"closures_min":0.0,"closures_max":0.0},"mi":{"mi_original":101.654159821326,"mi_sei":71.15873998675734,"mi_visual_studio":59.446877088494745},"abc":{"assignments":0.0,"branches":0.0,"conditions":0.0,"magnitude":0.0,"assignments_average":0.0,"branches_average":0.0,"conditions_average":0.0,"assignments_min":0.0,"assignments_max":0.0,"branches_min":0.0,"branches_max":0.0,"conditions_min":0.0,"conditions_max":0.0}}},{"name":"asn1E_Version","start_line":139,"end_line":149,"kind":"function","spaces":[],"metrics":{"nargs":{"total_functions":3.0,"total_closures":0.0,"average_functions":3.0,"average_closures":0.0,"total":3.0,"average":3.0,"functions_min":3.0,"functions_max":3.0,"closures_min":0.0,"closures_max":0.0},"nexits":{"sum":2.0,"average":2.0,"min":2.0,"max":2.0},"cognitive":{"sum":1.0,"average":1.0,"min":1.0,"max":1.0},"cyclomatic":{"sum":2.0,"average":2.0,"min":2.0,"max":2.0},"halstead":{"n1":11.0,"N1":28.0,"n2":14.0,"N2":25.0,"length":53.0,"estimated_program_length":91.35671671381672,"purity_ratio":1.7237116361097495,"vocabulary":25.0,"volume":246.1243780580604,"difficulty":9.821428571428571,"level":0.10181818181818182,"effort":2417.2929987845214,"time":134.29405548802896,"bugs":0.06003874535171171},"loc":{"sloc":11.0,"ploc":9.0,"lloc":7.0,"cloc":0.0,"blank":2.0,"sloc_average":11.0,"ploc_average":9.0,"lloc_average":7.0,"cloc_average":0.0,"blank_average":2.0,"sloc_min":11.0,"sloc_max":11.0,"cloc_min":0.0,"cloc_max":0.0,"ploc_min":9.0,"ploc_max":9.0,"lloc_min":7.0,"lloc_max":7.0,"blank_min":2.0,"blank_max":2.0},"nom":{"functions":1.0,"closures":0.0,"functions_average":1.0,"closures_average":0.0,"total":1.0,"average":1.0,"functions_min":1.0,"functions_max":1.0,"closures_min":0.0,"closures_max":0.0},"mi":{"mi_original":103.063744128558,"mi_sei":73.19234027651585,"mi_visual_studio":60.27119539681754},"abc":{"assignments":0.0,"branches":0.0,"conditions":0.0,"magnitude":0.0,"assignments_average":0.0,"branches_average":0.0,"conditions_average":0.0,"assignments_min":0.0,"assignments_max":0.0,"branches_min":0.0,"branches_max":0.0,"conditions_min":0.0,"conditions_max":0.0}}},{"name":"asn1E_UniqueIdentifier","start_line":151,"end_line":162,"kind":"function","spaces":[],"metrics":{"nargs":{"total_functions":3.0,"total_closures":0.0,"average_functions":3.0,"average_closures":0.0,"total":3.0,"average":3.0,"functions_min":3.0,"functions_max":3.0,"closures_min":0.0,"closures_max":0.0},"nexits":{"sum":2.0,"average":2.0,"min":2.0,"max":2.0},"cognitive":{"sum":1.0,"average":1.0,"min":1.0,"max":1.0},"cyclomatic":{"sum":2.0,"average":2.0,"min":2.0,"max":2.0},"halstead":{"n1":12.0,"N1":31.0,"n2":16.0,"N2":28.0,"length":59.0,"estimated_program_length":107.01955000865388,"purity_ratio":1.8138906781127777,"vocabulary":28.0,"volume":283.6339404013986,"difficulty":10.5,"level":0.09523809523809523,"effort":2978.1563742146855,"time":165.45313190081586,"bugs":0.0689991504669938},"loc":{"sloc":12.0,"ploc":10.0,"lloc":7.0,"cloc":0.0,"blank":2.0,"sloc_average":12.0,"ploc_average":10.0,"lloc_average":7.0,"cloc_average":0.0,"blank_average":2.0,"sloc_min":12.0,"sloc_max":12.0,"cloc_min":0.0,"cloc_max":0.0,"ploc_min":10.0,"ploc_max":10.0,"lloc_min":7.0,"lloc_max":7.0,"blank_min":2.0,"blank_max":2.0},"nom":{"functions":1.0,"closures":0.0,"functions_average":1.0,"closures_average":0.0,"total":1.0,"average":1.0,"functions_min":1.0,"functions_max":1.0,"closures_min":0.0,"closures_max":0.0},"mi":{"mi_original":100.9165530579717,"mi_sei":70.09459836713994,"mi_visual_studio":59.01552810407702},"abc":{"assignments":0.0,"branches":0.0,"conditions":0.0,"magnitude":0.0,"assignments_average":0.0,"branches_average":0.0,"conditions_average":0.0,"assignments_min":0.0,"assignments_max":0.0,"branches_min":0.0,"branches_max":0.0,"conditions_min":0.0,"conditions_max":0.0}}},{"name":"asn1E__at_x520countryName_Type","start_line":164,"end_line":183,"kind":"function","spaces":[],"metrics":{"nargs":{"total_functions":3.0,"total_closures":0.0,"average_functions":3.0,"average_closures":0.0,"total":3.0,"average":3.0,"functions_min":3.0,"functions_max":3.0,"closures_min":0.0,"closures_max":0.0},"nexits":{"sum":3.0,"average":3.0,"min":3.0,"max":3.0},"cognitive":{"sum":2.0,"average":2.0,"min":2.0,"max":2.0},"cyclomatic":{"sum":3.0,"average":3.0,"min":3.0,"max":3.0},"halstead":{"n1":14.0,"N1":49.0,"n2":23.0,"N2":38.0,"length":87.0,"estimated_program_length":157.34489389811776,"purity_ratio":1.8085619988289399,"vocabulary":37.0,"volume":453.22244280971864,"difficulty":11.565217391304348,"level":0.08646616541353383,"effort":5241.616077712398,"time":291.2008932062443,"bugs":0.10058245166236615},"loc":{"sloc":20.0,"ploc":16.0,"lloc":11.0,"cloc":0.0,"blank":4.0,"sloc_average":20.0,"ploc_average":16.0,"lloc_average":11.0,"cloc_average":0.0,"blank_average":4.0,"sloc_min":20.0,"sloc_max":20.0,"cloc_min":0.0,"cloc_max":0.0,"ploc_min":16.0,"ploc_max":16.0,"lloc_min":11.0,"lloc_max":11.0,"blank_min":4.0,"blank_max":4.0},"nom":{"functions":1.0,"closures":0.0,"functions_average":1.0,"closures_average":0.0,"total":1.0,"average":1.0,"functions_min":1.0,"functions_max":1.0,"closures_min":0.0,"closures_max":0.0},"mi":{"mi_original":89.97394531523436,"mi_sei":54.409572301704,"mi_visual_studio":52.616342289610735},"abc":{"assignments":0.0,"branches":0.0,"conditions":0.0,"magnitude":0.0,"assignments_average":0.0,"branches_average":0.0,"conditions_average":0.0,"assignments_min":0.0,"assignments_max":0.0,"branches_min":0.0,"branches_max":0.0,"conditions_min":0.0,"conditions_max":0.0}}},{"name":"asn1E__at_x520SerialNumber_Type","start_line":185,"end_line":204,"kind":"function","spaces":[],"metrics":{"nargs":{"total_functions":3.0,"total_closures":0.0,"average_functions":3.0,"average_closures":0.0,"total":3.0,"average":3.0,"functions_min":3.0,"functions_max":3.0,"closures_min":0.0,"closures_max":0.0},"nexits":{"sum":3.0,"average":3.0,"min":3.0,"max":3.0},"cognitive":{"sum":3.0,"average":3.0,"min":3.0,"max":3.0},"cyclomatic":{"sum":4.0,"average":4.0,"min":4.0,"max":4.0},"halstead":{"n1":16.0,"N1":52.0,"n2":24.0,"N2":40.0,"length":92.0,"estimated_program_length":174.03910001730776,"purity_ratio":1.8917293480142148,"vocabulary":40.0,"volume":489.61738472963737,"difficulty":13.333333333333334,"level":0.075,"effort":6528.2317963951655,"time":362.6795442441759,"bugs":0.11643292009824031},"loc":{"sloc":20.0,"ploc":16.0,"lloc":11.0,"cloc":0.0,"blank":4.0,"sloc_average":20.0,"ploc_average":16.0,"lloc_average":11.0,"cloc_average":0.0,"blank_average":4.0,"sloc_min":20.0,"sloc_max":20.0,"cloc_min":0.0,"cloc_max":0.0,"ploc_min":16.0,"ploc_max":16.0,"lloc_min":11.0,"lloc_max":11.0,"blank_min":4.0,"blank_max":4.0},"nom":{"functions":1.0,"closures":0.0,"functions_average":1.0,"closures_average":0.0,"total":1.0,"average":1.0,"functions_min":1.0,"functions_max":1.0,"closures_min":0.0,"closures_max":0.0},"mi":{"mi_original":89.34229112773686,"mi_sei":53.600107797249095,"mi_visual_studio":52.24695387586951},"abc":{"assignments":0.0,"branches":0.0,"conditions":0.0,"magnitude":0.0,"assignments_average":0.0,"branches_average":0.0,"conditions_average":0.0,"assignments_min":0.0,"assignments_max":0.0,"branches_min":0.0,"branches_max":0.0,"conditions_min":0.0,"conditions_max":0.0}}},{"name":"asn1E__at_emailAddress_Type","start_line":206,"end_line":225,"kind":"function","spaces":[],"metrics":{"nargs":{"total_functions":3.0,"total_closures":0.0,"average_functions":3.0,"average_closures":0.0,"total":3.0,"average":3.0,"functions_min":3.0,"functions_max":3.0,"closures_min":0.0,"closures_max":0.0},"nexits":{"sum":3.0,"average":3.0,"min":3.0,"max":3.0},"cognitive":{"sum":3.0,"average":3.0,"min":3.0,"max":3.0},"cyclomatic":{"sum":4.0,"average":4.0,"min":4.0,"max":4.0},"halstead":{"n1":16.0,"N1":52.0,"n2":24.0,"N2":40.0,"length":92.0,"estimated_program_length":174.03910001730776,"purity_ratio":1.8917293480142148,"vocabulary":40.0,"volume":489.61738472963737,"difficulty":13.333333333333334,"level":0.075,"effort":6528.2317963951655,"time":362.6795442441759,"bugs":0.11643292009824031},"loc":{"sloc":20.0,"ploc":16.0,"lloc":11.0,"cloc":0.0,"blank":4.0,"sloc_average":20.0,"ploc_average":16.0,"lloc_average":11.0,"cloc_average":0.0,"blank_average":4.0,"sloc_min":20.0,"sloc_max":20.0,"cloc_min":0.0,"cloc_max":0.0,"ploc_min":16.0,"ploc_max":16.0,"lloc_min":11.0,"lloc_max":11.0,"blank_min":4.0,"blank_max":4.0},"nom":{"functions":1.0,"closures":0.0,"functions_average":1.0,"closures_average":0.0,"total":1.0,"average":1.0,"functions_min":1.0,"functions_max":1.0,"closures_min":0.0,"closures_max":0.0},"mi":{"mi_original":89.34229112773686,"mi_sei":53.600107797249095,"mi_visual_studio":52.24695387586951},"abc":{"assignments":0.0,"branches":0.0,"conditions":0.0,"magnitude":0.0,"assignments_average":0.0,"branches_average":0.0,"conditions_average":0.0,"assignments_min":0.0,"assignments_max":0.0,"branches_min":0.0,"branches_max":0.0,"conditions_min":0.0,"conditions_max":0.0}}},{"name":"asn1E_X520name","start_line":227,"end_line":304,"kind":"function","spaces":[],"metrics":{"nargs":{"total_functions":3.0,"total_closures":0.0,"average_functions":3.0,"average_closures":0.0,"total":3.0,"average":3.0,"functions_min":3.0,"functions_max":3.0,"closures_min":0.0,"closures_max":0.0},"nexits":{"sum":12.0,"average":12.0,"min":12.0,"max":12.0},"cognitive":{"sum":26.0,"average":26.0,"min":26.0,"max":26.0},"cyclomatic":{"sum":21.0,"average":21.0,"min":21.0,"max":21.0},"halstead":{"n1":24.0,"N1":234.0,"n2":45.0,"N2":170.0,"length":404.0,"estimated_program_length":357.1724893521431,"purity_ratio":0.884090320178572,"vocabulary":69.0,"volume":2467.8438805383803,"difficulty":45.333333333333336,"level":0.022058823529411763,"effort":111875.58925107325,"time":6215.310513948514,"bugs":0.7739311063465084},"loc":{"sloc":78.0,"ploc":64.0,"lloc":53.0,"cloc":0.0,"blank":14.0,"sloc_average":78.0,"ploc_average":64.0,"lloc_average":53.0,"cloc_average":0.0,"blank_average":14.0,"sloc_min":78.0,"sloc_max":78.0,"cloc_min":0.0,"cloc_max":0.0,"ploc_min":64.0,"ploc_max":64.0,"lloc_min":53.0,"lloc_max":53.0,"blank_min":14.0,"blank_max":14.0},"nom":{"functions":1.0,"closures":0.0,"functions_average":1.0,"closures_average":0.0,"total":1.0,"average":1.0,"functions_min":1.0,"functions_max":1.0,"closures_min":0.0,"closures_max":0.0},"mi":{"mi_original":54.97359635479961,"mi_sei":5.74749989638191,"mi_visual_studio":32.14830196187112},"abc":{"assignments":0.0,"branches":0.0,"conditions":0.0,"magnitude":0.0,"assignments_average":0.0,"branches_average":0.0,"conditions_average":0.0,"assignments_min":0.0,"assignments_max":0.0,"branches_min":0.0,"branches_max":0.0,"conditions_min":0.0,"conditions_max":0.0}}},{"name":"asn1E_X520CommonName","start_line":306,"end_line":382,"kind":"function","spaces":[],"metrics":{"nargs":{"total_functions":3.0,"total_closures":0.0,"average_functions":3.0,"average_closures":0.0,"total":3.0,"average":3.0,"functions_min":3.0,"functions_max":3.0,"closures_min":0.0,"closures_max":0.0},"nexits":{"sum":12.0,"average":12.0,"min":12.0,"max":12.0},"cognitive":{"sum":26.0,"average":26.0,"min":26.0,"max":26.0},"cyclomatic":{"sum":21.0,"average":21.0,"min":21.0,"max":21.0},"halstead":{"n1":24.0,"N1":234.0,"n2":45.0,"N2":170.0,"length":404.0,"estimated_program_length":357.1724893521431,"purity_ratio":0.884090320178572,"vocabulary":69.0,"volume":2467.8438805383803,"difficulty":45.333333333333336,"level":0.022058823529411763,"effort":111875.58925107325,"time":6215.310513948514,"bugs":0.7739311063465084},"loc":{"sloc":77.0,"ploc":63.0,"lloc":53.0,"cloc":0.0,"blank":14.0,"sloc_average":77.0,"ploc_average":63.0,"lloc_average":53.0,"cloc_average":0.0,"blank_average":14.0,"sloc_min":77.0,"sloc_max":77.0,"cloc_min":0.0,"cloc_max":0.0,"ploc_min":63.0,"ploc_max":63.0,"lloc_min":53.0,"lloc_max":53.0,"blank_min":14.0,"blank_max":14.0},"nom":{"functions":1.0,"closures":0.0,"functions_average":1.0,"closures_average":0.0,"total":1.0,"average":1.0,"functions_min":1.0,"functions_max":1.0,"closures_min":0.0,"closures_max":0.0},"mi":{"mi_original":55.18263151314132,"mi_sei":6.0490738826929515,"mi_visual_studio":32.270544744527086},"abc":{"assignments":0.0,"branches":0.0,"conditions":0.0,"magnitude":0.0,"assignments_average":0.0,"branches_average":0.0,"conditions_average":0.0,"assignments_min":0.0,"assignments_max":0.0,"branches_min":0.0,"branches_max":0.0,"conditions_min":0.0,"conditions_max":0.0}}},{"name":"asn1E_X520LocalityName","start_line":384,"end_line":460,"kind":"function","spaces":[],"metrics":{"nargs":{"total_functions":3.0,"total_closures":0.0,"average_functions":3.0,"average_closures":0.0,"total":3.0,"average":3.0,"functions_min":3.0,"functions_max":3.0,"closures_min":0.0,"closures_max":0.0},"nexits":{"sum":12.0,"average":12.0,"min":12.0,"max":12.0},"cognitive":{"sum":26.0,"average":26.0,"min":26.0,"max":26.0},"cyclomatic":{"sum":21.0,"average":21.0,"min":21.0,"max":21.0},"halstead":{"n1":24.0,"N1":234.0,"n2":45.0,"N2":170.0,"length":404.0,"estimated_program_length":357.1724893521431,"purity_ratio":0.884090320178572,"vocabulary":69.0,"volume":2467.8438805383803,"difficulty":45.333333333333336,"level":0.022058823529411763,"effort":111875.58925107325,"time":6215.310513948514,"bugs":0.7739311063465084},"loc":{"sloc":77.0,"ploc":63.0,"lloc":53.0,"cloc":0.0,"blank":14.0,"sloc_average":77.0,"ploc_average":63.0,"lloc_average":53.0,"cloc_average":0.0,"blank_average":14.0,"sloc_min":77.0,"sloc_max":77.0,"cloc_min":0.0,"cloc_max":0.0,"ploc_min":63.0,"ploc_max":63.0,"lloc_min":53.0,"lloc_max":53.0,"blank_min":14.0,"blank_max":14.0},"nom":{"functions":1.0,"closures":0.0,"functions_average":1.0,"closures_average":0.0,"total":1.0,"average":1.0,"functions_min":1.0,"functions_max":1.0,"closures_min":0.0,"closures_max":0.0},"mi":{"mi_original":55.18263151314132,"mi_sei":6.0490738826929515,"mi_visual_studio":32.270544744527086},"abc":{"assignments":0.0,"branches":0.0,"conditions":0.0,"magnitude":0.0,"assignments_average":0.0,"branches_average":0.0,"conditions_average":0.0,"assignments_min":0.0,"assignments_max":0.0,"branches_min":0.0,"branches_max":0.0,"conditions_min":0.0,"conditions_max":0.0}}},{"name":"asn1E_X520StateOrProvinceName","start_line":462,"end_line":538,"kind":"function","spaces":[],"metrics":{"nargs":{"total_functions":3.0,"total_closures":0.0,"average_functions":3.0,"average_closures":0.0,"total":3.0,"average":3.0,"functions_min":3.0,"functions_max":3.0,"closures_min":0.0,"closures_max":0.0},"nexits":{"sum":12.0,"average":12.0,"min":12.0,"max":12.0},"cognitive":{"sum":26.0,"average":26.0,"min":26.0,"max":26.0},"cyclomatic":{"sum":21.0,"average":21.0,"min":21.0,"max":21.0},"halstead":{"n1":24.0,"N1":234.0,"n2":45.0,"N2":170.0,"length":404.0,"estimated_program_length":357.1724893521431,"purity_ratio":0.884090320178572,"vocabulary":69.0,"volume":2467.8438805383803,"difficulty":45.333333333333336,"level":0.022058823529411763,"effort":111875.58925107325,"time":6215.310513948514,"bugs":0.7739311063465084},"loc":{"sloc":77.0,"ploc":63.0,"lloc":53.0,"cloc":0.0,"blank":14.0,"sloc_average":77.0,"ploc_average":63.0,"lloc_average":53.0,"cloc_average":0.0,"blank_average":14.0,"sloc_min":77.0,"sloc_max":77.0,"cloc_min":0.0,"cloc_max":0.0,"ploc_min":63.0,"ploc_max":63.0,"lloc_min":53.0,"lloc_max":53.0,"blank_min":14.0,"blank_max":14.0},"nom":{"functions":1.0,"closures":0.0,"functions_average":1.0,"closures_average":0.0,"total":1.0,"average":1.0,"functions_min":1.0,"functions_max":1.0,"closures_min":0.0,"closures_max":0.0},"mi":{"mi_original":55.18263151314132,"mi_sei":6.0490738826929515,"mi_visual_studio":32.270544744527086},"abc":{"assignments":0.0,"branches":0.0,"conditions":0.0,"magnitude":0.0,"assignments_average":0.0,"branches_average":0.0,"conditions_average":0.0,"assignments_min":0.0,"assignments_max":0.0,"branches_min":0.0,"branches_max":0.0,"conditions_min":0.0,"conditions_max":0.0}}},{"name":"asn1E_X520OrganizationName","start_line":540,"end_line":616,"kind":"function","spaces":[],"metrics":{"nargs":{"total_functions":3.0,"total_closures":0.0,"average_functions":3.0,"average_closures":0.0,"total":3.0,"average":3.0,"functions_min":3.0,"functions_max":3.0,"closures_min":0.0,"closures_max":0.0},"nexits":{"sum":12.0,"average":12.0,"min":12.0,"max":12.0},"cognitive":{"sum":26.0,"average":26.0,"min":26.0,"max":26.0},"cyclomatic":{"sum":21.0,"average":21.0,"min":21.0,"max":21.0},"halstead":{"n1":24.0,"N1":234.0,"n2":45.0,"N2":170.0,"length":404.0,"estimated_program_length":357.1724893521431,"purity_ratio":0.884090320178572,"vocabulary":69.0,"volume":2467.8438805383803,"difficulty":45.333333333333336,"level":0.022058823529411763,"effort":111875.58925107325,"time":6215.310513948514,"bugs":0.7739311063465084},"loc":{"sloc":77.0,"ploc":63.0,"lloc":53.0,"cloc":0.0,"blank":14.0,"sloc_average":77.0,"ploc_average":63.0,"lloc_average":53.0,"cloc_average":0.0,"blank_average":14.0,"sloc_min":77.0,"sloc_max":77.0,"cloc_min":0.0,"cloc_max":0.0,"ploc_min":63.0,"ploc_max":63.0,"lloc_min":53.0,"lloc_max":53.0,"blank_min":14.0,"blank_max":14.0},"nom":{"functions":1.0,"closures":0.0,"functions_average":1.0,"closures_average":0.0,"total":1.0,"average":1.0,"functions_min":1.0,"functions_max":1.0,"closures_min":0.0,"closures_max":0.0},"mi":{"mi_original":55.18263151314132,"mi_sei":6.0490738826929515,"mi_visual_studio":32.270544744527086},"abc":{"assignments":0.0,"branches":0.0,"conditions":0.0,"magnitude":0.0,"assignments_average":0.0,"branches_average":0.0,"conditions_average":0.0,"assignments_min":0.0,"assignments_max":0.0,"branches_min":0.0,"branches_max":0.0,"conditions_min":0.0,"conditions_max":0.0}}},{"name":"asn1E_X520OrganizationalUnitName","start_line":618,"end_line":694,"kind":"function","spaces":[],"metrics":{"nargs":{"total_functions":3.0,"total_closures":0.0,"average_functions":3.0,"average_closures":0.0,"total":3.0,"average":3.0,"functions_min":3.0,"functions_max":3.0,"closures_min":0.0,"closures_max":0.0},"nexits":{"sum":12.0,"average":12.0,"min":12.0,"max":12.0},"cognitive":{"sum":26.0,"average":26.0,"min":26.0,"max":26.0},"cyclomatic":{"sum":21.0,"average":21.0,"min":21.0,"max":21.0},"halstead":{"n1":24.0,"N1":234.0,"n2":45.0,"N2":170.0,"length":404.0,"estimated_program_length":357.1724893521431,"purity_ratio":0.884090320178572,"vocabulary":69.0,"volume":2467.8438805383803,"difficulty":45.333333333333336,"level":0.022058823529411763,"effort":111875.58925107325,"time":6215.310513948514,"bugs":0.7739311063465084},"loc":{"sloc":77.0,"ploc":63.0,"lloc":53.0,"cloc":0.0,"blank":14.0,"sloc_average":77.0,"ploc_average":63.0,"lloc_average":53.0,"cloc_average":0.0,"blank_average":14.0,"sloc_min":77.0,"sloc_max":77.0,"cloc_min":0.0,"cloc_max":0.0,"ploc_min":63.0,"ploc_max":63.0,"lloc_min":53.0,"lloc_max":53.0,"blank_min":14.0,"blank_max":14.0},"nom":{"functions":1.0,"closures":0.0,"functions_average":1.0,"closures_average":0.0,"total":1.0,"average":1.0,"functions_min":1.0,"functions_max":1.0,"closures_min":0.0,"closures_max":0.0},"mi":{"mi_original":55.18263151314132,"mi_sei":6.0490738826929515,"mi_visual_studio":32.270544744527086},"abc":{"assignments":0.0,"branches":0.0,"conditions":0.0,"magnitude":0.0,"assignments_average":0.0,"branches_average":0.0,"conditions_average":0.0,"assignments_min":0.0,"assignments_max":0.0,"branches_min":0.0,"branches_max":0.0,"conditions_min":0.0,"conditions_max":0.0}}},{"name":"asn1E_TBSCertificate_signature_","start_line":696,"end_line":722,"kind":"function","spaces":[],"metrics":{"nargs":{"total_functions":3.0,"total_closures":0.0,"average_functions":3.0,"average_closures":0.0,"total":3.0,"average":3.0,"functions_min":3.0,"functions_max":3.0,"closures_min":0.0,"closures_max":0.0},"nexits":{"sum":3.0,"average":3.0,"min":3.0,"max":3.0},"cognitive":{"sum":5.0,"average":5.0,"min":5.0,"max":5.0},"cyclomatic":{"sum":5.0,"average":5.0,"min":5.0,"max":5.0},"halstead":{"n1":16.0,"N1":68.0,"n2":27.0,"N2":58.0,"length":126.0,"estimated_program_length":192.38196255841365,"purity_ratio":1.5268409726858225,"vocabulary":43.0,"volume":683.7093590924643,"difficulty":17.185185185185187,"level":0.058189655172413784,"effort":11749.671948848276,"time":652.7595527137931,"bugs":0.17227776917847631},"loc":{"sloc":27.0,"ploc":19.0,"lloc":16.0,"cloc":2.0,"blank":6.0,"sloc_average":27.0,"ploc_average":19.0,"lloc_average":16.0,"cloc_average":2.0,"blank_average":6.0,"sloc_min":27.0,"sloc_max":27.0,"cloc_min":2.0,"cloc_max":2.0,"ploc_min":19.0,"ploc_max":19.0,"lloc_min":16.0,"lloc_max":16.0,"blank_min":6.0,"blank_max":6.0},"nom":{"functions":1.0,"closures":0.0,"functions_average":1.0,"closures_average":0.0,"total":1.0,"average":1.0,"functions_min":1.0,"functions_max":1.0,"closures_min":0.0,"closures_max":0.0},"mi":{"mi_original":82.51427161941876,"mi_sei":64.31391037895668,"mi_visual_studio":48.253960011356},"abc":{"assignments":0.0,"branches":0.0,"conditions":0.0,"magnitude":0.0,"assignments_average":0.0,"branches_average":0.0,"conditions_average":0.0,"assignments_min":0.0,"assignments_max":0.0,"branches_min":0.0,"branches_max":0.0,"conditions_min":0.0,"conditions_max":0.0}}},{"name":"asn1E_Time","start_line":724,"end_line":752,"kind":"function","spaces":[],"metrics":{"nargs":{"total_functions":3.0,"total_closures":0.0,"average_functions":3.0,"average_closures":0.0,"total":3.0,"average":3.0,"functions_min":3.0,"functions_max":3.0,"closures_min":0.0,"closures_max":0.0},"nexits":{"sum":4.0,"average":4.0,"min":4.0,"max":4.0},"cognitive":{"sum":5.0,"average":5.0,"min":5.0,"max":5.0},"cyclomatic":{"sum":5.0,"average":5.0,"min":5.0,"max":5.0},"halstead":{"n1":19.0,"N1":81.0,"n2":28.0,"N2":64.0,"length":145.0,"estimated_program_length":215.31656057304102,"purity_ratio":1.4849417970554553,"vocabulary":47.0,"volume":805.4153834932574,"difficulty":21.714285714285715,"level":0.046052631578947366,"effort":17489.01975585359,"time":971.6122086585328,"bugs":0.2245892979161235},"loc":{"sloc":29.0,"ploc":25.0,"lloc":22.0,"cloc":0.0,"blank":4.0,"sloc_average":29.0,"ploc_average":25.0,"lloc_average":22.0,"cloc_average":0.0,"blank_average":4.0,"sloc_min":29.0,"sloc_max":29.0,"cloc_min":0.0,"cloc_max":0.0,"ploc_min":25.0,"ploc_max":25.0,"lloc_min":22.0,"lloc_max":22.0,"blank_min":4.0,"blank_max":4.0},"nom":{"functions":1.0,"closures":0.0,"functions_average":1.0,"closures_average":0.0,"total":1.0,"average":1.0,"functions_min":1.0,"functions_max":1.0,"closures_min":0.0,"closures_max":0.0},"mi":{"mi_original":80.50474518111662,"mi_sei":40.95204394583621,"mi_visual_studio":47.07879835153018},"abc":{"assignments":0.0,"branches":0.0,"conditions":0.0,"magnitude":0.0,"assignments_average":0.0,"branches_average":0.0,"conditions_average":0.0,"assignments_min":0.0,"assignments_max":0.0,"branches_min":0.0,"branches_max":0.0,"conditions_min":0.0,"conditions_max":0.0}}},{"name":"asn1E_Validity","start_line":754,"end_line":779,"kind":"function","spaces":[],"metrics":{"nargs":{"total_functions":3.0,"total_closures":0.0,"average_functions":3.0,"average_closures":0.0,"total":3.0,"average":3.0,"functions_min":3.0,"functions_max":3.0,"closures_min":0.0,"closures_max":0.0},"nexits":{"sum":3.0,"average":3.0,"min":3.0,"max":3.0},"cognitive":{"sum":3.0,"average":3.0,"min":3.0,"max":3.0},"cyclomatic":{"sum":4.0,"average":4.0,"min":4.0,"max":4.0},"halstead":{"n1":15.0,"N1":61.0,"n2":22.0,"N2":52.0,"length":113.0,"estimated_program_length":156.71085454414833,"purity_ratio":1.3868217216296312,"vocabulary":37.0,"volume":588.6682303160713,"difficulty":17.727272727272727,"level":0.05641025641025641,"effort":10435.482264693992,"time":579.7490147052217,"bugs":0.15917948483545608},"loc":{"sloc":26.0,"ploc":17.0,"lloc":15.0,"cloc":2.0,"blank":7.0,"sloc_average":26.0,"ploc_average":17.0,"lloc_average":15.0,"cloc_average":2.0,"blank_average":7.0,"sloc_min":26.0,"sloc_max":26.0,"cloc_min":2.0,"cloc_max":2.0,"ploc_min":17.0,"ploc_max":17.0,"lloc_min":15.0,"lloc_max":15.0,"blank_min":7.0,"blank_max":7.0},"nom":{"functions":1.0,"closures":0.0,"functions_average":1.0,"closures_average":0.0,"total":1.0,"average":1.0,"functions_min":1.0,"functions_max":1.0,"closures_min":0.0,"closures_max":0.0},"mi":{"mi_original":84.13394979056065,"mi_sei":66.91455174027006,"mi_visual_studio":49.201140228398046},"abc":{"assignments":0.0,"branches":0.0,"conditions":0.0,"magnitude":0.0,"assignments_average":0.0,"branches_average":0.0,"conditions_average":0.0,"assignments_min":0.0,"assignments_max":0.0,"branches_min":0.0,"branches_max":0.0,"conditions_min":0.0,"conditions_max":0.0}}},{"name":"asn1E_SubjectPublicKeyInfo_algorithm","start_line":781,"end_line":807,"kind":"function","spaces":[],"metrics":{"nargs":{"total_functions":3.0,"total_closures":0.0,"average_functions":3.0,"average_closures":0.0,"total":3.0,"average":3.0,"functions_min":3.0,"functions_max":3.0,"closures_min":0.0,"closures_max":0.0},"nexits":{"sum":3.0,"average":3.0,"min":3.0,"max":3.0},"cognitive":{"sum":5.0,"average":5.0,"min":5.0,"max":5.0},"cyclomatic":{"sum":5.0,"average":5.0,"min":5.0,"max":5.0},"halstead":{"n1":16.0,"N1":68.0,"n2":27.0,"N2":58.0,"length":126.0,"estimated_program_length":192.38196255841365,"purity_ratio":1.5268409726858225,"vocabulary":43.0,"volume":683.7093590924643,"difficulty":17.185185185185187,"level":0.058189655172413784,"effort":11749.671948848276,"time":652.7595527137931,"bugs":0.17227776917847631},"loc":{"sloc":27.0,"ploc":19.0,"lloc":16.0,"cloc":2.0,"blank":6.0,"sloc_average":27.0,"ploc_average":19.0,"lloc_average":16.0,"cloc_average":2.0,"blank_average":6.0,"sloc_min":27.0,"sloc_max":27.0,"cloc_min":2.0,"cloc_max":2.0,"ploc_min":19.0,"ploc_max":19.0,"lloc_min":16.0,"lloc_max":16.0,"blank_min":6.0,"blank_max":6.0},"nom":{"functions":1.0,"closures":0.0,"functions_average":1.0,"closures_average":0.0,"total":1.0,"average":1.0,"functions_min":1.0,"functions_max":1.0,"closures_min":0.0,"closures_max":0.0},"mi":{"mi_original":82.51427161941876,"mi_sei":64.31391037895668,"mi_visual_studio":48.253960011356},"abc":{"assignments":0.0,"branches":0.0,"conditions":0.0,"magnitude":0.0,"assignments_average":0.0,"branches_average":0.0,"conditions_average":0.0,"assignments_min":0.0,"assignments_max":0.0,"branches_min":0.0,"branches_max":0.0,"conditions_min":0.0,"conditions_max":0.0}}},{"name":"asn1E_SubjectPublicKeyInfo","start_line":809,"end_line":834,"kind":"function","spaces":[],"metrics":{"nargs":{"total_functions":3.0,"total_closures":0.0,"average_functions":3.0,"average_closures":0.0,"total":3.0,"average":3.0,"functions_min":3.0,"functions_max":3.0,"closures_min":0.0,"closures_max":0.0},"nexits":{"sum":3.0,"average":3.0,"min":3.0,"max":3.0},"cognitive":{"sum":3.0,"average":3.0,"min":3.0,"max":3.0},"cyclomatic":{"sum":4.0,"average":4.0,"min":4.0,"max":4.0},"halstead":{"n1":16.0,"N1":64.0,"n2":25.0,"N2":56.0,"length":120.0,"estimated_program_length":180.0964047443681,"purity_ratio":1.500803372869734,"vocabulary":41.0,"volume":642.90624055417,"difficulty":17.92,"level":0.055803571428571425,"effort":11520.879830730728,"time":640.0488794850404,"bugs":0.17003402799296505},"loc":{"sloc":26.0,"ploc":17.0,"lloc":15.0,"cloc":2.0,"blank":7.0,"sloc_average":26.0,"ploc_average":17.0,"lloc_average":15.0,"cloc_average":2.0,"blank_average":7.0,"sloc_min":26.0,"sloc_max":26.0,"cloc_min":2.0,"cloc_max":2.0,"ploc_min":17.0,"ploc_max":17.0,"lloc_min":15.0,"lloc_max":15.0,"blank_min":7.0,"blank_max":7.0},"nom":{"functions":1.0,"closures":0.0,"functions_average":1.0,"closures_average":0.0,"total":1.0,"average":1.0,"functions_min":1.0,"functions_max":1.0,"closures_min":0.0,"closures_max":0.0},"mi":{"mi_original":83.675641814545,"mi_sei":66.25335309607242,"mi_visual_studio":48.93312386815497},"abc":{"assignments":0.0,"branches":0.0,"conditions":0.0,"magnitude":0.0,"assignments_average":0.0,"branches_average":0.0,"conditions_average":0.0,"assignments_min":0.0,"assignments_max":0.0,"branches_min":0.0,"branches_max":0.0,"conditions_min":0.0,"conditions_max":0.0}}},{"name":"asn1E_TBSCertificate","start_line":836,"end_line":929,"kind":"function","spaces":[],"metrics":{"nargs":{"total_functions":3.0,"total_closures":0.0,"average_functions":3.0,"average_closures":0.0,"total":3.0,"average":3.0,"functions_min":3.0,"functions_max":3.0,"closures_min":0.0,"closures_max":0.0},"nexits":{"sum":12.0,"average":12.0,"min":12.0,"max":12.0},"cognitive":{"sum":30.0,"average":30.0,"min":30.0,"max":30.0},"cyclomatic":{"sum":20.0,"average":20.0,"min":20.0,"max":20.0},"halstead":{"n1":18.0,"N1":260.0,"n2":53.0,"N2":210.0,"length":470.0,"estimated_program_length":378.63843411781113,"purity_ratio":0.8056136896123641,"vocabulary":71.0,"volume":2890.3811461672008,"difficulty":35.660377358490564,"level":0.028042328042328046,"effort":103072.08238218885,"time":5726.226799010492,"bugs":0.7327786017497304},"loc":{"sloc":94.0,"ploc":62.0,"lloc":58.0,"cloc":11.0,"blank":21.0,"sloc_average":94.0,"ploc_average":62.0,"lloc_average":58.0,"cloc_average":11.0,"blank_average":21.0,"sloc_min":94.0,"sloc_max":94.0,"cloc_min":11.0,"cloc_max":11.0,"ploc_min":62.0,"ploc_max":62.0,"lloc_min":58.0,"lloc_max":58.0,"blank_min":21.0,"blank_max":21.0},"nom":{"functions":1.0,"closures":0.0,"functions_average":1.0,"closures_average":0.0,"total":1.0,"average":1.0,"functions_min":1.0,"functions_max":1.0,"closures_min":0.0,"closures_max":0.0},"mi":{"mi_original":51.359077511359445,"mi_sei":25.705706946785952,"mi_visual_studio":30.034548252256986},"abc":{"assignments":0.0,"branches":0.0,"conditions":0.0,"magnitude":0.0,"assignments_average":0.0,"branches_average":0.0,"conditions_average":0.0,"assignments_min":0.0,"assignments_max":0.0,"branches_min":0.0,"branches_max":0.0,"conditions_min":0.0,"conditions_max":0.0}}},{"name":"asn1E_Certificate_algorithm","start_line":931,"end_line":957,"kind":"function","spaces":[],"metrics":{"nargs":{"total_functions":3.0,"total_closures":0.0,"average_functions":3.0,"average_closures":0.0,"total":3.0,"average":3.0,"functions_min":3.0,"functions_max":3.0,"closures_min":0.0,"closures_max":0.0},"nexits":{"sum":3.0,"average":3.0,"min":3.0,"max":3.0},"cognitive":{"sum":5.0,"average":5.0,"min":5.0,"max":5.0},"cyclomatic":{"sum":5.0,"average":5.0,"min":5.0,"max":5.0},"halstead":{"n1":16.0,"N1":68.0,"n2":27.0,"N2":58.0,"length":126.0,"estimated_program_length":192.38196255841365,"purity_ratio":1.5268409726858225,"vocabulary":43.0,"volume":683.7093590924643,"difficulty":17.185185185185187,"level":0.058189655172413784,"effort":11749.671948848276,"time":652.7595527137931,"bugs":0.17227776917847631},"loc":{"sloc":27.0,"ploc":19.0,"lloc":16.0,"cloc":2.0,"blank":6.0,"sloc_average":27.0,"ploc_average":19.0,"lloc_average":16.0,"cloc_average":2.0,"blank_average":6.0,"sloc_min":27.0,"sloc_max":27.0,"cloc_min":2.0,"cloc_max":2.0,"ploc_min":19.0,"ploc_max":19.0,"lloc_min":16.0,"lloc_max":16.0,"blank_min":6.0,"blank_max":6.0},"nom":{"functions":1.0,"closures":0.0,"functions_average":1.0,"closures_average":0.0,"total":1.0,"average":1.0,"functions_min":1.0,"functions_max":1.0,"closures_min":0.0,"closures_max":0.0},"mi":{"mi_original":82.51427161941876,"mi_sei":64.31391037895668,"mi_visual_studio":48.253960011356},"abc":{"assignments":0.0,"branches":0.0,"conditions":0.0,"magnitude":0.0,"assignments_average":0.0,"branches_average":0.0,"conditions_average":0.0,"assignments_min":0.0,"assignments_max":0.0,"branches_min":0.0,"branches_max":0.0,"conditions_min":0.0,"conditions_max":0.0}}},{"name":"asn1E_Certificate","start_line":959,"end_line":990,"kind":"function","spaces":[],"metrics":{"nargs":{"total_functions":3.0,"total_closures":0.0,"average_functions":3.0,"average_closures":0.0,"total":3.0,"average":3.0,"functions_min":3.0,"functions_max":3.0,"closures_min":0.0,"closures_max":0.0},"nexits":{"sum":4.0,"average":4.0,"min":4.0,"max":4.0},"cognitive":{"sum":4.0,"average":4.0,"min":4.0,"max":4.0},"cyclomatic":{"sum":5.0,"average":5.0,"min":5.0,"max":5.0},"halstead":{"n1":16.0,"N1":80.0,"n2":27.0,"N2":69.0,"length":149.0,"estimated_program_length":192.38196255841365,"purity_ratio":1.2911541111302929,"vocabulary":43.0,"volume":808.5134484506126,"difficulty":20.444444444444443,"level":0.04891304347826087,"effort":16529.608279434746,"time":918.3115710797081,"bugs":0.21629863883411296},"loc":{"sloc":32.0,"ploc":20.0,"lloc":19.0,"cloc":3.0,"blank":9.0,"sloc_average":32.0,"ploc_average":20.0,"lloc_average":19.0,"cloc_average":3.0,"blank_average":9.0,"sloc_min":32.0,"sloc_max":32.0,"cloc_min":3.0,"cloc_max":3.0,"ploc_min":20.0,"ploc_max":20.0,"lloc_min":19.0,"lloc_max":19.0,"blank_min":9.0,"blank_max":9.0},"nom":{"functions":1.0,"closures":0.0,"functions_average":1.0,"closures_average":0.0,"total":1.0,"average":1.0,"functions_min":1.0,"functions_max":1.0,"closures_min":0.0,"closures_max":0.0},"mi":{"mi_original":78.89005234856462,"mi_sei":61.46017867275201,"mi_visual_studio":46.134533537172295},"abc":{"assignments":0.0,"branches":0.0,"conditions":0.0,"magnitude":0.0,"assignments_average":0.0,"branches_average":0.0,"conditions_average":0.0,"assignments_min":0.0,"assignments_max":0.0,"branches_min":0.0,"branches_max":0.0,"conditions_min":0.0,"conditions_max":0.0}}},{"name":"asn1E_TBSCertList_signature_","start_line":992,"end_line":1018,"kind":"function","spaces":[],"metrics":{"nargs":{"total_functions":3.0,"total_closures":0.0,"average_functions":3.0,"average_closures":0.0,"total":3.0,"average":3.0,"functions_min":3.0,"functions_max":3.0,"closures_min":0.0,"closures_max":0.0},"nexits":{"sum":3.0,"average":3.0,"min":3.0,"max":3.0},"cognitive":{"sum":5.0,"average":5.0,"min":5.0,"max":5.0},"cyclomatic":{"sum":5.0,"average":5.0,"min":5.0,"max":5.0},"halstead":{"n1":16.0,"N1":68.0,"n2":27.0,"N2":58.0,"length":126.0,"estimated_program_length":192.38196255841365,"purity_ratio":1.5268409726858225,"vocabulary":43.0,"volume":683.7093590924643,"difficulty":17.185185185185187,"level":0.058189655172413784,"effort":11749.671948848276,"time":652.7595527137931,"bugs":0.17227776917847631},"loc":{"sloc":27.0,"ploc":19.0,"lloc":16.0,"cloc":2.0,"blank":6.0,"sloc_average":27.0,"ploc_average":19.0,"lloc_average":16.0,"cloc_average":2.0,"blank_average":6.0,"sloc_min":27.0,"sloc_max":27.0,"cloc_min":2.0,"cloc_max":2.0,"ploc_min":19.0,"ploc_max":19.0,"lloc_min":16.0,"lloc_max":16.0,"blank_min":6.0,"blank_max":6.0},"nom":{"functions":1.0,"closures":0.0,"functions_average":1.0,"closures_average":0.0,"total":1.0,"average":1.0,"functions_min":1.0,"functions_max":1.0,"closures_min":0.0,"closures_max":0.0},"mi":{"mi_original":82.51427161941876,"mi_sei":64.31391037895668,"mi_visual_studio":48.253960011356},"abc":{"assignments":0.0,"branches":0.0,"conditions":0.0,"magnitude":0.0,"assignments_average":0.0,"branches_average":0.0,"conditions_average":0.0,"assignments_min":0.0,"assignments_max":0.0,"branches_min":0.0,"branches_max":0.0,"conditions_min":0.0,"conditions_max":0.0}}},{"name":"asn1E_TBSCertList_revokedCertificates_element","start_line":1020,"end_line":1062,"kind":"function","spaces":[],"metrics":{"nargs":{"total_functions":3.0,"total_closures":0.0,"average_functions":3.0,"average_closures":0.0,"total":3.0,"average":3.0,"functions_min":3.0,"functions_max":3.0,"closures_min":0.0,"closures_max":0.0},"nexits":{"sum":5.0,"average":5.0,"min":5.0,"max":5.0},"cognitive":{"sum":12.0,"average":12.0,"min":12.0,"max":12.0},"cyclomatic":{"sum":9.0,"average":9.0,"min":9.0,"max":9.0},"halstead":{"n1":17.0,"N1":108.0,"n2":31.0,"N2":87.0,"length":195.0,"estimated_program_length":223.0669539232489,"purity_ratio":1.143933097042302,"vocabulary":48.0,"volume":1089.0676876406255,"difficulty":23.85483870967742,"level":0.04192021636240703,"effort":25979.53403258847,"time":1443.307446254915,"bugs":0.29239255941682063},"loc":{"sloc":43.0,"ploc":29.0,"lloc":26.0,"cloc":4.0,"blank":10.0,"sloc_average":43.0,"ploc_average":29.0,"lloc_average":26.0,"cloc_average":4.0,"blank_average":10.0,"sloc_min":43.0,"sloc_max":43.0,"cloc_min":4.0,"cloc_max":4.0,"ploc_min":29.0,"ploc_max":29.0,"lloc_min":26.0,"lloc_max":26.0,"blank_min":10.0,"blank_max":10.0},"nom":{"functions":1.0,"closures":0.0,"functions_average":1.0,"closures_average":0.0,"total":1.0,"average":1.0,"functions_min":1.0,"functions_max":1.0,"closures_min":0.0,"closures_max":0.0},"mi":{"mi_original":71.63455628651928,"mi_sei":51.31801473549701,"mi_visual_studio":41.891553383929406},"abc":{"assignments":0.0,"branches":0.0,"conditions":0.0,"magnitude":0.0,"assignments_average":0.0,"branches_average":0.0,"conditions_average":0.0,"assignments_min":0.0,"assignments_max":0.0,"branches_min":0.0,"branches_max":0.0,"conditions_min":0.0,"conditions_max":0.0}}},{"name":"asn1E_TBSCertList_revokedCertificates","start_line":1064,"end_line":1089,"kind":"function","spaces":[],"metrics":{"nargs":{"total_functions":3.0,"total_closures":0.0,"average_functions":3.0,"average_closures":0.0,"total":3.0,"average":3.0,"functions_min":3.0,"functions_max":3.0,"closures_min":0.0,"closures_max":0.0},"nexits":{"sum":3.0,"average":3.0,"min":3.0,"max":3.0},"cognitive":{"sum":5.0,"average":5.0,"min":5.0,"max":5.0},"cyclomatic":{"sum":5.0,"average":5.0,"min":5.0,"max":5.0},"halstead":{"n1":21.0,"N1":65.0,"n2":26.0,"N2":52.0,"length":117.0,"estimated_program_length":214.45009855002235,"purity_ratio":1.8329068252138663,"vocabulary":47.0,"volume":649.8868956462836,"difficulty":21.0,"level":0.047619047619047616,"effort":13647.624808571956,"time":758.2013782539975,"bugs":0.19036340384396577},"loc":{"sloc":26.0,"ploc":22.0,"lloc":17.0,"cloc":0.0,"blank":4.0,"sloc_average":26.0,"ploc_average":22.0,"lloc_average":17.0,"cloc_average":0.0,"blank_average":4.0,"sloc_min":26.0,"sloc_max":26.0,"cloc_min":0.0,"cloc_max":0.0,"ploc_min":22.0,"ploc_max":22.0,"lloc_min":17.0,"lloc_max":17.0,"blank_min":4.0,"blank_max":4.0},"nom":{"functions":1.0,"closures":0.0,"functions_average":1.0,"closures_average":0.0,"total":1.0,"average":1.0,"functions_min":1.0,"functions_max":1.0,"closures_min":0.0,"closures_max":0.0},"mi":{"mi_original":83.38948471058816,"mi_sei":45.11384335926114,"mi_visual_studio":48.7657805325077},"abc":{"assignments":0.0,"branches":0.0,"conditions":0.0,"magnitude":0.0,"assignments_average":0.0,"branches_average":0.0,"conditions_average":0.0,"assignments_min":0.0,"assignments_max":0.0,"branches_min":0.0,"branches_max":0.0,"conditions_min":0.0,"conditions_max":0.0}}},{"name":"asn1E_TBSCertList","start_line":1091,"end_line":1161,"kind":"function","spaces":[],"metrics":{"nargs":{"total_functions":3.0,"total_closures":0.0,"average_functions":3.0,"average_closures":0.0,"total":3.0,"average":3.0,"functions_min":3.0,"functions_max":3.0,"closures_min":0.0,"closures_max":0.0},"nexits":{"sum":9.0,"average":9.0,"min":9.0,"max":9.0},"cognitive":{"sum":22.0,"average":22.0,"min":22.0,"max":22.0},"cyclomatic":{"sum":16.0,"average":16.0,"min":16.0,"max":16.0},"halstead":{"n1":17.0,"N1":192.0,"n2":42.0,"N2":153.0,"length":345.0,"estimated_program_length":295.9642000579637,"purity_ratio":0.8578672465448223,"vocabulary":59.0,"volume":2029.5118520298354,"difficulty":30.964285714285715,"level":0.03229527104959631,"effort":62842.38484678097,"time":3491.2436025989427,"bugs":0.5268825928881404},"loc":{"sloc":71.0,"ploc":48.0,"lloc":45.0,"cloc":8.0,"blank":15.0,"sloc_average":71.0,"ploc_average":48.0,"lloc_average":45.0,"cloc_average":8.0,"blank_average":15.0,"sloc_min":71.0,"sloc_max":71.0,"cloc_min":8.0,"cloc_max":8.0,"ploc_min":48.0,"ploc_max":48.0,"lloc_min":45.0,"lloc_max":45.0,"blank_min":15.0,"blank_max":15.0},"nom":{"functions":1.0,"closures":0.0,"functions_average":1.0,"closures_average":0.0,"total":1.0,"average":1.0,"functions_min":1.0,"functions_max":1.0,"closures_min":0.0,"closures_max":0.0},"mi":{"mi_original":58.66372299600977,"mi_sei":35.40707508744771,"mi_visual_studio":34.30627075790045},"abc":{"assignments":0.0,"branches":0.0,"conditions":0.0,"magnitude":0.0,"assignments_average":0.0,"branches_average":0.0,"conditions_average":0.0,"assignments_min":0.0,"assignments_max":0.0,"branches_min":0.0,"branches_max":0.0,"conditions_min":0.0,"conditions_max":0.0}}},{"name":"asn1E_CertificateList_algorithm","start_line":1163,"end_line":1189,"kind":"function","spaces":[],"metrics":{"nargs":{"total_functions":3.0,"total_closures":0.0,"average_functions":3.0,"average_closures":0.0,"total":3.0,"average":3.0,"functions_min":3.0,"functions_max":3.0,"closures_min":0.0,"closures_max":0.0},"nexits":{"sum":3.0,"average":3.0,"min":3.0,"max":3.0},"cognitive":{"sum":5.0,"average":5.0,"min":5.0,"max":5.0},"cyclomatic":{"sum":5.0,"average":5.0,"min":5.0,"max":5.0},"halstead":{"n1":16.0,"N1":68.0,"n2":27.0,"N2":58.0,"length":126.0,"estimated_program_length":192.38196255841365,"purity_ratio":1.5268409726858225,"vocabulary":43.0,"volume":683.7093590924643,"difficulty":17.185185185185187,"level":0.058189655172413784,"effort":11749.671948848276,"time":652.7595527137931,"bugs":0.17227776917847631},"loc":{"sloc":27.0,"ploc":19.0,"lloc":16.0,"cloc":2.0,"blank":6.0,"sloc_average":27.0,"ploc_average":19.0,"lloc_average":16.0,"cloc_average":2.0,"blank_average":6.0,"sloc_min":27.0,"sloc_max":27.0,"cloc_min":2.0,"cloc_max":2.0,"ploc_min":19.0,"ploc_max":19.0,"lloc_min":16.0,"lloc_max":16.0,"blank_min":6.0,"blank_max":6.0},"nom":{"functions":1.0,"closures":0.0,"functions_average":1.0,"closures_average":0.0,"total":1.0,"average":1.0,"functions_min":1.0,"functions_max":1.0,"closures_min":0.0,"closures_max":0.0},"mi":{"mi_original":82.51427161941876,"mi_sei":64.31391037895668,"mi_visual_studio":48.253960011356},"abc":{"assignments":0.0,"branches":0.0,"conditions":0.0,"magnitude":0.0,"assignments_average":0.0,"branches_average":0.0,"conditions_average":0.0,"assignments_min":0.0,"assignments_max":0.0,"branches_min":0.0,"branches_max":0.0,"conditions_min":0.0,"conditions_max":0.0}}},{"name":"asn1E_CertificateList","start_line":1191,"end_line":1222,"kind":"function","spaces":[],"metrics":{"nargs":{"total_functions":3.0,"total_closures":0.0,"average_functions":3.0,"average_closures":0.0,"total":3.0,"average":3.0,"functions_min":3.0,"functions_max":3.0,"closures_min":0.0,"closures_max":0.0},"nexits":{"sum":4.0,"average":4.0,"min":4.0,"max":4.0},"cognitive":{"sum":4.0,"average":4.0,"min":4.0,"max":4.0},"cyclomatic":{"sum":5.0,"average":5.0,"min":5.0,"max":5.0},"halstead":{"n1":16.0,"N1":80.0,"n2":27.0,"N2":69.0,"length":149.0,"estimated_program_length":192.38196255841365,"purity_ratio":1.2911541111302929,"vocabulary":43.0,"volume":808.5134484506126,"difficulty":20.444444444444443,"level":0.04891304347826087,"effort":16529.608279434746,"time":918.3115710797081,"bugs":0.21629863883411296},"loc":{"sloc":32.0,"ploc":20.0,"lloc":19.0,"cloc":3.0,"blank":9.0,"sloc_average":32.0,"ploc_average":20.0,"lloc_average":19.0,"cloc_average":3.0,"blank_average":9.0,"sloc_min":32.0,"sloc_max":32.0,"cloc_min":3.0,"cloc_max":3.0,"ploc_min":20.0,"ploc_max":20.0,"lloc_min":19.0,"lloc_max":19.0,"blank_min":9.0,"blank_max":9.0},"nom":{"functions":1.0,"closures":0.0,"functions_average":1.0,"closures_average":0.0,"total":1.0,"average":1.0,"functions_min":1.0,"functions_max":1.0,"closures_min":0.0,"closures_max":0.0},"mi":{"mi_original":78.89005234856462,"mi_sei":61.46017867275201,"mi_visual_studio":46.134533537172295},"abc":{"assignments":0.0,"branches":0.0,"conditions":0.0,"magnitude":0.0,"assignments_average":0.0,"branches_average":0.0,"conditions_average":0.0,"assignments_min":0.0,"assignments_max":0.0,"branches_min":0.0,"branches_max":0.0,"conditions_min":0.0,"conditions_max":0.0}}},{"name":"asn1E__at_x520StateOrProvinceName_Type","start_line":1224,"end_line":1301,"kind":"function","spaces":[],"metrics":{"nargs":{"total_functions":3.0,"total_closures":0.0,"average_functions":3.0,"average_closures":0.0,"total":3.0,"average":3.0,"functions_min":3.0,"functions_max":3.0,"closures_min":0.0,"closures_max":0.0},"nexits":{"sum":12.0,"average":12.0,"min":12.0,"max":12.0},"cognitive":{"sum":26.0,"average":26.0,"min":26.0,"max":26.0},"cyclomatic":{"sum":21.0,"average":21.0,"min":21.0,"max":21.0},"halstead":{"n1":24.0,"N1":240.0,"n2":46.0,"N2":173.0,"length":413.0,"estimated_program_length":364.12294999593036,"purity_ratio":0.8816536319514052,"vocabulary":70.0,"volume":2531.393885998271,"difficulty":45.130434782608695,"level":0.022157996146435453,"effort":114242.90668113936,"time":6346.828148952187,"bugs":0.7848106866986801},"loc":{"sloc":78.0,"ploc":64.0,"lloc":54.0,"cloc":0.0,"blank":14.0,"sloc_average":78.0,"ploc_average":64.0,"lloc_average":54.0,"cloc_average":0.0,"blank_average":14.0,"sloc_min":78.0,"sloc_max":78.0,"cloc_min":0.0,"cloc_max":0.0,"ploc_min":64.0,"ploc_max":64.0,"lloc_min":54.0,"lloc_max":54.0,"blank_min":14.0,"blank_max":14.0},"nom":{"functions":1.0,"closures":0.0,"functions_average":1.0,"closures_average":0.0,"total":1.0,"average":1.0,"functions_min":1.0,"functions_max":1.0,"closures_min":0.0,"closures_max":0.0},"mi":{"mi_original":54.84138506755818,"mi_sei":5.556759327929186,"mi_visual_studio":32.07098541962466},"abc":{"assignments":0.0,"branches":0.0,"conditions":0.0,"magnitude":0.0,"assignments_average":0.0,"branches_average":0.0,"conditions_average":0.0,"assignments_min":0.0,"assignments_max":0.0,"branches_min":0.0,"branches_max":0.0,"conditions_min":0.0,"conditions_max":0.0}}},{"name":"asn1E__at_x520OrganizationName_Type","start_line":1303,"end_line":1380,"kind":"function","spaces":[],"metrics":{"nargs":{"total_functions":3.0,"total_closures":0.0,"average_functions":3.0,"average_closures":0.0,"total":3.0,"average":3.0,"functions_min":3.0,"functions_max":3.0,"closures_min":0.0,"closures_max":0.0},"nexits":{"sum":12.0,"average":12.0,"min":12.0,"max":12.0},"cognitive":{"sum":26.0,"average":26.0,"min":26.0,"max":26.0},"cyclomatic":{"sum":21.0,"average":21.0,"min":21.0,"max":21.0},"halstead":{"n1":24.0,"N1":240.0,"n2":46.0,"N2":173.0,"length":413.0,"estimated_program_length":364.12294999593036,"purity_ratio":0.8816536319514052,"vocabulary":70.0,"volume":2531.393885998271,"difficulty":45.130434782608695,"level":0.022157996146435453,"effort":114242.90668113936,"time":6346.828148952187,"bugs":0.7848106866986801},"loc":{"sloc":78.0,"ploc":64.0,"lloc":54.0,"cloc":0.0,"blank":14.0,"sloc_average":78.0,"ploc_average":64.0,"lloc_average":54.0,"cloc_average":0.0,"blank_average":14.0,"sloc_min":78.0,"sloc_max":78.0,"cloc_min":0.0,"cloc_max":0.0,"ploc_min":64.0,"ploc_max":64.0,"lloc_min":54.0,"lloc_max":54.0,"blank_min":14.0,"blank_max":14.0},"nom":{"functions":1.0,"closures":0.0,"functions_average":1.0,"closures_average":0.0,"total":1.0,"average":1.0,"functions_min":1.0,"functions_max":1.0,"closures_min":0.0,"closures_max":0.0},"mi":{"mi_original":54.84138506755818,"mi_sei":5.556759327929186,"mi_visual_studio":32.07098541962466},"abc":{"assignments":0.0,"branches":0.0,"conditions":0.0,"magnitude":0.0,"assignments_average":0.0,"branches_average":0.0,"conditions_average":0.0,"assignments_min":0.0,"assignments_max":0.0,"branches_min":0.0,"branches_max":0.0,"conditions_min":0.0,"conditions_max":0.0}}},{"name":"asn1E__at_x520OrganizationalUnitName_Type","start_line":1382,"end_line":1459,"kind":"function","spaces":[],"metrics":{"nargs":{"total_functions":3.0,"total_closures":0.0,"average_functions":3.0,"average_closures":0.0,"total":3.0,"average":3.0,"functions_min":3.0,"functions_max":3.0,"closures_min":0.0,"closures_max":0.0},"nexits":{"sum":12.0,"average":12.0,"min":12.0,"max":12.0},"cognitive":{"sum":26.0,"average":26.0,"min":26.0,"max":26.0},"cyclomatic":{"sum":21.0,"average":21.0,"min":21.0,"max":21.0},"halstead":{"n1":24.0,"N1":240.0,"n2":46.0,"N2":173.0,"length":413.0,"estimated_program_length":364.12294999593036,"purity_ratio":0.8816536319514052,"vocabulary":70.0,"volume":2531.393885998271,"difficulty":45.130434782608695,"level":0.022157996146435453,"effort":114242.90668113936,"time":6346.828148952187,"bugs":0.7848106866986801},"loc":{"sloc":78.0,"ploc":64.0,"lloc":54.0,"cloc":0.0,"blank":14.0,"sloc_average":78.0,"ploc_average":64.0,"lloc_average":54.0,"cloc_average":0.0,"blank_average":14.0,"sloc_min":78.0,"sloc_max":78.0,"cloc_min":0.0,"cloc_max":0.0,"ploc_min":64.0,"ploc_max":64.0,"lloc_min":54.0,"lloc_max":54.0,"blank_min":14.0,"blank_max":14.0},"nom":{"functions":1.0,"closures":0.0,"functions_average":1.0,"closures_average":0.0,"total":1.0,"average":1.0,"functions_min":1.0,"functions_max":1.0,"closures_min":0.0,"closures_max":0.0},"mi":{"mi_original":54.84138506755818,"mi_sei":5.556759327929186,"mi_visual_studio":32.07098541962466},"abc":{"assignments":0.0,"branches":0.0,"conditions":0.0,"magnitude":0.0,"assignments_average":0.0,"branches_average":0.0,"conditions_average":0.0,"assignments_min":0.0,"assignments_max":0.0,"branches_min":0.0,"branches_max":0.0,"conditions_min":0.0,"conditions_max":0.0}}},{"name":"asn1E__at_x520Title_Type","start_line":1461,"end_line":1538,"kind":"function","spaces":[],"metrics":{"nargs":{"total_functions":3.0,"total_closures":0.0,"average_functions":3.0,"average_closures":0.0,"total":3.0,"average":3.0,"functions_min":3.0,"functions_max":3.0,"closures_min":0.0,"closures_max":0.0},"nexits":{"sum":12.0,"average":12.0,"min":12.0,"max":12.0},"cognitive":{"sum":26.0,"average":26.0,"min":26.0,"max":26.0},"cyclomatic":{"sum":21.0,"average":21.0,"min":21.0,"max":21.0},"halstead":{"n1":24.0,"N1":240.0,"n2":46.0,"N2":173.0,"length":413.0,"estimated_program_length":364.12294999593036,"purity_ratio":0.8816536319514052,"vocabulary":70.0,"volume":2531.393885998271,"difficulty":45.130434782608695,"level":0.022157996146435453,"effort":114242.90668113936,"time":6346.828148952187,"bugs":0.7848106866986801},"loc":{"sloc":78.0,"ploc":64.0,"lloc":54.0,"cloc":0.0,"blank":14.0,"sloc_average":78.0,"ploc_average":64.0,"lloc_average":54.0,"cloc_average":0.0,"blank_average":14.0,"sloc_min":78.0,"sloc_max":78.0,"cloc_min":0.0,"cloc_max":0.0,"ploc_min":64.0,"ploc_max":64.0,"lloc_min":54.0,"lloc_max":54.0,"blank_min":14.0,"blank_max":14.0},"nom":{"functions":1.0,"closures":0.0,"functions_average":1.0,"closures_average":0.0,"total":1.0,"average":1.0,"functions_min":1.0,"functions_max":1.0,"closures_min":0.0,"closures_max":0.0},"mi":{"mi_original":54.84138506755818,"mi_sei":5.556759327929186,"mi_visual_studio":32.07098541962466},"abc":{"assignments":0.0,"branches":0.0,"conditions":0.0,"magnitude":0.0,"assignments_average":0.0,"branches_average":0.0,"conditions_average":0.0,"assignments_min":0.0,"assignments_max":0.0,"branches_min":0.0,"branches_max":0.0,"conditions_min":0.0,"conditions_max":0.0}}},{"name":"asn1E__at_x520Pseudonym_Type","start_line":1540,"end_line":1617,"kind":"function","spaces":[],"metrics":{"nargs":{"total_functions":3.0,"total_closures":0.0,"average_functions":3.0,"average_closures":0.0,"total":3.0,"average":3.0,"functions_min":3.0,"functions_max":3.0,"closures_min":0.0,"closures_max":0.0},"nexits":{"sum":12.0,"average":12.0,"min":12.0,"max":12.0},"cognitive":{"sum":26.0,"average":26.0,"min":26.0,"max":26.0},"cyclomatic":{"sum":21.0,"average":21.0,"min":21.0,"max":21.0},"halstead":{"n1":24.0,"N1":240.0,"n2":46.0,"N2":173.0,"length":413.0,"estimated_program_length":364.12294999593036,"purity_ratio":0.8816536319514052,"vocabulary":70.0,"volume":2531.393885998271,"difficulty":45.130434782608695,"level":0.022157996146435453,"effort":114242.90668113936,"time":6346.828148952187,"bugs":0.7848106866986801},"loc":{"sloc":78.0,"ploc":64.0,"lloc":54.0,"cloc":0.0,"blank":14.0,"sloc_average":78.0,"ploc_average":64.0,"lloc_average":54.0,"cloc_average":0.0,"blank_average":14.0,"sloc_min":78.0,"sloc_max":78.0,"cloc_min":0.0,"cloc_max":0.0,"ploc_min":64.0,"ploc_max":64.0,"lloc_min":54.0,"lloc_max":54.0,"blank_min":14.0,"blank_max":14.0},"nom":{"functions":1.0,"closures":0.0,"functions_average":1.0,"closures_average":0.0,"total":1.0,"average":1.0,"functions_min":1.0,"functions_max":1.0,"closures_min":0.0,"closures_max":0.0},"mi":{"mi_original":54.84138506755818,"mi_sei":5.556759327929186,"mi_visual_studio":32.07098541962466},"abc":{"assignments":0.0,"branches":0.0,"conditions":0.0,"magnitude":0.0,"assignments_average":0.0,"branches_average":0.0,"conditions_average":0.0,"assignments_min":0.0,"assignments_max":0.0,"branches_min":0.0,"branches_max":0.0,"conditions_min":0.0,"conditions_max":0.0}}}],"metrics":{"nargs":{"total_functions":108.0,"total_closures":0.0,"average_functions":3.0,"average_closures":0.0,"total":108.0,"average":3.0,"functions_min":0.0,"functions_max":3.0,"closures_min":0.0,"closures_max":0.0},"nexits":{"sum":222.0,"average":6.166666666666667,"min":0.0,"max":12.0},"cognitive":{"sum":425.0,"average":11.805555555555555,"min":0.0,"max":30.0},"cyclomatic":{"sum":364.0,"average":9.837837837837839,"min":1.0,"max":21.0},"halstead":{"n1":30.0,"N1":4439.0,"n2":197.0,"N2":3409.0,"length":7848.0,"estimated_program_length":1648.7509263011616,"purity_ratio":0.2100854900995364,"vocabulary":227.0,"volume":61422.7525282591,"difficulty":259.56852791878174,"level":0.003852547179035885,"effort":15943413.454479843,"time":885745.1919155469,"bugs":21.115414819389272},"loc":{"sloc":1617.0,"ploc":1226.0,"lloc":1029.0,"cloc":49.0,"blank":342.0,"sloc_average":43.7027027027027,"ploc_average":33.13513513513514,"lloc_average":27.81081081081081,"cloc_average":1.3243243243243243,"blank_average":9.243243243243244,"sloc_min":11.0,"sloc_max":94.0,"cloc_min":0.0,"cloc_max":11.0,"ploc_min":9.0,"ploc_max":64.0,"lloc_min":7.0,"lloc_max":58.0,"blank_min":2.0,"blank_max":21.0},"nom":{"functions":36.0,"closures":0.0,"functions_average":0.972972972972973,"closures_average":0.0,"total":36.0,"average":0.972972972972973,"functions_min":0.0,"functions_max":1.0,"closures_min":0.0,"closures_max":0.0},"mi":{"mi_original":-89.7436964859351,"mi_sei":-154.79006087387438,"mi_visual_studio":0.0},"abc":{"assignments":0.0,"branches":0.0,"conditions":0.0,"magnitude":0.0,"assignments_average":0.0,"branches_average":0.0,"conditions_average":0.0,"assignments_min":0.0,"assignments_max":0.0,"branches_min":0.0,"branches_max":0.0,"conditions_min":0.0,"conditions_max":0.0}}}