{"name":"./src/x509-parser.c","start_line":1,"end_line":567,"kind":"unit","spaces":[{"name":"parse_x509_cert_relaxed","start_line":29,"end_line":66,"kind":"function","spaces":[],"metrics":{"nargs":{"total_functions":4.0,"total_closures":0.0,"average_functions":4.0,"average_closures":0.0,"total":4.0,"average":4.0,"functions_min":4.0,"functions_max":4.0,"closures_min":0.0,"closures_max":0.0},"nexits":{"sum":1.0,"average":1.0,"min":1.0,"max":1.0},"cognitive":{"sum":7.0,"average":7.0,"min":7.0,"max":7.0},"cyclomatic":{"sum":7.0,"average":7.0,"min":7.0,"max":7.0},"halstead":{"n1":16.0,"N1":77.0,"n2":20.0,"N2":55.0,"length":132.0,"estimated_program_length":150.43856189774726,"purity_ratio":1.1396860749829338,"vocabulary":36.0,"volume":682.4301001903852,"difficulty":22.0,"level":0.045454545454545456,"effort":15013.462204188476,"time":834.0812335660264,"bugs":0.20286135185610837},"loc":{"sloc":38.0,"ploc":26.0,"lloc":23.0,"cloc":6.0,"blank":6.0,"sloc_average":38.0,"ploc_average":26.0,"lloc_average":23.0,"cloc_average":6.0,"blank_average":6.0,"sloc_min":38.0,"sloc_max":38.0,"cloc_min":6.0,"cloc_max":6.0,"ploc_min":26.0,"ploc_max":26.0,"lloc_min":23.0,"lloc_max":23.0,"blank_min":6.0,"blank_max":6.0},"nom":{"functions":1.0,"closures":0.0,"functions_average":1.0,"closures_average":0.0,"total":1.0,"average":1.0,"functions_min":1.0,"functions_max":1.0,"closures_min":0.0,"closures_max":0.0},"mi":{"mi_original":76.5276716689772,"mi_sei":64.28987333422913,"mi_visual_studio":44.75302436782293},"abc":{"assignments":0.0,"branches":0.0,"conditions":0.0,"magnitude":0.0,"assignments_average":0.0,"branches_average":0.0,"conditions_average":0.0,"assignments_min":0.0,"assignments_max":0.0,"branches_min":0.0,"branches_max":0.0,"conditions_min":0.0,"conditions_max":0.0}}},{"name":"parse_x509_crl_relaxed","start_line":81,"end_line":118,"kind":"function","spaces":[],"metrics":{"nargs":{"total_functions":4.0,"total_closures":0.0,"average_functions":4.0,"average_closures":0.0,"total":4.0,"average":4.0,"functions_min":4.0,"functions_max":4.0,"closures_min":0.0,"closures_max":0.0},"nexits":{"sum":1.0,"average":1.0,"min":1.0,"max":1.0},"cognitive":{"sum":7.0,"average":7.0,"min":7.0,"max":7.0},"cyclomatic":{"sum":7.0,"average":7.0,"min":7.0,"max":7.0},"halstead":{"n1":16.0,"N1":77.0,"n2":20.0,"N2":55.0,"length":132.0,"estimated_program_length":150.43856189774726,"purity_ratio":1.1396860749829338,"vocabulary":36.0,"volume":682.4301001903852,"difficulty":22.0,"level":0.045454545454545456,"effort":15013.462204188476,"time":834.0812335660264,"bugs":0.20286135185610837},"loc":{"sloc":38.0,"ploc":26.0,"lloc":23.0,"cloc":6.0,"blank":6.0,"sloc_average":38.0,"ploc_average":26.0,"lloc_average":23.0,"cloc_average":6.0,"blank_average":6.0,"sloc_min":38.0,"sloc_max":38.0,"cloc_min":6.0,"cloc_max":6.0,"ploc_min":26.0,"ploc_max":26.0,"lloc_min":23.0,"lloc_max":23.0,"blank_min":6.0,"blank_max":6.0},"nom":{"functions":1.0,"closures":0.0,"functions_average":1.0,"closures_average":0.0,"total":1.0,"average":1.0,"functions_min":1.0,"functions_max":1.0,"closures_min":0.0,"closures_max":0.0},"mi":{"mi_original":76.5276716689772,"mi_sei":64.28987333422913,"mi_visual_studio":44.75302436782293},"abc":{"assignments":0.0,"branches":0.0,"conditions":0.0,"magnitude":0.0,"assignments_average":0.0,"branches_average":0.0,"conditions_average":0.0,"assignments_min":0.0,"assignments_max":0.0,"branches_min":0.0,"branches_max":0.0,"conditions_min":0.0,"conditions_max":0.0}}},{"name":"rand_buf_or_null","start_line":148,"end_line":161,"kind":"function","spaces":[],"metrics":{"nargs":{"total_functions":4.0,"total_closures":0.0,"average_functions":4.0,"average_closures":0.0,"total":4.0,"average":4.0,"functions_min":4.0,"functions_max":4.0,"closures_min":0.0,"closures_max":0.0},"nexits":{"sum":0.0,"average":0.0,"min":0.0,"max":0.0},"cognitive":{"sum":0.0,"average":0.0,"min":0.0,"max":0.0},"cyclomatic":{"sum":2.0,"average":2.0,"min":2.0,"max":2.0},"halstead":{"n1":9.0,"N1":33.0,"n2":11.0,"N2":21.0,"length":54.0,"estimated_program_length":66.58307281799108,"purity_ratio":1.233019866999835,"vocabulary":20.0,"volume":233.38411712391758,"difficulty":8.590909090909092,"level":0.1164021164021164,"effort":2004.9817334736558,"time":111.38787408186977,"bugs":0.053001198728048524},"loc":{"sloc":14.0,"ploc":11.0,"lloc":5.0,"cloc":1.0,"blank":2.0,"sloc_average":14.0,"ploc_average":11.0,"lloc_average":5.0,"cloc_average":1.0,"blank_average":2.0,"sloc_min":14.0,"sloc_max":14.0,"cloc_min":1.0,"cloc_max":1.0,"ploc_min":11.0,"ploc_max":11.0,"lloc_min":5.0,"lloc_max":5.0,"blank_min":2.0,"blank_max":2.0},"nom":{"functions":1.0,"closures":0.0,"functions_average":1.0,"closures_average":0.0,"total":1.0,"average":1.0,"functions_min":1.0,"functions_max":1.0,"closures_min":0.0,"closures_max":0.0},"mi":{"mi_original":99.43330578917619,"mi_sei":88.07025612842077,"mi_visual_studio":58.148132040453916},"abc":{"assignments":0.0,"branches":0.0,"conditions":0.0,"magnitude":0.0,"assignments_average":0.0,"branches_average":0.0,"conditions_average":0.0,"assignments_min":0.0,"assignments_max":0.0,"branches_min":0.0,"branches_max":0.0,"conditions_min":0.0,"conditions_max":0.0}}},{"name":"main","start_line":163,"end_line":543,"kind":"function","spaces":[],"metrics":{"nargs":{"total_functions":2.0,"total_closures":0.0,"average_functions":2.0,"average_closures":0.0,"total":2.0,"average":2.0,"functions_min":2.0,"functions_max":2.0,"closures_min":0.0,"closures_max":0.0},"nexits":{"sum":1.0,"average":1.0,"min":1.0,"max":1.0},"cognitive":{"sum":0.0,"average":0.0,"min":0.0,"max":0.0},"cyclomatic":{"sum":4.0,"average":4.0,"min":4.0,"max":4.0},"halstead":{"n1":16.0,"N1":1079.0,"n2":97.0,"N2":763.0,"length":1842.0,"estimated_program_length":704.1915456921514,"purity_ratio":0.38229725607608656,"vocabulary":113.0,"volume":12562.769648768775,"difficulty":62.92783505154639,"level":0.01589121887287025,"effort":790547.8962482949,"time":43919.32756934971,"bugs":2.8499081948359835},"loc":{"sloc":381.0,"ploc":285.0,"lloc":205.0,"cloc":40.0,"blank":87.0,"sloc_average":381.0,"ploc_average":285.0,"lloc_average":205.0,"cloc_average":40.0,"blank_average":87.0,"sloc_min":381.0,"sloc_max":381.0,"cloc_min":40.0,"cloc_max":40.0,"ploc_min":285.0,"ploc_max":285.0,"lloc_min":205.0,"lloc_max":205.0,"blank_min":87.0,"blank_max":87.0},"nom":{"functions":1.0,"closures":0.0,"functions_average":1.0,"closures_average":0.0,"total":1.0,"average":1.0,"functions_min":1.0,"functions_max":1.0,"closures_min":0.0,"closures_max":0.0},"mi":{"mi_original":24.726486891369106,"mi_sei":-15.563355054741706,"mi_visual_studio":14.459933854601815},"abc":{"assignments":0.0,"branches":0.0,"conditions":0.0,"magnitude":0.0,"assignments_average":0.0,"branches_average":0.0,"conditions_average":0.0,"assignments_min":0.0,"assignments_max":0.0,"branches_min":0.0,"branches_max":0.0,"conditions_min":0.0,"conditions_max":0.0}}},{"name":"main","start_line":549,"end_line":565,"kind":"function","spaces":[],"metrics":{"nargs":{"total_functions":2.0,"total_closures":0.0,"average_functions":2.0,"average_closures":0.0,"total":2.0,"average":2.0,"functions_min":2.0,"functions_max":2.0,"closures_min":0.0,"closures_max":0.0},"nexits":{"sum":1.0,"average":1.0,"min":1.0,"max":1.0},"cognitive":{"sum":0.0,"average":0.0,"min":0.0,"max":0.0},"cyclomatic":{"sum":1.0,"average":1.0,"min":1.0,"max":1.0},"halstead":{"n1":12.0,"N1":39.0,"n2":19.0,"N2":33.0,"length":72.0,"estimated_program_length":123.730172764082,"purity_ratio":1.718474621723361,"vocabulary":31.0,"volume":356.702134347855,"difficulty":10.421052631578947,"level":0.09595959595959597,"effort":3717.2117158355413,"time":206.51176199086342,"bugs":0.07998777386530576},"loc":{"sloc":17.0,"ploc":13.0,"lloc":11.0,"cloc":0.0,"blank":4.0,"sloc_average":17.0,"ploc_average":13.0,"lloc_average":11.0,"cloc_average":0.0,"blank_average":4.0,"sloc_min":17.0,"sloc_max":17.0,"cloc_min":0.0,"cloc_max":0.0,"ploc_min":13.0,"ploc_max":13.0,"lloc_min":11.0,"lloc_max":11.0,"blank_min":4.0,"blank_max":4.0},"nom":{"functions":1.0,"closures":0.0,"functions_average":1.0,"closures_average":0.0,"total":1.0,"average":1.0,"functions_min":1.0,"functions_max":1.0,"closures_min":0.0,"closures_max":0.0},"mi":{"mi_original":94.31205823139823,"mi_sei":60.46450657386106,"mi_visual_studio":55.15325042771826},"abc":{"assignments":0.0,"branches":0.0,"conditions":0.0,"magnitude":0.0,"assignments_average":0.0,"branches_average":0.0,"conditions_average":0.0,"assignments_min":0.0,"assignments_max":0.0,"branches_min":0.0,"branches_max":0.0,"conditions_min":0.0,"conditions_max":0.0}}}],"metrics":{"nargs":{"total_functions":16.0,"total_closures":0.0,"average_functions":3.2,"average_closures":0.0,"total":16.0,"average":3.2,"functions_min":0.0,"functions_max":4.0,"closures_min":0.0,"closures_max":0.0},"nexits":{"sum":4.0,"average":0.8,"min":0.0,"max":1.0},"cognitive":{"sum":14.0,"average":2.8,"min":0.0,"max":7.0},"cyclomatic":{"sum":22.0,"average":3.6666666666666665,"min":1.0,"max":7.0},"halstead":{"n1":22.0,"N1":1307.0,"n2":114.0,"N2":933.0,"length":2240.0,"estimated_program_length":877.0569572248011,"purity_ratio":0.39154328447535763,"vocabulary":136.0,"volume":15875.91676440076,"difficulty":90.02631578947368,"level":0.011107863197895352,"effort":1429250.296079342,"time":79402.79422663011,"bugs":4.22945367500563},"loc":{"sloc":567.0,"ploc":369.0,"lloc":267.0,"cloc":112.0,"blank":118.0,"sloc_average":94.5,"ploc_average":61.5,"lloc_average":44.5,"cloc_average":18.666666666666668,"blank_average":19.666666666666668,"sloc_min":14.0,"sloc_max":381.0,"cloc_min":0.0,"cloc_max":40.0,"ploc_min":11.0,"ploc_max":285.0,"lloc_min":5.0,"lloc_max":205.0,"blank_min":2.0,"blank_max":87.0},"nom":{"functions":5.0,"closures":0.0,"functions_average":0.8333333333333334,"closures_average":0.0,"total":5.0,"average":0.8333333333333334,"functions_min":0.0,"functions_max":1.0,"closures_min":0.0,"closures_max":0.0},"mi":{"mi_original":12.928874710243406,"mi_sei":-23.038239106274204,"mi_visual_studio":7.560745444586787},"abc":{"assignments":0.0,"branches":0.0,"conditions":0.0,"magnitude":0.0,"assignments_average":0.0,"branches_average":0.0,"conditions_average":0.0,"assignments_min":0.0,"assignments_max":0.0,"branches_min":0.0,"branches_max":0.0,"conditions_min":0.0,"conditions_max":0.0}}}