{"name":"./src/x509-config.h","start_line":1,"end_line":189,"kind":"unit","spaces":[],"metrics":{"nargs":{"total_functions":0.0,"total_closures":0.0,"average_functions":0.0,"average_closures":0.0,"total":0.0,"average":0.0,"functions_min":0.0,"functions_max":0.0,"closures_min":0.0,"closures_max":0.0},"nexits":{"sum":0.0,"average":null,"min":0.0,"max":0.0},"cognitive":{"sum":0.0,"average":null,"min":0.0,"max":0.0},"cyclomatic":{"sum":1.0,"average":1.0,"min":1.0,"max":1.0},"halstead":{"n1":4.0,"N1":8.0,"n2":32.0,"N2":33.0,"length":41.0,"estimated_program_length":168.0,"purity_ratio":4.097560975609756,"vocabulary":36.0,"volume":211.9669250591348,"difficulty":2.0625,"level":0.48484848484848486,"effort":437.18178293446556,"time":24.287876829692532,"bugs":0.01920083504283033},"loc":{"sloc":189.0,"ploc":32.0,"lloc":0.0,"cloc":130.0,"blank":28.0,"sloc_average":189.0,"ploc_average":32.0,"lloc_average":0.0,"cloc_average":130.0,"blank_average":28.0,"sloc_min":189.0,"sloc_max":189.0,"cloc_min":130.0,"cloc_max":130.0,"ploc_min":32.0,"ploc_max":32.0,"lloc_min":0.0,"lloc_max":0.0,"blank_min":28.0,"blank_max":28.0},"nom":{"functions":0.0,"closures":0.0,"functions_average":0.0,"closures_average":0.0,"total":0.0,"average":0.0,"functions_min":0.0,"functions_max":0.0,"closures_min":0.0,"closures_max":0.0},"mi":{"mi_original":58.00026106316521,"mi_sei":56.04716291471549,"mi_visual_studio":33.91828132348842},"abc":{"assignments":0.0,"branches":0.0,"conditions":0.0,"magnitude":0.0,"assignments_average":0.0,"branches_average":0.0,"conditions_average":0.0,"assignments_min":0.0,"assignments_max":0.0,"branches_min":0.0,"branches_max":0.0,"conditions_min":0.0,"conditions_max":0.0}}}