{"name":"./src/x509-cert-parser.h","start_line":1,"end_line":127,"kind":"unit","spaces":[{"name":null,"start_line":17,"end_line":118,"kind":"struct","spaces":[],"metrics":{"nargs":{"total_functions":0.0,"total_closures":0.0,"average_functions":0.0,"average_closures":0.0,"total":0.0,"average":0.0,"functions_min":0.0,"functions_max":0.0,"closures_min":0.0,"closures_max":0.0},"nexits":{"sum":0.0,"average":null,"min":0.0,"max":0.0},"cognitive":{"sum":0.0,"average":null,"min":0.0,"max":0.0},"cyclomatic":{"sum":1.0,"average":1.0,"min":1.0,"max":1.0},"halstead":{"n1":3.0,"N1":79.0,"n2":68.0,"N2":102.0,"length":181.0,"estimated_program_length":418.70236070718653,"purity_ratio":2.3132727110894282,"vocabulary":71.0,"volume":1113.1042286303475,"difficulty":2.25,"level":0.4444444444444444,"effort":2504.484514418282,"time":139.13802857879344,"bugs":0.06147393011971738},"loc":{"sloc":102.0,"ploc":62.0,"lloc":0.0,"cloc":25.0,"blank":20.0,"sloc_average":102.0,"ploc_average":62.0,"lloc_average":0.0,"cloc_average":25.0,"blank_average":20.0,"sloc_min":102.0,"sloc_max":102.0,"cloc_min":25.0,"cloc_max":25.0,"ploc_min":62.0,"ploc_max":62.0,"lloc_min":0.0,"lloc_max":0.0,"blank_min":20.0,"blank_max":20.0},"nom":{"functions":0.0,"closures":0.0,"functions_average":0.0,"closures_average":0.0,"total":0.0,"average":0.0,"functions_min":0.0,"functions_max":0.0,"closures_min":0.0,"closures_max":0.0},"mi":{"mi_original":59.367918858807386,"mi_sei":44.74842843955474,"mi_visual_studio":34.71808120398093},"abc":{"assignments":0.0,"branches":0.0,"conditions":0.0,"magnitude":0.0,"assignments_average":0.0,"branches_average":0.0,"conditions_average":0.0,"assignments_min":0.0,"assignments_max":0.0,"branches_min":0.0,"branches_max":0.0,"conditions_min":0.0,"conditions_max":0.0}}}],"metrics":{"nargs":{"total_functions":0.0,"total_closures":0.0,"average_functions":0.0,"average_closures":0.0,"total":0.0,"average":0.0,"functions_min":0.0,"functions_max":0.0,"closures_min":0.0,"closures_max":0.0},"nexits":{"sum":0.0,"average":null,"min":0.0,"max":0.0},"cognitive":{"sum":0.0,"average":null,"min":0.0,"max":0.0},"cyclomatic":{"sum":2.0,"average":1.0,"min":1.0,"max":1.0},"halstead":{"n1":6.0,"N1":87.0,"n2":77.0,"N2":115.0,"length":202.0,"estimated_program_length":498.0523386378343,"purity_ratio":2.465605636820962,"vocabulary":83.0,"volume":1287.7579651320787,"difficulty":4.48051948051948,"level":0.22318840579710145,"effort":5769.824648968404,"time":320.545813831578,"bugs":0.10723103267014211},"loc":{"sloc":127.0,"ploc":69.0,"lloc":1.0,"cloc":40.0,"blank":24.0,"sloc_average":63.5,"ploc_average":34.5,"lloc_average":0.5,"cloc_average":20.0,"blank_average":12.0,"sloc_min":102.0,"sloc_max":102.0,"cloc_min":25.0,"cloc_max":25.0,"ploc_min":62.0,"ploc_max":62.0,"lloc_min":0.0,"lloc_max":0.0,"blank_min":20.0,"blank_max":20.0},"nom":{"functions":0.0,"closures":0.0,"functions_average":0.0,"closures_average":0.0,"total":0.0,"average":0.0,"functions_min":0.0,"functions_max":0.0,"closures_min":0.0,"closures_max":0.0},"mi":{"mi_original":54.82874773594422,"mi_sei":41.80195736552666,"mi_visual_studio":32.06359516721884},"abc":{"assignments":0.0,"branches":0.0,"conditions":0.0,"magnitude":0.0,"assignments_average":0.0,"branches_average":0.0,"conditions_average":0.0,"assignments_min":0.0,"assignments_max":0.0,"branches_min":0.0,"branches_max":0.0,"conditions_min":0.0,"conditions_max":0.0}}}