{"name":"./src/x509-parser.h","start_line":1,"end_line":43,"kind":"unit","spaces":[],"metrics":{"nargs":{"total_functions":0.0,"total_closures":0.0,"average_functions":0.0,"average_closures":0.0,"total":0.0,"average":0.0,"functions_min":0.0,"functions_max":0.0,"closures_min":0.0,"closures_max":0.0},"nexits":{"sum":0.0,"average":null,"min":0.0,"max":0.0},"cognitive":{"sum":0.0,"average":null,"min":0.0,"max":0.0},"cyclomatic":{"sum":1.0,"average":1.0,"min":1.0,"max":1.0},"halstead":{"n1":5.0,"N1":18.0,"n2":13.0,"N2":22.0,"length":40.0,"estimated_program_length":59.715356810271004,"purity_ratio":1.4928839202567752,"vocabulary":18.0,"volume":166.7970000576925,"difficulty":4.230769230769231,"level":0.23636363636363636,"effort":705.679615628699,"time":39.20442309048328,"bugs":0.026421073565482425},"loc":{"sloc":43.0,"ploc":7.0,"lloc":2.0,"cloc":34.0,"blank":3.0,"sloc_average":43.0,"ploc_average":7.0,"lloc_average":2.0,"cloc_average":34.0,"blank_average":3.0,"sloc_min":43.0,"sloc_max":43.0,"cloc_min":34.0,"cloc_max":34.0,"ploc_min":7.0,"ploc_max":7.0,"lloc_min":2.0,"lloc_max":2.0,"blank_min":3.0,"blank_max":3.0},"nom":{"functions":0.0,"closures":0.0,"functions_average":0.0,"closures_average":0.0,"total":0.0,"average":0.0,"functions_min":0.0,"functions_max":0.0,"closures_min":0.0,"closures_max":0.0},"mi":{"mi_original":83.23131510237846,"mi_sei":93.54777761813504,"mi_visual_studio":48.67328368560144},"abc":{"assignments":0.0,"branches":0.0,"conditions":0.0,"magnitude":0.0,"assignments_average":0.0,"branches_average":0.0,"conditions_average":0.0,"assignments_min":0.0,"assignments_max":0.0,"branches_min":0.0,"branches_max":0.0,"conditions_min":0.0,"conditions_max":0.0}}}