{"name":"./src/x509-utils.c","start_line":1,"end_line":48,"kind":"unit","spaces":[{"name":"bufs_differ","start_line":29,"end_line":48,"kind":"function","spaces":[],"metrics":{"nargs":{"total_functions":3.0,"total_closures":0.0,"average_functions":3.0,"average_closures":0.0,"total":3.0,"average":3.0,"functions_min":3.0,"functions_max":3.0,"closures_min":0.0,"closures_max":0.0},"nexits":{"sum":1.0,"average":1.0,"min":1.0,"max":1.0},"cognitive":{"sum":3.0,"average":3.0,"min":3.0,"max":3.0},"cyclomatic":{"sum":3.0,"average":3.0,"min":3.0,"max":3.0},"halstead":{"n1":15.0,"N1":32.0,"n2":10.0,"N2":24.0,"length":56.0,"estimated_program_length":91.82263988300141,"purity_ratio":1.6396899979107395,"vocabulary":25.0,"volume":260.05594662738457,"difficulty":18.0,"level":0.05555555555555555,"effort":4681.007039292922,"time":260.05594662738457,"bugs":0.09327636390419808},"loc":{"sloc":20.0,"ploc":12.0,"lloc":7.0,"cloc":6.0,"blank":2.0,"sloc_average":20.0,"ploc_average":12.0,"lloc_average":7.0,"cloc_average":6.0,"blank_average":2.0,"sloc_min":20.0,"sloc_max":20.0,"cloc_min":6.0,"cloc_max":6.0,"ploc_min":12.0,"ploc_max":12.0,"lloc_min":7.0,"lloc_max":7.0,"blank_min":2.0,"blank_max":2.0},"nom":{"functions":1.0,"closures":0.0,"functions_average":1.0,"closures_average":0.0,"total":1.0,"average":1.0,"functions_min":1.0,"functions_max":1.0,"closures_min":0.0,"closures_max":0.0},"mi":{"mi_original":92.86247387496523,"mi_sei":96.09224749122652,"mi_visual_studio":54.305540277757444},"abc":{"assignments":0.0,"branches":0.0,"conditions":0.0,"magnitude":0.0,"assignments_average":0.0,"branches_average":0.0,"conditions_average":0.0,"assignments_min":0.0,"assignments_max":0.0,"branches_min":0.0,"branches_max":0.0,"conditions_min":0.0,"conditions_max":0.0}}}],"metrics":{"nargs":{"total_functions":3.0,"total_closures":0.0,"average_functions":3.0,"average_closures":0.0,"total":3.0,"average":3.0,"functions_min":0.0,"functions_max":3.0,"closures_min":0.0,"closures_max":0.0},"nexits":{"sum":1.0,"average":1.0,"min":0.0,"max":1.0},"cognitive":{"sum":3.0,"average":3.0,"min":0.0,"max":3.0},"cyclomatic":{"sum":4.0,"average":2.0,"min":1.0,"max":3.0},"halstead":{"n1":15.0,"N1":32.0,"n2":12.0,"N2":26.0,"length":58.0,"estimated_program_length":101.62290894278166,"purity_ratio":1.752119119703132,"vocabulary":27.0,"volume":275.7834751254812,"difficulty":16.25,"level":0.06153846153846154,"effort":4481.481470789069,"time":248.97119282161495,"bugs":0.09060659613833409},"loc":{"sloc":48.0,"ploc":14.0,"lloc":7.0,"cloc":30.0,"blank":5.0,"sloc_average":24.0,"ploc_average":7.0,"lloc_average":3.5,"cloc_average":15.0,"blank_average":2.5,"sloc_min":20.0,"sloc_max":20.0,"cloc_min":6.0,"cloc_max":6.0,"ploc_min":12.0,"ploc_max":12.0,"lloc_min":7.0,"lloc_max":7.0,"blank_min":2.0,"blank_max":2.0},"nom":{"functions":1.0,"closures":0.0,"functions_average":0.5,"closures_average":0.0,"total":1.0,"average":0.5,"functions_min":0.0,"functions_max":1.0,"closures_min":0.0,"closures_max":0.0},"mi":{"mi_original":78.14454017674515,"mi_sei":84.48113471821587,"mi_visual_studio":45.69856150686851},"abc":{"assignments":0.0,"branches":0.0,"conditions":0.0,"magnitude":0.0,"assignments_average":0.0,"branches_average":0.0,"conditions_average":0.0,"assignments_min":0.0,"assignments_max":0.0,"branches_min":0.0,"branches_max":0.0,"conditions_min":0.0,"conditions_max":0.0}}}