{"name":"./src/x509-common.h","start_line":1,"end_line":651,"kind":"unit","spaces":[{"name":null,"start_line":188,"end_line":194,"kind":"struct","spaces":[],"metrics":{"nargs":{"total_functions":0.0,"total_closures":0.0,"average_functions":0.0,"average_closures":0.0,"total":0.0,"average":0.0,"functions_min":0.0,"functions_max":0.0,"closures_min":0.0,"closures_max":0.0},"nexits":{"sum":0.0,"average":null,"min":0.0,"max":0.0},"cognitive":{"sum":0.0,"average":null,"min":0.0,"max":0.0},"cyclomatic":{"sum":1.0,"average":1.0,"min":1.0,"max":1.0},"halstead":{"n1":3.0,"N1":9.0,"n2":8.0,"N2":10.0,"length":19.0,"estimated_program_length":28.75488750216347,"purity_ratio":1.5134151316928142,"vocabulary":11.0,"volume":65.72920075410865,"difficulty":1.875,"level":0.5333333333333333,"effort":123.24225141395371,"time":6.846791745219651,"bugs":0.008255026928040296},"loc":{"sloc":7.0,"ploc":7.0,"lloc":0.0,"cloc":0.0,"blank":0.0,"sloc_average":7.0,"ploc_average":7.0,"lloc_average":0.0,"cloc_average":0.0,"blank_average":0.0,"sloc_min":7.0,"sloc_max":7.0,"cloc_min":0.0,"cloc_max":0.0,"ploc_min":7.0,"ploc_max":7.0,"lloc_min":0.0,"lloc_max":0.0,"blank_min":0.0,"blank_max":0.0},"nom":{"functions":0.0,"closures":0.0,"functions_average":0.0,"closures_average":0.0,"total":0.0,"average":0.0,"functions_min":0.0,"functions_max":0.0,"closures_min":0.0,"closures_max":0.0},"mi":{"mi_original":117.48143051541061,"mi_sei":93.89084506851594,"mi_visual_studio":68.70259094468457},"abc":{"assignments":0.0,"branches":0.0,"conditions":0.0,"magnitude":0.0,"assignments_average":0.0,"branches_average":0.0,"conditions_average":0.0,"assignments_min":0.0,"assignments_max":0.0,"branches_min":0.0,"branches_max":0.0,"conditions_min":0.0,"conditions_max":0.0}}},{"name":null,"start_line":196,"end_line":202,"kind":"struct","spaces":[],"metrics":{"nargs":{"total_functions":0.0,"total_closures":0.0,"average_functions":0.0,"average_closures":0.0,"total":0.0,"average":0.0,"functions_min":0.0,"functions_max":0.0,"closures_min":0.0,"closures_max":0.0},"nexits":{"sum":0.0,"average":null,"min":0.0,"max":0.0},"cognitive":{"sum":0.0,"average":null,"min":0.0,"max":0.0},"cyclomatic":{"sum":1.0,"average":1.0,"min":1.0,"max":1.0},"halstead":{"n1":3.0,"N1":9.0,"n2":8.0,"N2":10.0,"length":19.0,"estimated_program_length":28.75488750216347,"purity_ratio":1.5134151316928142,"vocabulary":11.0,"volume":65.72920075410865,"difficulty":1.875,"level":0.5333333333333333,"effort":123.24225141395371,"time":6.846791745219651,"bugs":0.008255026928040296},"loc":{"sloc":7.0,"ploc":7.0,"lloc":0.0,"cloc":0.0,"blank":0.0,"sloc_average":7.0,"ploc_average":7.0,"lloc_average":0.0,"cloc_average":0.0,"blank_average":0.0,"sloc_min":7.0,"sloc_max":7.0,"cloc_min":0.0,"cloc_max":0.0,"ploc_min":7.0,"ploc_max":7.0,"lloc_min":0.0,"lloc_max":0.0,"blank_min":0.0,"blank_max":0.0},"nom":{"functions":0.0,"closures":0.0,"functions_average":0.0,"closures_average":0.0,"total":0.0,"average":0.0,"functions_min":0.0,"functions_max":0.0,"closures_min":0.0,"closures_max":0.0},"mi":{"mi_original":117.48143051541061,"mi_sei":93.89084506851594,"mi_visual_studio":68.70259094468457},"abc":{"assignments":0.0,"branches":0.0,"conditions":0.0,"magnitude":0.0,"assignments_average":0.0,"branches_average":0.0,"conditions_average":0.0,"assignments_min":0.0,"assignments_max":0.0,"branches_min":0.0,"branches_max":0.0,"conditions_min":0.0,"conditions_max":0.0}}},{"name":null,"start_line":204,"end_line":210,"kind":"struct","spaces":[],"metrics":{"nargs":{"total_functions":0.0,"total_closures":0.0,"average_functions":0.0,"average_closures":0.0,"total":0.0,"average":0.0,"functions_min":0.0,"functions_max":0.0,"closures_min":0.0,"closures_max":0.0},"nexits":{"sum":0.0,"average":null,"min":0.0,"max":0.0},"cognitive":{"sum":0.0,"average":null,"min":0.0,"max":0.0},"cyclomatic":{"sum":1.0,"average":1.0,"min":1.0,"max":1.0},"halstead":{"n1":3.0,"N1":9.0,"n2":8.0,"N2":10.0,"length":19.0,"estimated_program_length":28.75488750216347,"purity_ratio":1.5134151316928142,"vocabulary":11.0,"volume":65.72920075410865,"difficulty":1.875,"level":0.5333333333333333,"effort":123.24225141395371,"time":6.846791745219651,"bugs":0.008255026928040296},"loc":{"sloc":7.0,"ploc":7.0,"lloc":0.0,"cloc":0.0,"blank":0.0,"sloc_average":7.0,"ploc_average":7.0,"lloc_average":0.0,"cloc_average":0.0,"blank_average":0.0,"sloc_min":7.0,"sloc_max":7.0,"cloc_min":0.0,"cloc_max":0.0,"ploc_min":7.0,"ploc_max":7.0,"lloc_min":0.0,"lloc_max":0.0,"blank_min":0.0,"blank_max":0.0},"nom":{"functions":0.0,"closures":0.0,"functions_average":0.0,"closures_average":0.0,"total":0.0,"average":0.0,"functions_min":0.0,"functions_max":0.0,"closures_min":0.0,"closures_max":0.0},"mi":{"mi_original":117.48143051541061,"mi_sei":93.89084506851594,"mi_visual_studio":68.70259094468457},"abc":{"assignments":0.0,"branches":0.0,"conditions":0.0,"magnitude":0.0,"assignments_average":0.0,"branches_average":0.0,"conditions_average":0.0,"assignments_min":0.0,"assignments_max":0.0,"branches_min":0.0,"branches_max":0.0,"conditions_min":0.0,"conditions_max":0.0}}},{"name":null,"start_line":212,"end_line":219,"kind":"struct","spaces":[],"metrics":{"nargs":{"total_functions":0.0,"total_closures":0.0,"average_functions":0.0,"average_closures":0.0,"total":0.0,"average":0.0,"functions_min":0.0,"functions_max":0.0,"closures_min":0.0,"closures_max":0.0},"nexits":{"sum":0.0,"average":null,"min":0.0,"max":0.0},"cognitive":{"sum":0.0,"average":null,"min":0.0,"max":0.0},"cyclomatic":{"sum":1.0,"average":1.0,"min":1.0,"max":1.0},"halstead":{"n1":3.0,"N1":10.0,"n2":9.0,"N2":12.0,"length":22.0,"estimated_program_length":33.284212515144276,"purity_ratio":1.5129187506883761,"vocabulary":12.0,"volume":78.86917501586544,"difficulty":2.0,"level":0.5,"effort":157.73835003173087,"time":8.763241668429494,"bugs":0.009731286848828622},"loc":{"sloc":8.0,"ploc":8.0,"lloc":0.0,"cloc":0.0,"blank":0.0,"sloc_average":8.0,"ploc_average":8.0,"lloc_average":0.0,"cloc_average":0.0,"blank_average":0.0,"sloc_min":8.0,"sloc_max":8.0,"cloc_min":0.0,"cloc_max":0.0,"ploc_min":8.0,"ploc_max":8.0,"lloc_min":0.0,"lloc_max":0.0,"blank_min":0.0,"blank_max":0.0},"nom":{"functions":0.0,"closures":0.0,"functions_average":0.0,"closures_average":0.0,"total":0.0,"average":0.0,"functions_min":0.0,"functions_max":0.0,"closures_min":0.0,"closures_max":0.0},"mi":{"mi_original":114.37053659479909,"mi_sei":89.40277383651807,"mi_visual_studio":66.88335473380063},"abc":{"assignments":0.0,"branches":0.0,"conditions":0.0,"magnitude":0.0,"assignments_average":0.0,"branches_average":0.0,"conditions_average":0.0,"assignments_min":0.0,"assignments_max":0.0,"branches_min":0.0,"branches_max":0.0,"conditions_min":0.0,"conditions_max":0.0}}},{"name":null,"start_line":235,"end_line":244,"kind":"struct","spaces":[],"metrics":{"nargs":{"total_functions":0.0,"total_closures":0.0,"average_functions":0.0,"average_closures":0.0,"total":0.0,"average":0.0,"functions_min":0.0,"functions_max":0.0,"closures_min":0.0,"closures_max":0.0},"nexits":{"sum":0.0,"average":null,"min":0.0,"max":0.0},"cognitive":{"sum":0.0,"average":null,"min":0.0,"max":0.0},"cyclomatic":{"sum":1.0,"average":1.0,"min":1.0,"max":1.0},"halstead":{"n1":3.0,"N1":9.0,"n2":9.0,"N2":13.0,"length":22.0,"estimated_program_length":33.284212515144276,"purity_ratio":1.5129187506883761,"vocabulary":12.0,"volume":78.86917501586544,"difficulty":2.1666666666666665,"level":0.46153846153846156,"effort":170.8832125343751,"time":9.493511807465284,"bugs":0.010264670477097752},"loc":{"sloc":10.0,"ploc":9.0,"lloc":0.0,"cloc":4.0,"blank":1.0,"sloc_average":10.0,"ploc_average":9.0,"lloc_average":0.0,"cloc_average":4.0,"blank_average":1.0,"sloc_min":10.0,"sloc_max":10.0,"cloc_min":4.0,"cloc_max":4.0,"ploc_min":9.0,"ploc_max":9.0,"lloc_min":0.0,"lloc_max":0.0,"blank_min":1.0,"blank_max":1.0},"nom":{"functions":0.0,"closures":0.0,"functions_average":0.0,"closures_average":0.0,"total":0.0,"average":0.0,"functions_min":0.0,"functions_max":0.0,"closures_min":0.0,"closures_max":0.0},"mi":{"mi_original":110.75561106350888,"mi_sei":125.70672186357115,"mi_visual_studio":64.76936319503443},"abc":{"assignments":0.0,"branches":0.0,"conditions":0.0,"magnitude":0.0,"assignments_average":0.0,"branches_average":0.0,"conditions_average":0.0,"assignments_min":0.0,"assignments_max":0.0,"branches_min":0.0,"branches_max":0.0,"conditions_min":0.0,"conditions_max":0.0}}},{"name":null,"start_line":246,"end_line":252,"kind":"struct","spaces":[],"metrics":{"nargs":{"total_functions":0.0,"total_closures":0.0,"average_functions":0.0,"average_closures":0.0,"total":0.0,"average":0.0,"functions_min":0.0,"functions_max":0.0,"closures_min":0.0,"closures_max":0.0},"nexits":{"sum":0.0,"average":null,"min":0.0,"max":0.0},"cognitive":{"sum":0.0,"average":null,"min":0.0,"max":0.0},"cyclomatic":{"sum":1.0,"average":1.0,"min":1.0,"max":1.0},"halstead":{"n1":2.0,"N1":5.0,"n2":6.0,"N2":8.0,"length":13.0,"estimated_program_length":17.509775004326936,"purity_ratio":1.3469057695636104,"vocabulary":8.0,"volume":39.0,"difficulty":1.3333333333333333,"level":0.75,"effort":52.0,"time":2.888888888888889,"bugs":0.004643879845255077},"loc":{"sloc":7.0,"ploc":6.0,"lloc":0.0,"cloc":1.0,"blank":1.0,"sloc_average":7.0,"ploc_average":6.0,"lloc_average":0.0,"cloc_average":1.0,"blank_average":1.0,"sloc_min":7.0,"sloc_max":7.0,"cloc_min":1.0,"cloc_max":1.0,"ploc_min":6.0,"ploc_max":6.0,"lloc_min":0.0,"lloc_max":0.0,"blank_min":1.0,"blank_max":1.0},"nom":{"functions":0.0,"closures":0.0,"functions_average":0.0,"closures_average":0.0,"total":0.0,"average":0.0,"functions_min":0.0,"functions_max":0.0,"closures_min":0.0,"closures_max":0.0},"mi":{"mi_original":120.19573502542977,"mi_sei":125.4392358646754,"mi_visual_studio":70.28990352364313},"abc":{"assignments":0.0,"branches":0.0,"conditions":0.0,"magnitude":0.0,"assignments_average":0.0,"branches_average":0.0,"conditions_average":0.0,"assignments_min":0.0,"assignments_max":0.0,"branches_min":0.0,"branches_max":0.0,"conditions_min":0.0,"conditions_max":0.0}}},{"name":null,"start_line":254,"end_line":260,"kind":"struct","spaces":[],"metrics":{"nargs":{"total_functions":0.0,"total_closures":0.0,"average_functions":0.0,"average_closures":0.0,"total":0.0,"average":0.0,"functions_min":0.0,"functions_max":0.0,"closures_min":0.0,"closures_max":0.0},"nexits":{"sum":0.0,"average":null,"min":0.0,"max":0.0},"cognitive":{"sum":0.0,"average":null,"min":0.0,"max":0.0},"cyclomatic":{"sum":1.0,"average":1.0,"min":1.0,"max":1.0},"halstead":{"n1":2.0,"N1":5.0,"n2":6.0,"N2":8.0,"length":13.0,"estimated_program_length":17.509775004326936,"purity_ratio":1.3469057695636104,"vocabulary":8.0,"volume":39.0,"difficulty":1.3333333333333333,"level":0.75,"effort":52.0,"time":2.888888888888889,"bugs":0.004643879845255077},"loc":{"sloc":7.0,"ploc":6.0,"lloc":0.0,"cloc":1.0,"blank":1.0,"sloc_average":7.0,"ploc_average":6.0,"lloc_average":0.0,"cloc_average":1.0,"blank_average":1.0,"sloc_min":7.0,"sloc_max":7.0,"cloc_min":1.0,"cloc_max":1.0,"ploc_min":6.0,"ploc_max":6.0,"lloc_min":0.0,"lloc_max":0.0,"blank_min":1.0,"blank_max":1.0},"nom":{"functions":0.0,"closures":0.0,"functions_average":0.0,"closures_average":0.0,"total":0.0,"average":0.0,"functions_min":0.0,"functions_max":0.0,"closures_min":0.0,"closures_max":0.0},"mi":{"mi_original":120.19573502542977,"mi_sei":125.4392358646754,"mi_visual_studio":70.28990352364313},"abc":{"assignments":0.0,"branches":0.0,"conditions":0.0,"magnitude":0.0,"assignments_average":0.0,"branches_average":0.0,"conditions_average":0.0,"assignments_min":0.0,"assignments_max":0.0,"branches_min":0.0,"branches_max":0.0,"conditions_min":0.0,"conditions_max":0.0}}},{"name":null,"start_line":262,"end_line":268,"kind":"struct","spaces":[],"metrics":{"nargs":{"total_functions":0.0,"total_closures":0.0,"average_functions":0.0,"average_closures":0.0,"total":0.0,"average":0.0,"functions_min":0.0,"functions_max":0.0,"closures_min":0.0,"closures_max":0.0},"nexits":{"sum":0.0,"average":null,"min":0.0,"max":0.0},"cognitive":{"sum":0.0,"average":null,"min":0.0,"max":0.0},"cyclomatic":{"sum":1.0,"average":1.0,"min":1.0,"max":1.0},"halstead":{"n1":2.0,"N1":5.0,"n2":6.0,"N2":8.0,"length":13.0,"estimated_program_length":17.509775004326936,"purity_ratio":1.3469057695636104,"vocabulary":8.0,"volume":39.0,"difficulty":1.3333333333333333,"level":0.75,"effort":52.0,"time":2.888888888888889,"bugs":0.004643879845255077},"loc":{"sloc":7.0,"ploc":6.0,"lloc":0.0,"cloc":1.0,"blank":1.0,"sloc_average":7.0,"ploc_average":6.0,"lloc_average":0.0,"cloc_average":1.0,"blank_average":1.0,"sloc_min":7.0,"sloc_max":7.0,"cloc_min":1.0,"cloc_max":1.0,"ploc_min":6.0,"ploc_max":6.0,"lloc_min":0.0,"lloc_max":0.0,"blank_min":1.0,"blank_max":1.0},"nom":{"functions":0.0,"closures":0.0,"functions_average":0.0,"closures_average":0.0,"total":0.0,"average":0.0,"functions_min":0.0,"functions_max":0.0,"closures_min":0.0,"closures_max":0.0},"mi":{"mi_original":120.19573502542977,"mi_sei":125.4392358646754,"mi_visual_studio":70.28990352364313},"abc":{"assignments":0.0,"branches":0.0,"conditions":0.0,"magnitude":0.0,"assignments_average":0.0,"branches_average":0.0,"conditions_average":0.0,"assignments_min":0.0,"assignments_max":0.0,"branches_min":0.0,"branches_max":0.0,"conditions_min":0.0,"conditions_max":0.0}}},{"name":null,"start_line":270,"end_line":276,"kind":"struct","spaces":[],"metrics":{"nargs":{"total_functions":0.0,"total_closures":0.0,"average_functions":0.0,"average_closures":0.0,"total":0.0,"average":0.0,"functions_min":0.0,"functions_max":0.0,"closures_min":0.0,"closures_max":0.0},"nexits":{"sum":0.0,"average":null,"min":0.0,"max":0.0},"cognitive":{"sum":0.0,"average":null,"min":0.0,"max":0.0},"cyclomatic":{"sum":1.0,"average":1.0,"min":1.0,"max":1.0},"halstead":{"n1":2.0,"N1":5.0,"n2":6.0,"N2":8.0,"length":13.0,"estimated_program_length":17.509775004326936,"purity_ratio":1.3469057695636104,"vocabulary":8.0,"volume":39.0,"difficulty":1.3333333333333333,"level":0.75,"effort":52.0,"time":2.888888888888889,"bugs":0.004643879845255077},"loc":{"sloc":7.0,"ploc":6.0,"lloc":0.0,"cloc":1.0,"blank":1.0,"sloc_average":7.0,"ploc_average":6.0,"lloc_average":0.0,"cloc_average":1.0,"blank_average":1.0,"sloc_min":7.0,"sloc_max":7.0,"cloc_min":1.0,"cloc_max":1.0,"ploc_min":6.0,"ploc_max":6.0,"lloc_min":0.0,"lloc_max":0.0,"blank_min":1.0,"blank_max":1.0},"nom":{"functions":0.0,"closures":0.0,"functions_average":0.0,"closures_average":0.0,"total":0.0,"average":0.0,"functions_min":0.0,"functions_max":0.0,"closures_min":0.0,"closures_max":0.0},"mi":{"mi_original":120.19573502542977,"mi_sei":125.4392358646754,"mi_visual_studio":70.28990352364313},"abc":{"assignments":0.0,"branches":0.0,"conditions":0.0,"magnitude":0.0,"assignments_average":0.0,"branches_average":0.0,"conditions_average":0.0,"assignments_min":0.0,"assignments_max":0.0,"branches_min":0.0,"branches_max":0.0,"conditions_min":0.0,"conditions_max":0.0}}},{"name":null,"start_line":278,"end_line":290,"kind":"struct","spaces":[],"metrics":{"nargs":{"total_functions":0.0,"total_closures":0.0,"average_functions":0.0,"average_closures":0.0,"total":0.0,"average":0.0,"functions_min":0.0,"functions_max":0.0,"closures_min":0.0,"closures_max":0.0},"nexits":{"sum":0.0,"average":null,"min":0.0,"max":0.0},"cognitive":{"sum":0.0,"average":null,"min":0.0,"max":0.0},"cyclomatic":{"sum":1.0,"average":1.0,"min":1.0,"max":1.0},"halstead":{"n1":2.0,"N1":6.0,"n2":6.0,"N2":10.0,"length":16.0,"estimated_program_length":17.509775004326936,"purity_ratio":1.0943609377704335,"vocabulary":8.0,"volume":48.0,"difficulty":1.6666666666666667,"level":0.6,"effort":80.0,"time":4.444444444444445,"bugs":0.006188785111483705},"loc":{"sloc":13.0,"ploc":7.0,"lloc":0.0,"cloc":8.0,"blank":1.0,"sloc_average":13.0,"ploc_average":7.0,"lloc_average":0.0,"cloc_average":8.0,"blank_average":1.0,"sloc_min":13.0,"sloc_max":13.0,"cloc_min":8.0,"cloc_max":8.0,"ploc_min":7.0,"ploc_max":7.0,"lloc_min":0.0,"lloc_max":0.0,"blank_min":1.0,"blank_max":1.0},"nom":{"functions":0.0,"closures":0.0,"functions_average":0.0,"closures_average":0.0,"total":0.0,"average":0.0,"functions_min":0.0,"functions_max":0.0,"closures_min":0.0,"closures_max":0.0},"mi":{"mi_original":109.08757515240208,"mi_sei":128.65454225394285,"mi_visual_studio":63.793903597895955},"abc":{"assignments":0.0,"branches":0.0,"conditions":0.0,"magnitude":0.0,"assignments_average":0.0,"branches_average":0.0,"conditions_average":0.0,"assignments_min":0.0,"assignments_max":0.0,"branches_min":0.0,"branches_max":0.0,"conditions_min":0.0,"conditions_max":0.0}}},{"name":null,"start_line":292,"end_line":301,"kind":"struct","spaces":[],"metrics":{"nargs":{"total_functions":0.0,"total_closures":0.0,"average_functions":0.0,"average_closures":0.0,"total":0.0,"average":0.0,"functions_min":0.0,"functions_max":0.0,"closures_min":0.0,"closures_max":0.0},"nexits":{"sum":0.0,"average":null,"min":0.0,"max":0.0},"cognitive":{"sum":0.0,"average":null,"min":0.0,"max":0.0},"cyclomatic":{"sum":1.0,"average":1.0,"min":1.0,"max":1.0},"halstead":{"n1":2.0,"N1":9.0,"n2":9.0,"N2":16.0,"length":25.0,"estimated_program_length":30.52932501298081,"purity_ratio":1.2211730005192323,"vocabulary":11.0,"volume":86.48579046593244,"difficulty":1.7777777777777777,"level":0.5625,"effort":153.75251638387988,"time":8.541806465771105,"bugs":0.009566657668447609},"loc":{"sloc":10.0,"ploc":10.0,"lloc":0.0,"cloc":5.0,"blank":0.0,"sloc_average":10.0,"ploc_average":10.0,"lloc_average":0.0,"cloc_average":5.0,"blank_average":0.0,"sloc_min":10.0,"sloc_max":10.0,"cloc_min":5.0,"cloc_max":5.0,"ploc_min":10.0,"ploc_max":10.0,"lloc_min":0.0,"lloc_max":0.0,"blank_min":0.0,"blank_max":0.0},"nom":{"functions":0.0,"closures":0.0,"functions_average":0.0,"closures_average":0.0,"total":0.0,"average":0.0,"functions_min":0.0,"functions_max":0.0,"closures_min":0.0,"closures_max":0.0},"mi":{"mi_original":110.27622482595397,"mi_sei":127.95253275811613,"mi_visual_studio":64.48902036605496},"abc":{"assignments":0.0,"branches":0.0,"conditions":0.0,"magnitude":0.0,"assignments_average":0.0,"branches_average":0.0,"conditions_average":0.0,"assignments_min":0.0,"assignments_max":0.0,"branches_min":0.0,"branches_max":0.0,"conditions_min":0.0,"conditions_max":0.0}}},{"name":null,"start_line":304,"end_line":308,"kind":"struct","spaces":[],"metrics":{"nargs":{"total_functions":0.0,"total_closures":0.0,"average_functions":0.0,"average_closures":0.0,"total":0.0,"average":0.0,"functions_min":0.0,"functions_max":0.0,"closures_min":0.0,"closures_max":0.0},"nexits":{"sum":0.0,"average":null,"min":0.0,"max":0.0},"cognitive":{"sum":0.0,"average":null,"min":0.0,"max":0.0},"cyclomatic":{"sum":1.0,"average":1.0,"min":1.0,"max":1.0},"halstead":{"n1":2.0,"N1":4.0,"n2":5.0,"N2":6.0,"length":10.0,"estimated_program_length":13.60964047443681,"purity_ratio":1.360964047443681,"vocabulary":7.0,"volume":28.07354922057604,"difficulty":1.2,"level":0.8333333333333334,"effort":33.688259064691245,"time":1.8715699480384025,"bugs":0.0034769447588066955},"loc":{"sloc":5.0,"ploc":5.0,"lloc":0.0,"cloc":1.0,"blank":0.0,"sloc_average":5.0,"ploc_average":5.0,"lloc_average":0.0,"cloc_average":1.0,"blank_average":0.0,"sloc_min":5.0,"sloc_max":5.0,"cloc_min":1.0,"cloc_max":1.0,"ploc_min":5.0,"ploc_max":5.0,"lloc_min":0.0,"lloc_max":0.0,"blank_min":0.0,"blank_max":0.0},"nom":{"functions":0.0,"closures":0.0,"functions_average":0.0,"closures_average":0.0,"total":0.0,"average":0.0,"functions_min":0.0,"functions_max":0.0,"closures_min":0.0,"closures_max":0.0},"mi":{"mi_original":127.35600113296687,"mi_sei":140.07232966222253,"mi_visual_studio":74.47719364500986},"abc":{"assignments":0.0,"branches":0.0,"conditions":0.0,"magnitude":0.0,"assignments_average":0.0,"branches_average":0.0,"conditions_average":0.0,"assignments_min":0.0,"assignments_max":0.0,"branches_min":0.0,"branches_max":0.0,"conditions_min":0.0,"conditions_max":0.0}}},{"name":null,"start_line":311,"end_line":319,"kind":"struct","spaces":[],"metrics":{"nargs":{"total_functions":0.0,"total_closures":0.0,"average_functions":0.0,"average_closures":0.0,"total":0.0,"average":0.0,"functions_min":0.0,"functions_max":0.0,"closures_min":0.0,"closures_max":0.0},"nexits":{"sum":0.0,"average":null,"min":0.0,"max":0.0},"cognitive":{"sum":0.0,"average":null,"min":0.0,"max":0.0},"cyclomatic":{"sum":1.0,"average":1.0,"min":1.0,"max":1.0},"halstead":{"n1":2.0,"N1":7.0,"n2":8.0,"N2":12.0,"length":19.0,"estimated_program_length":26.0,"purity_ratio":1.368421052631579,"vocabulary":10.0,"volume":63.11663380285988,"difficulty":1.5,"level":0.6666666666666666,"effort":94.67495070428981,"time":5.259719483571656,"bugs":0.00692418724656105},"loc":{"sloc":9.0,"ploc":8.0,"lloc":0.0,"cloc":6.0,"blank":1.0,"sloc_average":9.0,"ploc_average":8.0,"lloc_average":0.0,"cloc_average":6.0,"blank_average":1.0,"sloc_min":9.0,"sloc_max":9.0,"cloc_min":6.0,"cloc_max":6.0,"ploc_min":8.0,"ploc_max":8.0,"lloc_min":0.0,"lloc_max":0.0,"blank_min":1.0,"blank_max":1.0},"nom":{"functions":0.0,"closures":0.0,"functions_average":0.0,"closures_average":0.0,"total":0.0,"average":0.0,"functions_min":0.0,"functions_max":0.0,"closures_min":0.0,"closures_max":0.0},"mi":{"mi_original":113.62104325317374,"mi_sei":136.00052053372187,"mi_visual_studio":66.44505453401973},"abc":{"assignments":0.0,"branches":0.0,"conditions":0.0,"magnitude":0.0,"assignments_average":0.0,"branches_average":0.0,"conditions_average":0.0,"assignments_min":0.0,"assignments_max":0.0,"branches_min":0.0,"branches_max":0.0,"conditions_min":0.0,"conditions_max":0.0}}},{"name":null,"start_line":322,"end_line":330,"kind":"struct","spaces":[],"metrics":{"nargs":{"total_functions":0.0,"total_closures":0.0,"average_functions":0.0,"average_closures":0.0,"total":0.0,"average":0.0,"functions_min":0.0,"functions_max":0.0,"closures_min":0.0,"closures_max":0.0},"nexits":{"sum":0.0,"average":null,"min":0.0,"max":0.0},"cognitive":{"sum":0.0,"average":null,"min":0.0,"max":0.0},"cyclomatic":{"sum":1.0,"average":1.0,"min":1.0,"max":1.0},"halstead":{"n1":2.0,"N1":7.0,"n2":8.0,"N2":12.0,"length":19.0,"estimated_program_length":26.0,"purity_ratio":1.368421052631579,"vocabulary":10.0,"volume":63.11663380285988,"difficulty":1.5,"level":0.6666666666666666,"effort":94.67495070428981,"time":5.259719483571656,"bugs":0.00692418724656105},"loc":{"sloc":9.0,"ploc":8.0,"lloc":0.0,"cloc":6.0,"blank":1.0,"sloc_average":9.0,"ploc_average":8.0,"lloc_average":0.0,"cloc_average":6.0,"blank_average":1.0,"sloc_min":9.0,"sloc_max":9.0,"cloc_min":6.0,"cloc_max":6.0,"ploc_min":8.0,"ploc_max":8.0,"lloc_min":0.0,"lloc_max":0.0,"blank_min":1.0,"blank_max":1.0},"nom":{"functions":0.0,"closures":0.0,"functions_average":0.0,"closures_average":0.0,"total":0.0,"average":0.0,"functions_min":0.0,"functions_max":0.0,"closures_min":0.0,"closures_max":0.0},"mi":{"mi_original":113.62104325317374,"mi_sei":136.00052053372187,"mi_visual_studio":66.44505453401973},"abc":{"assignments":0.0,"branches":0.0,"conditions":0.0,"magnitude":0.0,"assignments_average":0.0,"branches_average":0.0,"conditions_average":0.0,"assignments_min":0.0,"assignments_max":0.0,"branches_min":0.0,"branches_max":0.0,"conditions_min":0.0,"conditions_max":0.0}}},{"name":null,"start_line":333,"end_line":341,"kind":"struct","spaces":[],"metrics":{"nargs":{"total_functions":0.0,"total_closures":0.0,"average_functions":0.0,"average_closures":0.0,"total":0.0,"average":0.0,"functions_min":0.0,"functions_max":0.0,"closures_min":0.0,"closures_max":0.0},"nexits":{"sum":0.0,"average":null,"min":0.0,"max":0.0},"cognitive":{"sum":0.0,"average":null,"min":0.0,"max":0.0},"cyclomatic":{"sum":1.0,"average":1.0,"min":1.0,"max":1.0},"halstead":{"n1":2.0,"N1":7.0,"n2":8.0,"N2":12.0,"length":19.0,"estimated_program_length":26.0,"purity_ratio":1.368421052631579,"vocabulary":10.0,"volume":63.11663380285988,"difficulty":1.5,"level":0.6666666666666666,"effort":94.67495070428981,"time":5.259719483571656,"bugs":0.00692418724656105},"loc":{"sloc":9.0,"ploc":8.0,"lloc":0.0,"cloc":6.0,"blank":1.0,"sloc_average":9.0,"ploc_average":8.0,"lloc_average":0.0,"cloc_average":6.0,"blank_average":1.0,"sloc_min":9.0,"sloc_max":9.0,"cloc_min":6.0,"cloc_max":6.0,"ploc_min":8.0,"ploc_max":8.0,"lloc_min":0.0,"lloc_max":0.0,"blank_min":1.0,"blank_max":1.0},"nom":{"functions":0.0,"closures":0.0,"functions_average":0.0,"closures_average":0.0,"total":0.0,"average":0.0,"functions_min":0.0,"functions_max":0.0,"closures_min":0.0,"closures_max":0.0},"mi":{"mi_original":113.62104325317374,"mi_sei":136.00052053372187,"mi_visual_studio":66.44505453401973},"abc":{"assignments":0.0,"branches":0.0,"conditions":0.0,"magnitude":0.0,"assignments_average":0.0,"branches_average":0.0,"conditions_average":0.0,"assignments_min":0.0,"assignments_max":0.0,"branches_min":0.0,"branches_max":0.0,"conditions_min":0.0,"conditions_max":0.0}}},{"name":null,"start_line":349,"end_line":364,"kind":"struct","spaces":[],"metrics":{"nargs":{"total_functions":0.0,"total_closures":0.0,"average_functions":0.0,"average_closures":0.0,"total":0.0,"average":0.0,"functions_min":0.0,"functions_max":0.0,"closures_min":0.0,"closures_max":0.0},"nexits":{"sum":0.0,"average":null,"min":0.0,"max":0.0},"cognitive":{"sum":0.0,"average":null,"min":0.0,"max":0.0},"cyclomatic":{"sum":1.0,"average":1.0,"min":1.0,"max":1.0},"halstead":{"n1":2.0,"N1":7.0,"n2":8.0,"N2":12.0,"length":19.0,"estimated_program_length":26.0,"purity_ratio":1.368421052631579,"vocabulary":10.0,"volume":63.11663380285988,"difficulty":1.5,"level":0.6666666666666666,"effort":94.67495070428981,"time":5.259719483571656,"bugs":0.00692418724656105},"loc":{"sloc":16.0,"ploc":8.0,"lloc":0.0,"cloc":8.0,"blank":1.0,"sloc_average":16.0,"ploc_average":8.0,"lloc_average":0.0,"cloc_average":8.0,"blank_average":1.0,"sloc_min":16.0,"sloc_max":16.0,"cloc_min":8.0,"cloc_max":8.0,"ploc_min":8.0,"ploc_max":8.0,"lloc_min":0.0,"lloc_max":0.0,"blank_min":1.0,"blank_max":1.0},"nom":{"functions":0.0,"closures":0.0,"functions_average":0.0,"closures_average":0.0,"total":0.0,"average":0.0,"functions_min":0.0,"functions_max":0.0,"closures_min":0.0,"closures_max":0.0},"mi":{"mi_original":104.30014410573604,"mi_sei":119.33087073910555,"mi_visual_studio":60.99423631914388},"abc":{"assignments":0.0,"branches":0.0,"conditions":0.0,"magnitude":0.0,"assignments_average":0.0,"branches_average":0.0,"conditions_average":0.0,"assignments_min":0.0,"assignments_max":0.0,"branches_min":0.0,"branches_max":0.0,"conditions_min":0.0,"conditions_max":0.0}}},{"name":null,"start_line":366,"end_line":369,"kind":"struct","spaces":[],"metrics":{"nargs":{"total_functions":0.0,"total_closures":0.0,"average_functions":0.0,"average_closures":0.0,"total":0.0,"average":0.0,"functions_min":0.0,"functions_max":0.0,"closures_min":0.0,"closures_max":0.0},"nexits":{"sum":0.0,"average":null,"min":0.0,"max":0.0},"cognitive":{"sum":0.0,"average":null,"min":0.0,"max":0.0},"cyclomatic":{"sum":1.0,"average":1.0,"min":1.0,"max":1.0},"halstead":{"n1":2.0,"N1":3.0,"n2":3.0,"N2":4.0,"length":7.0,"estimated_program_length":6.754887502163468,"purity_ratio":0.9649839288804954,"vocabulary":5.0,"volume":16.253496664211536,"difficulty":1.3333333333333333,"level":0.75,"effort":21.67132888561538,"time":1.2039627158675212,"bugs":0.0025910101084499473},"loc":{"sloc":4.0,"ploc":4.0,"lloc":0.0,"cloc":1.0,"blank":0.0,"sloc_average":4.0,"ploc_average":4.0,"lloc_average":0.0,"cloc_average":1.0,"blank_average":0.0,"sloc_min":4.0,"sloc_max":4.0,"cloc_min":1.0,"cloc_max":1.0,"ploc_min":4.0,"ploc_max":4.0,"lloc_min":0.0,"lloc_max":0.0,"blank_min":0.0,"blank_max":0.0},"nom":{"functions":0.0,"closures":0.0,"functions_average":0.0,"closures_average":0.0,"total":0.0,"average":0.0,"functions_min":0.0,"functions_max":0.0,"closures_min":0.0,"closures_max":0.0},"mi":{"mi_original":133.81282941204452,"mi_sei":152.4234667906416,"mi_visual_studio":78.25311661523071},"abc":{"assignments":0.0,"branches":0.0,"conditions":0.0,"magnitude":0.0,"assignments_average":0.0,"branches_average":0.0,"conditions_average":0.0,"assignments_min":0.0,"assignments_max":0.0,"branches_min":0.0,"branches_max":0.0,"conditions_min":0.0,"conditions_max":0.0}}},{"name":null,"start_line":404,"end_line":409,"kind":"struct","spaces":[],"metrics":{"nargs":{"total_functions":0.0,"total_closures":0.0,"average_functions":0.0,"average_closures":0.0,"total":0.0,"average":0.0,"functions_min":0.0,"functions_max":0.0,"closures_min":0.0,"closures_max":0.0},"nexits":{"sum":0.0,"average":null,"min":0.0,"max":0.0},"cognitive":{"sum":0.0,"average":null,"min":0.0,"max":0.0},"cyclomatic":{"sum":1.0,"average":1.0,"min":1.0,"max":1.0},"halstead":{"n1":2.0,"N1":5.0,"n2":5.0,"N2":8.0,"length":13.0,"estimated_program_length":13.60964047443681,"purity_ratio":1.046895421110524,"vocabulary":7.0,"volume":36.49561398674886,"difficulty":1.6,"level":0.625,"effort":58.39298237879817,"time":3.2440545765998987,"bugs":0.00501709721906979},"loc":{"sloc":6.0,"ploc":6.0,"lloc":0.0,"cloc":3.0,"blank":0.0,"sloc_average":6.0,"ploc_average":6.0,"lloc_average":0.0,"cloc_average":3.0,"blank_average":0.0,"sloc_min":6.0,"sloc_max":6.0,"cloc_min":3.0,"cloc_max":3.0,"ploc_min":6.0,"ploc_max":6.0,"lloc_min":0.0,"lloc_max":0.0,"blank_min":0.0,"blank_max":0.0},"nom":{"functions":0.0,"closures":0.0,"functions_average":0.0,"closures_average":0.0,"total":0.0,"average":0.0,"functions_min":0.0,"functions_max":0.0,"closures_min":0.0,"closures_max":0.0},"mi":{"mi_original":123.03809773767384,"mi_sei":146.36402352030956,"mi_visual_studio":71.95210394016014},"abc":{"assignments":0.0,"branches":0.0,"conditions":0.0,"magnitude":0.0,"assignments_average":0.0,"branches_average":0.0,"conditions_average":0.0,"assignments_min":0.0,"assignments_max":0.0,"branches_min":0.0,"branches_max":0.0,"conditions_min":0.0,"conditions_max":0.0}}},{"name":null,"start_line":411,"end_line":419,"kind":"struct","spaces":[],"metrics":{"nargs":{"total_functions":0.0,"total_closures":0.0,"average_functions":0.0,"average_closures":0.0,"total":0.0,"average":0.0,"functions_min":0.0,"functions_max":0.0,"closures_min":0.0,"closures_max":0.0},"nexits":{"sum":0.0,"average":null,"min":0.0,"max":0.0},"cognitive":{"sum":0.0,"average":null,"min":0.0,"max":0.0},"cyclomatic":{"sum":1.0,"average":1.0,"min":1.0,"max":1.0},"halstead":{"n1":2.0,"N1":7.0,"n2":10.0,"N2":12.0,"length":19.0,"estimated_program_length":35.219280948873624,"purity_ratio":1.8536463657301907,"vocabulary":12.0,"volume":68.11428751370197,"difficulty":1.2,"level":0.8333333333333334,"effort":81.73714501644235,"time":4.540952500913464,"bugs":0.006278054113561268},"loc":{"sloc":9.0,"ploc":8.0,"lloc":0.0,"cloc":1.0,"blank":1.0,"sloc_average":9.0,"ploc_average":8.0,"lloc_average":0.0,"cloc_average":1.0,"blank_average":1.0,"sloc_min":9.0,"sloc_max":9.0,"cloc_min":1.0,"cloc_max":1.0,"ploc_min":8.0,"ploc_max":8.0,"lloc_min":0.0,"lloc_max":0.0,"blank_min":1.0,"blank_max":1.0},"nom":{"functions":0.0,"closures":0.0,"functions_average":0.0,"closures_average":0.0,"total":0.0,"average":0.0,"functions_min":0.0,"functions_max":0.0,"closures_min":0.0,"closures_max":0.0},"mi":{"mi_original":113.2247894829634,"mi_sei":112.43735240051643,"mi_visual_studio":66.21332718301953},"abc":{"assignments":0.0,"branches":0.0,"conditions":0.0,"magnitude":0.0,"assignments_average":0.0,"branches_average":0.0,"conditions_average":0.0,"assignments_min":0.0,"assignments_max":0.0,"branches_min":0.0,"branches_max":0.0,"conditions_min":0.0,"conditions_max":0.0}}},{"name":null,"start_line":421,"end_line":424,"kind":"struct","spaces":[],"metrics":{"nargs":{"total_functions":0.0,"total_closures":0.0,"average_functions":0.0,"average_closures":0.0,"total":0.0,"average":0.0,"functions_min":0.0,"functions_max":0.0,"closures_min":0.0,"closures_max":0.0},"nexits":{"sum":0.0,"average":null,"min":0.0,"max":0.0},"cognitive":{"sum":0.0,"average":null,"min":0.0,"max":0.0},"cyclomatic":{"sum":1.0,"average":1.0,"min":1.0,"max":1.0},"halstead":{"n1":2.0,"N1":3.0,"n2":3.0,"N2":4.0,"length":7.0,"estimated_program_length":6.754887502163468,"purity_ratio":0.9649839288804954,"vocabulary":5.0,"volume":16.253496664211536,"difficulty":1.3333333333333333,"level":0.75,"effort":21.67132888561538,"time":1.2039627158675212,"bugs":0.0025910101084499473},"loc":{"sloc":4.0,"ploc":4.0,"lloc":0.0,"cloc":1.0,"blank":0.0,"sloc_average":4.0,"ploc_average":4.0,"lloc_average":0.0,"cloc_average":1.0,"blank_average":0.0,"sloc_min":4.0,"sloc_max":4.0,"cloc_min":1.0,"cloc_max":1.0,"ploc_min":4.0,"ploc_max":4.0,"lloc_min":0.0,"lloc_max":0.0,"blank_min":0.0,"blank_max":0.0},"nom":{"functions":0.0,"closures":0.0,"functions_average":0.0,"closures_average":0.0,"total":0.0,"average":0.0,"functions_min":0.0,"functions_max":0.0,"closures_min":0.0,"closures_max":0.0},"mi":{"mi_original":133.81282941204452,"mi_sei":152.4234667906416,"mi_visual_studio":78.25311661523071},"abc":{"assignments":0.0,"branches":0.0,"conditions":0.0,"magnitude":0.0,"assignments_average":0.0,"branches_average":0.0,"conditions_average":0.0,"assignments_min":0.0,"assignments_max":0.0,"branches_min":0.0,"branches_max":0.0,"conditions_min":0.0,"conditions_max":0.0}}},{"name":null,"start_line":429,"end_line":434,"kind":"struct","spaces":[],"metrics":{"nargs":{"total_functions":0.0,"total_closures":0.0,"average_functions":0.0,"average_closures":0.0,"total":0.0,"average":0.0,"functions_min":0.0,"functions_max":0.0,"closures_min":0.0,"closures_max":0.0},"nexits":{"sum":0.0,"average":null,"min":0.0,"max":0.0},"cognitive":{"sum":0.0,"average":null,"min":0.0,"max":0.0},"cyclomatic":{"sum":1.0,"average":1.0,"min":1.0,"max":1.0},"halstead":{"n1":2.0,"N1":5.0,"n2":5.0,"N2":8.0,"length":13.0,"estimated_program_length":13.60964047443681,"purity_ratio":1.046895421110524,"vocabulary":7.0,"volume":36.49561398674886,"difficulty":1.6,"level":0.625,"effort":58.39298237879817,"time":3.2440545765998987,"bugs":0.00501709721906979},"loc":{"sloc":6.0,"ploc":6.0,"lloc":0.0,"cloc":3.0,"blank":0.0,"sloc_average":6.0,"ploc_average":6.0,"lloc_average":0.0,"cloc_average":3.0,"blank_average":0.0,"sloc_min":6.0,"sloc_max":6.0,"cloc_min":3.0,"cloc_max":3.0,"ploc_min":6.0,"ploc_max":6.0,"lloc_min":0.0,"lloc_max":0.0,"blank_min":0.0,"blank_max":0.0},"nom":{"functions":0.0,"closures":0.0,"functions_average":0.0,"closures_average":0.0,"total":0.0,"average":0.0,"functions_min":0.0,"functions_max":0.0,"closures_min":0.0,"closures_max":0.0},"mi":{"mi_original":123.03809773767384,"mi_sei":146.36402352030956,"mi_visual_studio":71.95210394016014},"abc":{"assignments":0.0,"branches":0.0,"conditions":0.0,"magnitude":0.0,"assignments_average":0.0,"branches_average":0.0,"conditions_average":0.0,"assignments_min":0.0,"assignments_max":0.0,"branches_min":0.0,"branches_max":0.0,"conditions_min":0.0,"conditions_max":0.0}}},{"name":null,"start_line":436,"end_line":441,"kind":"struct","spaces":[],"metrics":{"nargs":{"total_functions":0.0,"total_closures":0.0,"average_functions":0.0,"average_closures":0.0,"total":0.0,"average":0.0,"functions_min":0.0,"functions_max":0.0,"closures_min":0.0,"closures_max":0.0},"nexits":{"sum":0.0,"average":null,"min":0.0,"max":0.0},"cognitive":{"sum":0.0,"average":null,"min":0.0,"max":0.0},"cyclomatic":{"sum":1.0,"average":1.0,"min":1.0,"max":1.0},"halstead":{"n1":2.0,"N1":5.0,"n2":5.0,"N2":8.0,"length":13.0,"estimated_program_length":13.60964047443681,"purity_ratio":1.046895421110524,"vocabulary":7.0,"volume":36.49561398674886,"difficulty":1.6,"level":0.625,"effort":58.39298237879817,"time":3.2440545765998987,"bugs":0.00501709721906979},"loc":{"sloc":6.0,"ploc":6.0,"lloc":0.0,"cloc":3.0,"blank":0.0,"sloc_average":6.0,"ploc_average":6.0,"lloc_average":0.0,"cloc_average":3.0,"blank_average":0.0,"sloc_min":6.0,"sloc_max":6.0,"cloc_min":3.0,"cloc_max":3.0,"ploc_min":6.0,"ploc_max":6.0,"lloc_min":0.0,"lloc_max":0.0,"blank_min":0.0,"blank_max":0.0},"nom":{"functions":0.0,"closures":0.0,"functions_average":0.0,"closures_average":0.0,"total":0.0,"average":0.0,"functions_min":0.0,"functions_max":0.0,"closures_min":0.0,"closures_max":0.0},"mi":{"mi_original":123.03809773767384,"mi_sei":146.36402352030956,"mi_visual_studio":71.95210394016014},"abc":{"assignments":0.0,"branches":0.0,"conditions":0.0,"magnitude":0.0,"assignments_average":0.0,"branches_average":0.0,"conditions_average":0.0,"assignments_min":0.0,"assignments_max":0.0,"branches_min":0.0,"branches_max":0.0,"conditions_min":0.0,"conditions_max":0.0}}},{"name":null,"start_line":443,"end_line":448,"kind":"struct","spaces":[],"metrics":{"nargs":{"total_functions":0.0,"total_closures":0.0,"average_functions":0.0,"average_closures":0.0,"total":0.0,"average":0.0,"functions_min":0.0,"functions_max":0.0,"closures_min":0.0,"closures_max":0.0},"nexits":{"sum":0.0,"average":null,"min":0.0,"max":0.0},"cognitive":{"sum":0.0,"average":null,"min":0.0,"max":0.0},"cyclomatic":{"sum":1.0,"average":1.0,"min":1.0,"max":1.0},"halstead":{"n1":2.0,"N1":5.0,"n2":5.0,"N2":8.0,"length":13.0,"estimated_program_length":13.60964047443681,"purity_ratio":1.046895421110524,"vocabulary":7.0,"volume":36.49561398674886,"difficulty":1.6,"level":0.625,"effort":58.39298237879817,"time":3.2440545765998987,"bugs":0.00501709721906979},"loc":{"sloc":6.0,"ploc":6.0,"lloc":0.0,"cloc":3.0,"blank":0.0,"sloc_average":6.0,"ploc_average":6.0,"lloc_average":0.0,"cloc_average":3.0,"blank_average":0.0,"sloc_min":6.0,"sloc_max":6.0,"cloc_min":3.0,"cloc_max":3.0,"ploc_min":6.0,"ploc_max":6.0,"lloc_min":0.0,"lloc_max":0.0,"blank_min":0.0,"blank_max":0.0},"nom":{"functions":0.0,"closures":0.0,"functions_average":0.0,"closures_average":0.0,"total":0.0,"average":0.0,"functions_min":0.0,"functions_max":0.0,"closures_min":0.0,"closures_max":0.0},"mi":{"mi_original":123.03809773767384,"mi_sei":146.36402352030956,"mi_visual_studio":71.95210394016014},"abc":{"assignments":0.0,"branches":0.0,"conditions":0.0,"magnitude":0.0,"assignments_average":0.0,"branches_average":0.0,"conditions_average":0.0,"assignments_min":0.0,"assignments_max":0.0,"branches_min":0.0,"branches_max":0.0,"conditions_min":0.0,"conditions_max":0.0}}},{"name":null,"start_line":450,"end_line":455,"kind":"struct","spaces":[],"metrics":{"nargs":{"total_functions":0.0,"total_closures":0.0,"average_functions":0.0,"average_closures":0.0,"total":0.0,"average":0.0,"functions_min":0.0,"functions_max":0.0,"closures_min":0.0,"closures_max":0.0},"nexits":{"sum":0.0,"average":null,"min":0.0,"max":0.0},"cognitive":{"sum":0.0,"average":null,"min":0.0,"max":0.0},"cyclomatic":{"sum":1.0,"average":1.0,"min":1.0,"max":1.0},"halstead":{"n1":2.0,"N1":5.0,"n2":5.0,"N2":8.0,"length":13.0,"estimated_program_length":13.60964047443681,"purity_ratio":1.046895421110524,"vocabulary":7.0,"volume":36.49561398674886,"difficulty":1.6,"level":0.625,"effort":58.39298237879817,"time":3.2440545765998987,"bugs":0.00501709721906979},"loc":{"sloc":6.0,"ploc":6.0,"lloc":0.0,"cloc":3.0,"blank":0.0,"sloc_average":6.0,"ploc_average":6.0,"lloc_average":0.0,"cloc_average":3.0,"blank_average":0.0,"sloc_min":6.0,"sloc_max":6.0,"cloc_min":3.0,"cloc_max":3.0,"ploc_min":6.0,"ploc_max":6.0,"lloc_min":0.0,"lloc_max":0.0,"blank_min":0.0,"blank_max":0.0},"nom":{"functions":0.0,"closures":0.0,"functions_average":0.0,"closures_average":0.0,"total":0.0,"average":0.0,"functions_min":0.0,"functions_max":0.0,"closures_min":0.0,"closures_max":0.0},"mi":{"mi_original":123.03809773767384,"mi_sei":146.36402352030956,"mi_visual_studio":71.95210394016014},"abc":{"assignments":0.0,"branches":0.0,"conditions":0.0,"magnitude":0.0,"assignments_average":0.0,"branches_average":0.0,"conditions_average":0.0,"assignments_min":0.0,"assignments_max":0.0,"branches_min":0.0,"branches_max":0.0,"conditions_min":0.0,"conditions_max":0.0}}},{"name":null,"start_line":457,"end_line":462,"kind":"struct","spaces":[],"metrics":{"nargs":{"total_functions":0.0,"total_closures":0.0,"average_functions":0.0,"average_closures":0.0,"total":0.0,"average":0.0,"functions_min":0.0,"functions_max":0.0,"closures_min":0.0,"closures_max":0.0},"nexits":{"sum":0.0,"average":null,"min":0.0,"max":0.0},"cognitive":{"sum":0.0,"average":null,"min":0.0,"max":0.0},"cyclomatic":{"sum":1.0,"average":1.0,"min":1.0,"max":1.0},"halstead":{"n1":2.0,"N1":5.0,"n2":5.0,"N2":8.0,"length":13.0,"estimated_program_length":13.60964047443681,"purity_ratio":1.046895421110524,"vocabulary":7.0,"volume":36.49561398674886,"difficulty":1.6,"level":0.625,"effort":58.39298237879817,"time":3.2440545765998987,"bugs":0.00501709721906979},"loc":{"sloc":6.0,"ploc":6.0,"lloc":0.0,"cloc":3.0,"blank":0.0,"sloc_average":6.0,"ploc_average":6.0,"lloc_average":0.0,"cloc_average":3.0,"blank_average":0.0,"sloc_min":6.0,"sloc_max":6.0,"cloc_min":3.0,"cloc_max":3.0,"ploc_min":6.0,"ploc_max":6.0,"lloc_min":0.0,"lloc_max":0.0,"blank_min":0.0,"blank_max":0.0},"nom":{"functions":0.0,"closures":0.0,"functions_average":0.0,"closures_average":0.0,"total":0.0,"average":0.0,"functions_min":0.0,"functions_max":0.0,"closures_min":0.0,"closures_max":0.0},"mi":{"mi_original":123.03809773767384,"mi_sei":146.36402352030956,"mi_visual_studio":71.95210394016014},"abc":{"assignments":0.0,"branches":0.0,"conditions":0.0,"magnitude":0.0,"assignments_average":0.0,"branches_average":0.0,"conditions_average":0.0,"assignments_min":0.0,"assignments_max":0.0,"branches_min":0.0,"branches_max":0.0,"conditions_min":0.0,"conditions_max":0.0}}},{"name":null,"start_line":464,"end_line":469,"kind":"struct","spaces":[],"metrics":{"nargs":{"total_functions":0.0,"total_closures":0.0,"average_functions":0.0,"average_closures":0.0,"total":0.0,"average":0.0,"functions_min":0.0,"functions_max":0.0,"closures_min":0.0,"closures_max":0.0},"nexits":{"sum":0.0,"average":null,"min":0.0,"max":0.0},"cognitive":{"sum":0.0,"average":null,"min":0.0,"max":0.0},"cyclomatic":{"sum":1.0,"average":1.0,"min":1.0,"max":1.0},"halstead":{"n1":2.0,"N1":5.0,"n2":5.0,"N2":8.0,"length":13.0,"estimated_program_length":13.60964047443681,"purity_ratio":1.046895421110524,"vocabulary":7.0,"volume":36.49561398674886,"difficulty":1.6,"level":0.625,"effort":58.39298237879817,"time":3.2440545765998987,"bugs":0.00501709721906979},"loc":{"sloc":6.0,"ploc":6.0,"lloc":0.0,"cloc":3.0,"blank":0.0,"sloc_average":6.0,"ploc_average":6.0,"lloc_average":0.0,"cloc_average":3.0,"blank_average":0.0,"sloc_min":6.0,"sloc_max":6.0,"cloc_min":3.0,"cloc_max":3.0,"ploc_min":6.0,"ploc_max":6.0,"lloc_min":0.0,"lloc_max":0.0,"blank_min":0.0,"blank_max":0.0},"nom":{"functions":0.0,"closures":0.0,"functions_average":0.0,"closures_average":0.0,"total":0.0,"average":0.0,"functions_min":0.0,"functions_max":0.0,"closures_min":0.0,"closures_max":0.0},"mi":{"mi_original":123.03809773767384,"mi_sei":146.36402352030956,"mi_visual_studio":71.95210394016014},"abc":{"assignments":0.0,"branches":0.0,"conditions":0.0,"magnitude":0.0,"assignments_average":0.0,"branches_average":0.0,"conditions_average":0.0,"assignments_min":0.0,"assignments_max":0.0,"branches_min":0.0,"branches_max":0.0,"conditions_min":0.0,"conditions_max":0.0}}},{"name":null,"start_line":471,"end_line":476,"kind":"struct","spaces":[],"metrics":{"nargs":{"total_functions":0.0,"total_closures":0.0,"average_functions":0.0,"average_closures":0.0,"total":0.0,"average":0.0,"functions_min":0.0,"functions_max":0.0,"closures_min":0.0,"closures_max":0.0},"nexits":{"sum":0.0,"average":null,"min":0.0,"max":0.0},"cognitive":{"sum":0.0,"average":null,"min":0.0,"max":0.0},"cyclomatic":{"sum":1.0,"average":1.0,"min":1.0,"max":1.0},"halstead":{"n1":2.0,"N1":5.0,"n2":5.0,"N2":8.0,"length":13.0,"estimated_program_length":13.60964047443681,"purity_ratio":1.046895421110524,"vocabulary":7.0,"volume":36.49561398674886,"difficulty":1.6,"level":0.625,"effort":58.39298237879817,"time":3.2440545765998987,"bugs":0.00501709721906979},"loc":{"sloc":6.0,"ploc":6.0,"lloc":0.0,"cloc":3.0,"blank":0.0,"sloc_average":6.0,"ploc_average":6.0,"lloc_average":0.0,"cloc_average":3.0,"blank_average":0.0,"sloc_min":6.0,"sloc_max":6.0,"cloc_min":3.0,"cloc_max":3.0,"ploc_min":6.0,"ploc_max":6.0,"lloc_min":0.0,"lloc_max":0.0,"blank_min":0.0,"blank_max":0.0},"nom":{"functions":0.0,"closures":0.0,"functions_average":0.0,"closures_average":0.0,"total":0.0,"average":0.0,"functions_min":0.0,"functions_max":0.0,"closures_min":0.0,"closures_max":0.0},"mi":{"mi_original":123.03809773767384,"mi_sei":146.36402352030956,"mi_visual_studio":71.95210394016014},"abc":{"assignments":0.0,"branches":0.0,"conditions":0.0,"magnitude":0.0,"assignments_average":0.0,"branches_average":0.0,"conditions_average":0.0,"assignments_min":0.0,"assignments_max":0.0,"branches_min":0.0,"branches_max":0.0,"conditions_min":0.0,"conditions_max":0.0}}},{"name":null,"start_line":478,"end_line":481,"kind":"struct","spaces":[],"metrics":{"nargs":{"total_functions":0.0,"total_closures":0.0,"average_functions":0.0,"average_closures":0.0,"total":0.0,"average":0.0,"functions_min":0.0,"functions_max":0.0,"closures_min":0.0,"closures_max":0.0},"nexits":{"sum":0.0,"average":null,"min":0.0,"max":0.0},"cognitive":{"sum":0.0,"average":null,"min":0.0,"max":0.0},"cyclomatic":{"sum":1.0,"average":1.0,"min":1.0,"max":1.0},"halstead":{"n1":2.0,"N1":3.0,"n2":3.0,"N2":4.0,"length":7.0,"estimated_program_length":6.754887502163468,"purity_ratio":0.9649839288804954,"vocabulary":5.0,"volume":16.253496664211536,"difficulty":1.3333333333333333,"level":0.75,"effort":21.67132888561538,"time":1.2039627158675212,"bugs":0.0025910101084499473},"loc":{"sloc":4.0,"ploc":4.0,"lloc":0.0,"cloc":2.0,"blank":0.0,"sloc_average":4.0,"ploc_average":4.0,"lloc_average":0.0,"cloc_average":2.0,"blank_average":0.0,"sloc_min":4.0,"sloc_max":4.0,"cloc_min":2.0,"cloc_max":2.0,"ploc_min":4.0,"ploc_max":4.0,"lloc_min":0.0,"lloc_max":0.0,"blank_min":0.0,"blank_max":0.0},"nom":{"functions":0.0,"closures":0.0,"functions_average":0.0,"closures_average":0.0,"total":0.0,"average":0.0,"functions_min":0.0,"functions_max":0.0,"closures_min":0.0,"closures_max":0.0},"mi":{"mi_original":133.81282941204452,"mi_sei":161.90867547383337,"mi_visual_studio":78.25311661523071},"abc":{"assignments":0.0,"branches":0.0,"conditions":0.0,"magnitude":0.0,"assignments_average":0.0,"branches_average":0.0,"conditions_average":0.0,"assignments_min":0.0,"assignments_max":0.0,"branches_min":0.0,"branches_max":0.0,"conditions_min":0.0,"conditions_max":0.0}}},{"name":null,"start_line":483,"end_line":488,"kind":"struct","spaces":[],"metrics":{"nargs":{"total_functions":0.0,"total_closures":0.0,"average_functions":0.0,"average_closures":0.0,"total":0.0,"average":0.0,"functions_min":0.0,"functions_max":0.0,"closures_min":0.0,"closures_max":0.0},"nexits":{"sum":0.0,"average":null,"min":0.0,"max":0.0},"cognitive":{"sum":0.0,"average":null,"min":0.0,"max":0.0},"cyclomatic":{"sum":1.0,"average":1.0,"min":1.0,"max":1.0},"halstead":{"n1":2.0,"N1":5.0,"n2":5.0,"N2":8.0,"length":13.0,"estimated_program_length":13.60964047443681,"purity_ratio":1.046895421110524,"vocabulary":7.0,"volume":36.49561398674886,"difficulty":1.6,"level":0.625,"effort":58.39298237879817,"time":3.2440545765998987,"bugs":0.00501709721906979},"loc":{"sloc":6.0,"ploc":6.0,"lloc":0.0,"cloc":3.0,"blank":0.0,"sloc_average":6.0,"ploc_average":6.0,"lloc_average":0.0,"cloc_average":3.0,"blank_average":0.0,"sloc_min":6.0,"sloc_max":6.0,"cloc_min":3.0,"cloc_max":3.0,"ploc_min":6.0,"ploc_max":6.0,"lloc_min":0.0,"lloc_max":0.0,"blank_min":0.0,"blank_max":0.0},"nom":{"functions":0.0,"closures":0.0,"functions_average":0.0,"closures_average":0.0,"total":0.0,"average":0.0,"functions_min":0.0,"functions_max":0.0,"closures_min":0.0,"closures_max":0.0},"mi":{"mi_original":123.03809773767384,"mi_sei":146.36402352030956,"mi_visual_studio":71.95210394016014},"abc":{"assignments":0.0,"branches":0.0,"conditions":0.0,"magnitude":0.0,"assignments_average":0.0,"branches_average":0.0,"conditions_average":0.0,"assignments_min":0.0,"assignments_max":0.0,"branches_min":0.0,"branches_max":0.0,"conditions_min":0.0,"conditions_max":0.0}}},{"name":null,"start_line":490,"end_line":493,"kind":"struct","spaces":[],"metrics":{"nargs":{"total_functions":0.0,"total_closures":0.0,"average_functions":0.0,"average_closures":0.0,"total":0.0,"average":0.0,"functions_min":0.0,"functions_max":0.0,"closures_min":0.0,"closures_max":0.0},"nexits":{"sum":0.0,"average":null,"min":0.0,"max":0.0},"cognitive":{"sum":0.0,"average":null,"min":0.0,"max":0.0},"cyclomatic":{"sum":1.0,"average":1.0,"min":1.0,"max":1.0},"halstead":{"n1":2.0,"N1":3.0,"n2":3.0,"N2":4.0,"length":7.0,"estimated_program_length":6.754887502163468,"purity_ratio":0.9649839288804954,"vocabulary":5.0,"volume":16.253496664211536,"difficulty":1.3333333333333333,"level":0.75,"effort":21.67132888561538,"time":1.2039627158675212,"bugs":0.0025910101084499473},"loc":{"sloc":4.0,"ploc":4.0,"lloc":0.0,"cloc":1.0,"blank":0.0,"sloc_average":4.0,"ploc_average":4.0,"lloc_average":0.0,"cloc_average":1.0,"blank_average":0.0,"sloc_min":4.0,"sloc_max":4.0,"cloc_min":1.0,"cloc_max":1.0,"ploc_min":4.0,"ploc_max":4.0,"lloc_min":0.0,"lloc_max":0.0,"blank_min":0.0,"blank_max":0.0},"nom":{"functions":0.0,"closures":0.0,"functions_average":0.0,"closures_average":0.0,"total":0.0,"average":0.0,"functions_min":0.0,"functions_max":0.0,"closures_min":0.0,"closures_max":0.0},"mi":{"mi_original":133.81282941204452,"mi_sei":152.4234667906416,"mi_visual_studio":78.25311661523071},"abc":{"assignments":0.0,"branches":0.0,"conditions":0.0,"magnitude":0.0,"assignments_average":0.0,"branches_average":0.0,"conditions_average":0.0,"assignments_min":0.0,"assignments_max":0.0,"branches_min":0.0,"branches_max":0.0,"conditions_min":0.0,"conditions_max":0.0}}},{"name":null,"start_line":542,"end_line":553,"kind":"struct","spaces":[],"metrics":{"nargs":{"total_functions":0.0,"total_closures":0.0,"average_functions":0.0,"average_closures":0.0,"total":0.0,"average":0.0,"functions_min":0.0,"functions_max":0.0,"closures_min":0.0,"closures_max":0.0},"nexits":{"sum":0.0,"average":null,"min":0.0,"max":0.0},"cognitive":{"sum":0.0,"average":null,"min":0.0,"max":0.0},"cyclomatic":{"sum":1.0,"average":1.0,"min":1.0,"max":1.0},"halstead":{"n1":6.0,"N1":34.0,"n2":19.0,"N2":34.0,"length":68.0,"estimated_program_length":96.22039775975506,"purity_ratio":1.4150058494081625,"vocabulary":25.0,"volume":315.78222090468125,"difficulty":5.368421052631579,"level":0.18627450980392157,"effort":1695.2519227514467,"time":94.18066237508037,"bugs":0.04739162230724581},"loc":{"sloc":12.0,"ploc":10.0,"lloc":0.0,"cloc":0.0,"blank":2.0,"sloc_average":12.0,"ploc_average":10.0,"lloc_average":0.0,"cloc_average":0.0,"blank_average":2.0,"sloc_min":12.0,"sloc_max":12.0,"cloc_min":0.0,"cloc_max":0.0,"ploc_min":10.0,"ploc_max":10.0,"lloc_min":0.0,"lloc_max":0.0,"blank_min":2.0,"blank_max":2.0},"nom":{"functions":0.0,"closures":0.0,"functions_average":0.0,"closures_average":0.0,"total":0.0,"average":0.0,"functions_min":0.0,"functions_max":0.0,"closures_min":0.0,"closures_max":0.0},"mi":{"mi_original":100.5882377048813,"mi_sei":69.5191195759842,"mi_visual_studio":58.823530821568006},"abc":{"assignments":0.0,"branches":0.0,"conditions":0.0,"magnitude":0.0,"assignments_average":0.0,"branches_average":0.0,"conditions_average":0.0,"assignments_min":0.0,"assignments_max":0.0,"branches_min":0.0,"branches_max":0.0,"conditions_min":0.0,"conditions_max":0.0}}}],"metrics":{"nargs":{"total_functions":0.0,"total_closures":0.0,"average_functions":0.0,"average_closures":0.0,"total":0.0,"average":0.0,"functions_min":0.0,"functions_max":0.0,"closures_min":0.0,"closures_max":0.0},"nexits":{"sum":0.0,"average":null,"min":0.0,"max":0.0},"cognitive":{"sum":0.0,"average":null,"min":0.0,"max":0.0},"cyclomatic":{"sum":32.0,"average":1.0,"min":1.0,"max":1.0},"halstead":{"n1":8.0,"N1":1063.0,"n2":454.0,"N2":1241.0,"length":2304.0,"estimated_program_length":4031.253013230075,"purity_ratio":1.74967578699222,"vocabulary":462.0,"volume":20394.429791422597,"difficulty":10.933920704845814,"level":0.09145850120870266,"effort":222991.07815995984,"time":12388.39323110888,"bugs":1.2257551788793992},"loc":{"sloc":651.0,"ploc":485.0,"lloc":56.0,"cloc":163.0,"blank":109.0,"sloc_average":20.34375,"ploc_average":15.15625,"lloc_average":1.75,"cloc_average":5.09375,"blank_average":3.40625,"sloc_min":4.0,"sloc_max":16.0,"cloc_min":0.0,"cloc_max":8.0,"ploc_min":4.0,"ploc_max":10.0,"lloc_min":0.0,"lloc_max":0.0,"blank_min":0.0,"blank_max":2.0},"nom":{"functions":0.0,"closures":0.0,"functions_average":0.0,"closures_average":0.0,"total":0.0,"average":0.0,"functions_min":0.0,"functions_max":0.0,"closures_min":0.0,"closures_max":0.0},"mi":{"mi_original":7.088454912062431,"mi_sei":-27.2234987037287,"mi_visual_studio":4.145295270211949},"abc":{"assignments":0.0,"branches":0.0,"conditions":0.0,"magnitude":0.0,"assignments_average":0.0,"branches_average":0.0,"conditions_average":0.0,"assignments_min":0.0,"assignments_max":0.0,"branches_min":0.0,"branches_max":0.0,"conditions_min":0.0,"conditions_max":0.0}}}