{"name":"./src/x509-crl-parser.h","start_line":1,"end_line":86,"kind":"unit","spaces":[{"name":null,"start_line":17,"end_line":76,"kind":"struct","spaces":[],"metrics":{"nargs":{"total_functions":0.0,"total_closures":0.0,"average_functions":0.0,"average_closures":0.0,"total":0.0,"average":0.0,"functions_min":0.0,"functions_max":0.0,"closures_min":0.0,"closures_max":0.0},"nexits":{"sum":0.0,"average":null,"min":0.0,"max":0.0},"cognitive":{"sum":0.0,"average":null,"min":0.0,"max":0.0},"cyclomatic":{"sum":1.0,"average":1.0,"min":1.0,"max":1.0},"halstead":{"n1":3.0,"N1":43.0,"n2":41.0,"N2":63.0,"length":106.0,"estimated_program_length":224.4145196915049,"purity_ratio":2.117118110297216,"vocabulary":44.0,"volume":578.6997515755535,"difficulty":2.3048780487804876,"level":0.4338624338624339,"effort":1333.8323542412147,"time":74.10179745784527,"bugs":0.04039053233643117},"loc":{"sloc":60.0,"ploc":37.0,"lloc":0.0,"cloc":17.0,"blank":11.0,"sloc_average":60.0,"ploc_average":37.0,"lloc_average":0.0,"cloc_average":17.0,"blank_average":11.0,"sloc_min":60.0,"sloc_max":60.0,"cloc_min":17.0,"cloc_max":17.0,"ploc_min":37.0,"ploc_max":37.0,"lloc_min":0.0,"lloc_max":0.0,"blank_min":11.0,"blank_max":11.0},"nom":{"functions":0.0,"closures":0.0,"functions_average":0.0,"closures_average":0.0,"total":0.0,"average":0.0,"functions_min":0.0,"functions_max":0.0,"closures_min":0.0,"closures_max":0.0},"mi":{"mi_original":71.36554243964454,"mi_sei":64.0742141026898,"mi_visual_studio":41.73423534482137},"abc":{"assignments":0.0,"branches":0.0,"conditions":0.0,"magnitude":0.0,"assignments_average":0.0,"branches_average":0.0,"conditions_average":0.0,"assignments_min":0.0,"assignments_max":0.0,"branches_min":0.0,"branches_max":0.0,"conditions_min":0.0,"conditions_max":0.0}}}],"metrics":{"nargs":{"total_functions":0.0,"total_closures":0.0,"average_functions":0.0,"average_closures":0.0,"total":0.0,"average":0.0,"functions_min":0.0,"functions_max":0.0,"closures_min":0.0,"closures_max":0.0},"nexits":{"sum":0.0,"average":null,"min":0.0,"max":0.0},"cognitive":{"sum":0.0,"average":null,"min":0.0,"max":0.0},"cyclomatic":{"sum":2.0,"average":1.0,"min":1.0,"max":1.0},"halstead":{"n1":6.0,"N1":51.0,"n2":50.0,"N2":76.0,"length":127.0,"estimated_program_length":297.7025844930631,"purity_ratio":2.344114838528056,"vocabulary":56.0,"volume":737.5340751013157,"difficulty":4.56,"level":0.2192982456140351,"effort":3363.155382461999,"time":186.84196569233328,"bugs":0.07482442138499264},"loc":{"sloc":86.0,"ploc":44.0,"lloc":1.0,"cloc":32.0,"blank":16.0,"sloc_average":43.0,"ploc_average":22.0,"lloc_average":0.5,"cloc_average":16.0,"blank_average":8.0,"sloc_min":60.0,"sloc_max":60.0,"cloc_min":17.0,"cloc_max":17.0,"ploc_min":37.0,"ploc_max":37.0,"lloc_min":0.0,"lloc_max":0.0,"blank_min":11.0,"blank_max":11.0},"nom":{"functions":0.0,"closures":0.0,"functions_average":0.0,"closures_average":0.0,"total":0.0,"average":0.0,"functions_min":0.0,"functions_max":0.0,"closures_min":0.0,"closures_max":0.0},"mi":{"mi_original":64.04234988918924,"mi_sei":57.42118798053162,"mi_visual_studio":37.45166660186505},"abc":{"assignments":0.0,"branches":0.0,"conditions":0.0,"magnitude":0.0,"assignments_average":0.0,"branches_average":0.0,"conditions_average":0.0,"assignments_min":0.0,"assignments_max":0.0,"branches_min":0.0,"branches_max":0.0,"conditions_min":0.0,"conditions_max":0.0}}}