{"name":"./src/x509-crl-parser.c","start_line":1,"end_line":3511,"kind":"unit","spaces":[{"name":"parse_crl_entry_ext_ReasonCode","start_line":105,"end_line":163,"kind":"function","spaces":[],"metrics":{"nargs":{"total_functions":5.0,"total_closures":0.0,"average_functions":5.0,"average_closures":0.0,"total":5.0,"average":5.0,"functions_min":5.0,"functions_max":5.0,"closures_min":0.0,"closures_max":0.0},"nexits":{"sum":1.0,"average":1.0,"min":1.0,"max":1.0},"cognitive":{"sum":10.0,"average":10.0,"min":10.0,"max":10.0},"cyclomatic":{"sum":17.0,"average":17.0,"min":17.0,"max":17.0},"halstead":{"n1":21.0,"N1":105.0,"n2":33.0,"N2":64.0,"length":169.0,"estimated_program_length":258.7036718171829,"purity_ratio":1.5307909574981238,"vocabulary":54.0,"volume":972.5759878656261,"difficulty":20.363636363636363,"level":0.049107142857142856,"effort":19805.183752900022,"time":1100.2879862722234,"bugs":0.24400459003738692},"loc":{"sloc":59.0,"ploc":44.0,"lloc":40.0,"cloc":9.0,"blank":6.0,"sloc_average":59.0,"ploc_average":44.0,"lloc_average":40.0,"cloc_average":9.0,"blank_average":6.0,"sloc_min":59.0,"sloc_max":59.0,"cloc_min":9.0,"cloc_max":9.0,"ploc_min":44.0,"ploc_max":44.0,"lloc_min":40.0,"lloc_max":40.0,"blank_min":6.0,"blank_max":6.0},"nom":{"functions":1.0,"closures":0.0,"functions_average":1.0,"closures_average":0.0,"total":1.0,"average":1.0,"functions_min":1.0,"functions_max":1.0,"closures_min":0.0,"closures_max":0.0},"mi":{"mi_original":65.25816272160054,"mi_sei":48.618423656134354,"mi_visual_studio":38.16266825824593},"abc":{"assignments":0.0,"branches":0.0,"conditions":0.0,"magnitude":0.0,"assignments_average":0.0,"branches_average":0.0,"conditions_average":0.0,"assignments_min":0.0,"assignments_max":0.0,"branches_min":0.0,"branches_max":0.0,"conditions_min":0.0,"conditions_max":0.0}}},{"name":"parse_crl_entry_ext_InvalidityDate","start_line":183,"end_line":218,"kind":"function","spaces":[],"metrics":{"nargs":{"total_functions":5.0,"total_closures":0.0,"average_functions":5.0,"average_closures":0.0,"total":5.0,"average":5.0,"functions_min":5.0,"functions_max":5.0,"closures_min":0.0,"closures_max":0.0},"nexits":{"sum":1.0,"average":1.0,"min":1.0,"max":1.0},"cognitive":{"sum":7.0,"average":7.0,"min":7.0,"max":7.0},"cyclomatic":{"sum":5.0,"average":5.0,"min":5.0,"max":5.0},"halstead":{"n1":16.0,"N1":82.0,"n2":25.0,"N2":59.0,"length":141.0,"estimated_program_length":180.0964047443681,"purity_ratio":1.277279466272114,"vocabulary":41.0,"volume":755.4148326511498,"difficulty":18.88,"level":0.05296610169491526,"effort":14262.232040453708,"time":792.3462244696505,"bugs":0.1960365619108715},"loc":{"sloc":36.0,"ploc":28.0,"lloc":23.0,"cloc":4.0,"blank":4.0,"sloc_average":36.0,"ploc_average":28.0,"lloc_average":23.0,"cloc_average":4.0,"blank_average":4.0,"sloc_min":36.0,"sloc_max":36.0,"cloc_min":4.0,"cloc_max":4.0,"ploc_min":28.0,"ploc_max":28.0,"lloc_min":23.0,"lloc_max":23.0,"blank_min":4.0,"blank_max":4.0},"nom":{"functions":1.0,"closures":0.0,"functions_average":1.0,"closures_average":0.0,"total":1.0,"average":1.0,"functions_min":1.0,"functions_max":1.0,"closures_min":0.0,"closures_max":0.0},"mi":{"mi_original":77.33520456000419,"mi_sei":61.06690565021769,"mi_visual_studio":45.22526582456385},"abc":{"assignments":0.0,"branches":0.0,"conditions":0.0,"magnitude":0.0,"assignments_average":0.0,"branches_average":0.0,"conditions_average":0.0,"assignments_min":0.0,"assignments_max":0.0,"branches_min":0.0,"branches_max":0.0,"conditions_min":0.0,"conditions_max":0.0}}},{"name":"parse_crl_entry_ext_CertIssuer","start_line":239,"end_line":275,"kind":"function","spaces":[],"metrics":{"nargs":{"total_functions":5.0,"total_closures":0.0,"average_functions":5.0,"average_closures":0.0,"total":5.0,"average":5.0,"functions_min":5.0,"functions_max":5.0,"closures_min":0.0,"closures_max":0.0},"nexits":{"sum":1.0,"average":1.0,"min":1.0,"max":1.0},"cognitive":{"sum":7.0,"average":7.0,"min":7.0,"max":7.0},"cyclomatic":{"sum":5.0,"average":5.0,"min":5.0,"max":5.0},"halstead":{"n1":17.0,"N1":61.0,"n2":18.0,"N2":41.0,"length":102.0,"estimated_program_length":144.5455183272174,"purity_ratio":1.4171129247766412,"vocabulary":35.0,"volume":523.1868677283866,"difficulty":19.36111111111111,"level":0.05164992826398852,"effort":10129.479077963484,"time":562.748837664638,"bugs":0.1560522925107206},"loc":{"sloc":37.0,"ploc":26.0,"lloc":21.0,"cloc":7.0,"blank":4.0,"sloc_average":37.0,"ploc_average":26.0,"lloc_average":21.0,"cloc_average":7.0,"blank_average":4.0,"sloc_min":37.0,"sloc_max":37.0,"cloc_min":7.0,"cloc_max":7.0,"ploc_min":26.0,"ploc_max":26.0,"lloc_min":21.0,"lloc_max":21.0,"blank_min":4.0,"blank_max":4.0},"nom":{"functions":1.0,"closures":0.0,"functions_average":1.0,"closures_average":0.0,"total":1.0,"average":1.0,"functions_min":1.0,"functions_max":1.0,"closures_min":0.0,"closures_max":0.0},"mi":{"mi_original":78.80144857557715,"mi_sei":69.69408779796282,"mi_visual_studio":46.0827184652498},"abc":{"assignments":0.0,"branches":0.0,"conditions":0.0,"magnitude":0.0,"assignments_average":0.0,"branches_average":0.0,"conditions_average":0.0,"assignments_min":0.0,"assignments_max":0.0,"branches_min":0.0,"branches_max":0.0,"conditions_min":0.0,"conditions_max":0.0}}},{"name":null,"start_line":277,"end_line":282,"kind":"struct","spaces":[],"metrics":{"nargs":{"total_functions":0.0,"total_closures":0.0,"average_functions":0.0,"average_closures":0.0,"total":0.0,"average":0.0,"functions_min":0.0,"functions_max":0.0,"closures_min":0.0,"closures_max":0.0},"nexits":{"sum":0.0,"average":null,"min":0.0,"max":0.0},"cognitive":{"sum":0.0,"average":null,"min":0.0,"max":0.0},"cyclomatic":{"sum":1.0,"average":1.0,"min":1.0,"max":1.0},"halstead":{"n1":6.0,"N1":16.0,"n2":11.0,"N2":14.0,"length":30.0,"estimated_program_length":53.5635228093372,"purity_ratio":1.78545076031124,"vocabulary":17.0,"volume":122.62388523751017,"difficulty":3.8181818181818183,"level":0.2619047619047619,"effort":468.2002890886752,"time":26.011127171593067,"bugs":0.020098633472966844},"loc":{"sloc":6.0,"ploc":6.0,"lloc":0.0,"cloc":0.0,"blank":0.0,"sloc_average":6.0,"ploc_average":6.0,"lloc_average":0.0,"cloc_average":0.0,"blank_average":0.0,"sloc_min":6.0,"sloc_max":6.0,"cloc_min":0.0,"cloc_max":0.0,"ploc_min":6.0,"ploc_max":6.0,"lloc_min":0.0,"lloc_max":0.0,"blank_min":0.0,"blank_max":0.0},"nom":{"functions":0.0,"closures":0.0,"functions_average":0.0,"closures_average":0.0,"total":0.0,"average":0.0,"functions_min":0.0,"functions_max":0.0,"closures_min":0.0,"closures_max":0.0},"mi":{"mi_original":116.7360630980088,"mi_sei":92.81550719179012,"mi_visual_studio":68.26670356608702},"abc":{"assignments":0.0,"branches":0.0,"conditions":0.0,"magnitude":0.0,"assignments_average":0.0,"branches_average":0.0,"conditions_average":0.0,"assignments_min":0.0,"assignments_max":0.0,"branches_min":0.0,"branches_max":0.0,"conditions_min":0.0,"conditions_max":0.0}}},{"name":"find_crl_entry_ext_by_oid","start_line":312,"end_line":348,"kind":"function","spaces":[],"metrics":{"nargs":{"total_functions":0.0,"total_closures":0.0,"average_functions":0.0,"average_closures":0.0,"total":0.0,"average":0.0,"functions_min":0.0,"functions_max":0.0,"closures_min":0.0,"closures_max":0.0},"nexits":{"sum":1.0,"average":1.0,"min":1.0,"max":1.0},"cognitive":{"sum":8.0,"average":8.0,"min":8.0,"max":8.0},"cyclomatic":{"sum":6.0,"average":6.0,"min":6.0,"max":6.0},"halstead":{"n1":23.0,"N1":61.0,"n2":18.0,"N2":41.0,"length":102.0,"estimated_program_length":179.1005750152729,"purity_ratio":1.7558879903458129,"vocabulary":41.0,"volume":546.4703044710445,"difficulty":26.194444444444443,"level":0.03817603393425239,"effort":14314.486031005415,"time":795.2492239447453,"bugs":0.1965150960629625},"loc":{"sloc":37.0,"ploc":23.0,"lloc":18.0,"cloc":8.0,"blank":6.0,"sloc_average":37.0,"ploc_average":23.0,"lloc_average":18.0,"cloc_average":8.0,"blank_average":6.0,"sloc_min":37.0,"sloc_max":37.0,"cloc_min":8.0,"cloc_max":8.0,"ploc_min":23.0,"ploc_max":23.0,"lloc_min":18.0,"lloc_max":18.0,"blank_min":6.0,"blank_max":6.0},"nom":{"functions":1.0,"closures":0.0,"functions_average":1.0,"closures_average":0.0,"total":1.0,"average":1.0,"functions_min":1.0,"functions_max":1.0,"closures_min":0.0,"closures_max":0.0},"mi":{"mi_original":78.34503397904501,"mi_sei":70.92083328389259,"mi_visual_studio":45.815809344470765},"abc":{"assignments":0.0,"branches":0.0,"conditions":0.0,"magnitude":0.0,"assignments_average":0.0,"branches_average":0.0,"conditions_average":0.0,"assignments_min":0.0,"assignments_max":0.0,"branches_min":0.0,"branches_max":0.0,"conditions_min":0.0,"conditions_max":0.0}}},{"name":"check_record_crl_entry_ext_unknown","start_line":361,"end_line":404,"kind":"function","spaces":[],"metrics":{"nargs":{"total_functions":2.0,"total_closures":0.0,"average_functions":2.0,"average_closures":0.0,"total":2.0,"average":2.0,"functions_min":2.0,"functions_max":2.0,"closures_min":0.0,"closures_max":0.0},"nexits":{"sum":1.0,"average":1.0,"min":1.0,"max":1.0},"cognitive":{"sum":8.0,"average":8.0,"min":8.0,"max":8.0},"cyclomatic":{"sum":5.0,"average":5.0,"min":5.0,"max":5.0},"halstead":{"n1":19.0,"N1":53.0,"n2":13.0,"N2":33.0,"length":86.0,"estimated_program_length":128.8163390912623,"purity_ratio":1.4978644080379337,"vocabulary":32.0,"volume":430.0,"difficulty":24.115384615384617,"level":0.04146730462519936,"effort":10369.615384615385,"time":576.0897435897436,"bugs":0.15850897011972326},"loc":{"sloc":44.0,"ploc":25.0,"lloc":20.0,"cloc":13.0,"blank":6.0,"sloc_average":44.0,"ploc_average":25.0,"lloc_average":20.0,"cloc_average":13.0,"blank_average":6.0,"sloc_min":44.0,"sloc_max":44.0,"cloc_min":13.0,"cloc_max":13.0,"ploc_min":25.0,"ploc_max":25.0,"lloc_min":20.0,"lloc_max":20.0,"blank_min":6.0,"blank_max":6.0},"nom":{"functions":1.0,"closures":0.0,"functions_average":1.0,"closures_average":0.0,"total":1.0,"average":1.0,"functions_min":1.0,"functions_max":1.0,"closures_min":0.0,"closures_max":0.0},"mi":{"mi_original":77.0144448453486,"mi_sei":73.217941953995,"mi_visual_studio":45.03768704406351},"abc":{"assignments":0.0,"branches":0.0,"conditions":0.0,"magnitude":0.0,"assignments_average":0.0,"branches_average":0.0,"conditions_average":0.0,"assignments_min":0.0,"assignments_max":0.0,"branches_min":0.0,"branches_max":0.0,"conditions_min":0.0,"conditions_max":0.0}}},{"name":"parse_x509_crl_entry_Extension","start_line":423,"end_line":611,"kind":"function","spaces":[],"metrics":{"nargs":{"total_functions":6.0,"total_closures":0.0,"average_functions":6.0,"average_closures":0.0,"total":6.0,"average":6.0,"functions_min":6.0,"functions_max":6.0,"closures_min":0.0,"closures_max":0.0},"nexits":{"sum":1.0,"average":1.0,"min":1.0,"max":1.0},"cognitive":{"sum":29.0,"average":29.0,"min":29.0,"max":29.0},"cyclomatic":{"sum":17.0,"average":17.0,"min":17.0,"max":17.0},"halstead":{"n1":22.0,"N1":246.0,"n2":42.0,"N2":183.0,"length":429.0,"estimated_program_length":324.58482736672846,"purity_ratio":0.7566079891998333,"vocabulary":64.0,"volume":2574.0,"difficulty":47.92857142857143,"level":0.020864381520119223,"effort":123368.14285714287,"time":6853.785714285715,"bugs":0.8260647621660523},"loc":{"sloc":189.0,"ploc":100.0,"lloc":87.0,"cloc":66.0,"blank":23.0,"sloc_average":189.0,"ploc_average":100.0,"lloc_average":87.0,"cloc_average":66.0,"blank_average":23.0,"sloc_min":189.0,"sloc_max":189.0,"cloc_min":66.0,"cloc_max":66.0,"ploc_min":100.0,"ploc_max":100.0,"lloc_min":87.0,"lloc_max":87.0,"blank_min":23.0,"blank_max":23.0},"nom":{"functions":1.0,"closures":0.0,"functions_average":1.0,"closures_average":0.0,"total":1.0,"average":1.0,"functions_min":1.0,"functions_max":1.0,"closures_min":0.0,"closures_max":0.0},"mi":{"mi_original":41.33697313762222,"mi_sei":25.309351856724092,"mi_visual_studio":24.173668501533466},"abc":{"assignments":0.0,"branches":0.0,"conditions":0.0,"magnitude":0.0,"assignments_average":0.0,"branches_average":0.0,"conditions_average":0.0,"assignments_min":0.0,"assignments_max":0.0,"branches_min":0.0,"branches_max":0.0,"conditions_min":0.0,"conditions_max":0.0}}},{"name":"parse_x509_crl_entry_Extensions","start_line":629,"end_line":719,"kind":"function","spaces":[],"metrics":{"nargs":{"total_functions":5.0,"total_closures":0.0,"average_functions":5.0,"average_closures":0.0,"total":5.0,"average":5.0,"functions_min":5.0,"functions_max":5.0,"closures_min":0.0,"closures_max":0.0},"nexits":{"sum":1.0,"average":1.0,"min":1.0,"max":1.0},"cognitive":{"sum":12.0,"average":12.0,"min":12.0,"max":12.0},"cyclomatic":{"sum":10.0,"average":10.0,"min":10.0,"max":10.0},"halstead":{"n1":22.0,"N1":131.0,"n2":30.0,"N2":104.0,"length":235.0,"estimated_program_length":245.3142134782761,"purity_ratio":1.0438902701203239,"vocabulary":52.0,"volume":1339.6033337631566,"difficulty":38.13333333333333,"level":0.026223776223776224,"effort":51083.540460835036,"time":2837.9744700463907,"bugs":0.45891551252527824},"loc":{"sloc":91.0,"ploc":53.0,"lloc":42.0,"cloc":24.0,"blank":14.0,"sloc_average":91.0,"ploc_average":53.0,"lloc_average":42.0,"cloc_average":24.0,"blank_average":14.0,"sloc_min":91.0,"sloc_max":91.0,"cloc_min":24.0,"cloc_max":24.0,"ploc_min":53.0,"ploc_max":53.0,"lloc_min":42.0,"lloc_max":42.0,"blank_min":14.0,"blank_max":14.0},"nom":{"functions":1.0,"closures":0.0,"functions_average":1.0,"closures_average":0.0,"total":1.0,"average":1.0,"functions_min":1.0,"functions_max":1.0,"closures_min":0.0,"closures_max":0.0},"mi":{"mi_original":58.18340608080457,"mi_sei":44.972169288655444,"mi_visual_studio":34.02538367298513},"abc":{"assignments":0.0,"branches":0.0,"conditions":0.0,"magnitude":0.0,"assignments_average":0.0,"branches_average":0.0,"conditions_average":0.0,"assignments_min":0.0,"assignments_max":0.0,"branches_min":0.0,"branches_max":0.0,"conditions_min":0.0,"conditions_max":0.0}}},{"name":"parse_x509_crl_revokedCertificate","start_line":753,"end_line":846,"kind":"function","spaces":[],"metrics":{"nargs":{"total_functions":5.0,"total_closures":0.0,"average_functions":5.0,"average_closures":0.0,"total":5.0,"average":5.0,"functions_min":5.0,"functions_max":5.0,"closures_min":0.0,"closures_max":0.0},"nexits":{"sum":1.0,"average":1.0,"min":1.0,"max":1.0},"cognitive":{"sum":18.0,"average":18.0,"min":18.0,"max":18.0},"cyclomatic":{"sum":13.0,"average":13.0,"min":13.0,"max":13.0},"halstead":{"n1":20.0,"N1":200.0,"n2":39.0,"N2":159.0,"length":359.0,"estimated_program_length":292.5692484333749,"purity_ratio":0.8149561237698466,"vocabulary":59.0,"volume":2111.8688547209013,"difficulty":40.76923076923077,"level":0.024528301886792454,"effort":86099.2686924675,"time":4783.292705137083,"bugs":0.6499476638226095},"loc":{"sloc":94.0,"ploc":75.0,"lloc":65.0,"cloc":5.0,"blank":14.0,"sloc_average":94.0,"ploc_average":75.0,"lloc_average":65.0,"cloc_average":5.0,"blank_average":14.0,"sloc_min":94.0,"sloc_max":94.0,"cloc_min":5.0,"cloc_max":5.0,"ploc_min":75.0,"ploc_max":75.0,"lloc_min":65.0,"lloc_max":65.0,"blank_min":14.0,"blank_max":14.0},"nom":{"functions":1.0,"closures":0.0,"functions_average":1.0,"closures_average":0.0,"total":1.0,"average":1.0,"functions_min":1.0,"functions_max":1.0,"closures_min":0.0,"closures_max":0.0},"mi":{"mi_original":54.60091607972903,"mi_sei":21.88233502444037,"mi_visual_studio":31.930360280543294},"abc":{"assignments":0.0,"branches":0.0,"conditions":0.0,"magnitude":0.0,"assignments_average":0.0,"branches_average":0.0,"conditions_average":0.0,"assignments_min":0.0,"assignments_max":0.0,"branches_min":0.0,"branches_max":0.0,"conditions_min":0.0,"conditions_max":0.0}}},{"name":"parse_crl_ext_AKI","start_line":895,"end_line":1031,"kind":"function","spaces":[],"metrics":{"nargs":{"total_functions":5.0,"total_closures":0.0,"average_functions":5.0,"average_closures":0.0,"total":5.0,"average":5.0,"functions_min":5.0,"functions_max":5.0,"closures_min":0.0,"closures_max":0.0},"nexits":{"sum":1.0,"average":1.0,"min":1.0,"max":1.0},"cognitive":{"sum":21.0,"average":21.0,"min":21.0,"max":21.0},"cyclomatic":{"sum":14.0,"average":14.0,"min":14.0,"max":14.0},"halstead":{"n1":20.0,"N1":241.0,"n2":45.0,"N2":193.0,"length":434.0,"estimated_program_length":333.5719512325826,"purity_ratio":0.7685989659736926,"vocabulary":65.0,"volume":2613.707630854349,"difficulty":42.888888888888886,"level":0.023316062176165806,"effort":112099.01616775319,"time":6227.723120430733,"bugs":0.7749611763705115},"loc":{"sloc":137.0,"ploc":93.0,"lloc":80.0,"cloc":29.0,"blank":16.0,"sloc_average":137.0,"ploc_average":93.0,"lloc_average":80.0,"cloc_average":29.0,"blank_average":16.0,"sloc_min":137.0,"sloc_max":137.0,"cloc_min":29.0,"cloc_max":29.0,"ploc_min":93.0,"ploc_max":93.0,"lloc_min":80.0,"lloc_max":80.0,"blank_min":16.0,"blank_max":16.0},"nom":{"functions":1.0,"closures":0.0,"functions_average":1.0,"closures_average":0.0,"total":1.0,"average":1.0,"functions_min":1.0,"functions_max":1.0,"closures_min":0.0,"closures_max":0.0},"mi":{"mi_original":47.15997879091839,"mi_sei":26.45837493412015,"mi_visual_studio":27.57893496544935},"abc":{"assignments":0.0,"branches":0.0,"conditions":0.0,"magnitude":0.0,"assignments_average":0.0,"branches_average":0.0,"conditions_average":0.0,"assignments_min":0.0,"assignments_max":0.0,"branches_min":0.0,"branches_max":0.0,"conditions_min":0.0,"conditions_max":0.0}}},{"name":"parse_crl_ext_IAN","start_line":1053,"end_line":1134,"kind":"function","spaces":[],"metrics":{"nargs":{"total_functions":6.0,"total_closures":0.0,"average_functions":6.0,"average_closures":0.0,"total":6.0,"average":6.0,"functions_min":6.0,"functions_max":6.0,"closures_min":0.0,"closures_max":0.0},"nexits":{"sum":1.0,"average":1.0,"min":1.0,"max":1.0},"cognitive":{"sum":13.0,"average":13.0,"min":13.0,"max":13.0},"cyclomatic":{"sum":9.0,"average":9.0,"min":9.0,"max":9.0},"halstead":{"n1":20.0,"N1":119.0,"n2":25.0,"N2":85.0,"length":204.0,"estimated_program_length":202.53496664211536,"purity_ratio":0.9928184639319381,"vocabulary":45.0,"volume":1120.3380316512537,"difficulty":34.0,"level":0.029411764705882353,"effort":38091.49307614262,"time":2116.194059785701,"bugs":0.37736713616565015},"loc":{"sloc":82.0,"ploc":45.0,"lloc":39.0,"cloc":26.0,"blank":11.0,"sloc_average":82.0,"ploc_average":45.0,"lloc_average":39.0,"cloc_average":26.0,"blank_average":11.0,"sloc_min":82.0,"sloc_max":82.0,"cloc_min":26.0,"cloc_max":26.0,"ploc_min":45.0,"ploc_max":45.0,"lloc_min":39.0,"lloc_max":39.0,"blank_min":11.0,"blank_max":11.0},"nom":{"functions":1.0,"closures":0.0,"functions_average":1.0,"closures_average":0.0,"total":1.0,"average":1.0,"functions_min":1.0,"functions_max":1.0,"closures_min":0.0,"closures_max":0.0},"mi":{"mi_original":61.02994238413976,"mi_sei":51.554881812164226,"mi_visual_studio":35.69002478604664},"abc":{"assignments":0.0,"branches":0.0,"conditions":0.0,"magnitude":0.0,"assignments_average":0.0,"branches_average":0.0,"conditions_average":0.0,"assignments_min":0.0,"assignments_max":0.0,"branches_min":0.0,"branches_max":0.0,"conditions_min":0.0,"conditions_max":0.0}}},{"name":"parse_crl_ext_CRLnum","start_line":1157,"end_line":1223,"kind":"function","spaces":[],"metrics":{"nargs":{"total_functions":5.0,"total_closures":0.0,"average_functions":5.0,"average_closures":0.0,"total":5.0,"average":5.0,"functions_min":5.0,"functions_max":5.0,"closures_min":0.0,"closures_max":0.0},"nexits":{"sum":1.0,"average":1.0,"min":1.0,"max":1.0},"cognitive":{"sum":11.0,"average":11.0,"min":11.0,"max":11.0},"cyclomatic":{"sum":7.0,"average":7.0,"min":7.0,"max":7.0},"halstead":{"n1":19.0,"N1":105.0,"n2":28.0,"N2":75.0,"length":180.0,"estimated_program_length":215.31656057304102,"purity_ratio":1.1962031142946723,"vocabulary":47.0,"volume":999.8259933019748,"difficulty":25.446428571428573,"level":0.03929824561403508,"effort":25442.000722416324,"time":1413.4444845786848,"bugs":0.28834532800208684},"loc":{"sloc":67.0,"ploc":41.0,"lloc":36.0,"cloc":16.0,"blank":10.0,"sloc_average":67.0,"ploc_average":41.0,"lloc_average":36.0,"cloc_average":16.0,"blank_average":10.0,"sloc_min":67.0,"sloc_max":67.0,"cloc_min":16.0,"cloc_max":16.0,"ploc_min":41.0,"ploc_max":41.0,"lloc_min":36.0,"lloc_max":36.0,"blank_min":10.0,"blank_max":10.0},"nom":{"functions":1.0,"closures":0.0,"functions_average":1.0,"closures_average":0.0,"total":1.0,"average":1.0,"functions_min":1.0,"functions_max":1.0,"closures_min":0.0,"closures_max":0.0},"mi":{"mi_original":65.35455702872176,"mi_sei":53.637822614120594,"mi_visual_studio":38.219039198082896},"abc":{"assignments":0.0,"branches":0.0,"conditions":0.0,"magnitude":0.0,"assignments_average":0.0,"branches_average":0.0,"conditions_average":0.0,"assignments_min":0.0,"assignments_max":0.0,"branches_min":0.0,"branches_max":0.0,"conditions_min":0.0,"conditions_max":0.0}}},{"name":"parse_crl_ext_DeltaCRL_indicator","start_line":1243,"end_line":1309,"kind":"function","spaces":[],"metrics":{"nargs":{"total_functions":5.0,"total_closures":0.0,"average_functions":5.0,"average_closures":0.0,"total":5.0,"average":5.0,"functions_min":5.0,"functions_max":5.0,"closures_min":0.0,"closures_max":0.0},"nexits":{"sum":1.0,"average":1.0,"min":1.0,"max":1.0},"cognitive":{"sum":11.0,"average":11.0,"min":11.0,"max":11.0},"cyclomatic":{"sum":7.0,"average":7.0,"min":7.0,"max":7.0},"halstead":{"n1":19.0,"N1":97.0,"n2":24.0,"N2":64.0,"length":161.0,"estimated_program_length":190.74972277273588,"purity_ratio":1.1847808867871794,"vocabulary":43.0,"volume":873.6286255070378,"difficulty":25.333333333333332,"level":0.03947368421052632,"effort":22131.92517951162,"time":1229.5513988617568,"bugs":0.26275936733184196},"loc":{"sloc":67.0,"ploc":38.0,"lloc":33.0,"cloc":21.0,"blank":8.0,"sloc_average":67.0,"ploc_average":38.0,"lloc_average":33.0,"cloc_average":21.0,"blank_average":8.0,"sloc_min":67.0,"sloc_max":67.0,"cloc_min":21.0,"cloc_max":21.0,"ploc_min":38.0,"ploc_max":38.0,"lloc_min":33.0,"lloc_max":33.0,"blank_min":8.0,"blank_max":8.0},"nom":{"functions":1.0,"closures":0.0,"functions_average":1.0,"closures_average":0.0,"total":1.0,"average":1.0,"functions_min":1.0,"functions_max":1.0,"closures_min":0.0,"closures_max":0.0},"mi":{"mi_original":66.0561716327837,"mi_sei":58.44060469444723,"mi_visual_studio":38.62934013613082},"abc":{"assignments":0.0,"branches":0.0,"conditions":0.0,"magnitude":0.0,"assignments_average":0.0,"branches_average":0.0,"conditions_average":0.0,"assignments_min":0.0,"assignments_max":0.0,"branches_min":0.0,"branches_max":0.0,"conditions_min":0.0,"conditions_max":0.0}}},{"name":"parse_context_specific_boolean","start_line":1335,"end_line":1385,"kind":"function","spaces":[],"metrics":{"nargs":{"total_functions":4.0,"total_closures":0.0,"average_functions":4.0,"average_closures":0.0,"total":4.0,"average":4.0,"functions_min":4.0,"functions_max":4.0,"closures_min":0.0,"closures_max":0.0},"nexits":{"sum":1.0,"average":1.0,"min":1.0,"max":1.0},"cognitive":{"sum":12.0,"average":12.0,"min":12.0,"max":12.0},"cyclomatic":{"sum":10.0,"average":10.0,"min":10.0,"max":10.0},"halstead":{"n1":23.0,"N1":114.0,"n2":26.0,"N2":72.0,"length":186.0,"estimated_program_length":226.2533576609797,"purity_ratio":1.2164159014031166,"vocabulary":49.0,"volume":1044.3360310054288,"difficulty":31.846153846153847,"level":0.03140096618357488,"effort":33258.08591048058,"time":1847.6714394711432,"bugs":0.34472828000572203},"loc":{"sloc":51.0,"ploc":42.0,"lloc":40.0,"cloc":5.0,"blank":9.0,"sloc_average":51.0,"ploc_average":42.0,"lloc_average":40.0,"cloc_average":5.0,"blank_average":9.0,"sloc_min":51.0,"sloc_max":51.0,"cloc_min":5.0,"cloc_max":5.0,"ploc_min":42.0,"ploc_max":42.0,"lloc_min":40.0,"lloc_max":40.0,"blank_min":9.0,"blank_max":9.0},"nom":{"functions":1.0,"closures":0.0,"functions_average":1.0,"closures_average":0.0,"total":1.0,"average":1.0,"functions_min":1.0,"functions_max":1.0,"closures_min":0.0,"closures_max":0.0},"mi":{"mi_original":68.85851450561384,"mi_sei":47.9727535732447,"mi_visual_studio":40.26813713778587},"abc":{"assignments":0.0,"branches":0.0,"conditions":0.0,"magnitude":0.0,"assignments_average":0.0,"branches_average":0.0,"conditions_average":0.0,"assignments_min":0.0,"assignments_max":0.0,"branches_min":0.0,"branches_max":0.0,"conditions_min":0.0,"conditions_max":0.0}}},{"name":"parse_crl_ext_IDP","start_line":1413,"end_line":1684,"kind":"function","spaces":[],"metrics":{"nargs":{"total_functions":5.0,"total_closures":0.0,"average_functions":5.0,"average_closures":0.0,"total":5.0,"average":5.0,"functions_min":5.0,"functions_max":5.0,"closures_min":0.0,"closures_max":0.0},"nexits":{"sum":1.0,"average":1.0,"min":1.0,"max":1.0},"cognitive":{"sum":47.0,"average":47.0,"min":47.0,"max":47.0},"cyclomatic":{"sum":24.0,"average":24.0,"min":24.0,"max":24.0},"halstead":{"n1":25.0,"N1":372.0,"n2":45.0,"N2":251.0,"length":623.0,"estimated_program_length":363.2297940792035,"purity_ratio":0.583033377334195,"vocabulary":70.0,"volume":3818.543319556714,"difficulty":69.72222222222223,"level":0.014342629482071712,"effort":266237.32589131535,"time":14790.96254951752,"bugs":1.379509536147151},"loc":{"sloc":272.0,"ploc":158.0,"lloc":141.0,"cloc":79.0,"blank":37.0,"sloc_average":272.0,"ploc_average":158.0,"lloc_average":141.0,"cloc_average":79.0,"blank_average":37.0,"sloc_min":272.0,"sloc_max":272.0,"cloc_min":79.0,"cloc_max":79.0,"ploc_min":158.0,"ploc_max":158.0,"lloc_min":141.0,"lloc_max":141.0,"blank_min":37.0,"blank_max":37.0},"nom":{"functions":1.0,"closures":0.0,"functions_average":1.0,"closures_average":0.0,"total":1.0,"average":1.0,"functions_min":1.0,"functions_max":1.0,"closures_min":0.0,"closures_max":0.0},"mi":{"mi_original":31.778360171637047,"mi_sei":9.650793125283954,"mi_visual_studio":18.583836357682483},"abc":{"assignments":0.0,"branches":0.0,"conditions":0.0,"magnitude":0.0,"assignments_average":0.0,"branches_average":0.0,"conditions_average":0.0,"assignments_min":0.0,"assignments_max":0.0,"branches_min":0.0,"branches_max":0.0,"conditions_min":0.0,"conditions_max":0.0}}},{"name":"parse_crl_ext_CRLDP","start_line":1700,"end_line":1715,"kind":"function","spaces":[],"metrics":{"nargs":{"total_functions":5.0,"total_closures":0.0,"average_functions":5.0,"average_closures":0.0,"total":5.0,"average":5.0,"functions_min":5.0,"functions_max":5.0,"closures_min":0.0,"closures_max":0.0},"nexits":{"sum":1.0,"average":1.0,"min":1.0,"max":1.0},"cognitive":{"sum":0.0,"average":0.0,"min":0.0,"max":0.0},"cyclomatic":{"sum":1.0,"average":1.0,"min":1.0,"max":1.0},"halstead":{"n1":9.0,"N1":34.0,"n2":12.0,"N2":21.0,"length":55.0,"estimated_program_length":71.54887502163469,"purity_ratio":1.3008886367569943,"vocabulary":21.0,"volume":241.57745825283183,"difficulty":7.875,"level":0.12698412698412698,"effort":1902.4224837410507,"time":105.69013798561393,"bugs":0.05117800966167887},"loc":{"sloc":16.0,"ploc":14.0,"lloc":9.0,"cloc":0.0,"blank":2.0,"sloc_average":16.0,"ploc_average":14.0,"lloc_average":9.0,"cloc_average":0.0,"blank_average":2.0,"sloc_min":16.0,"sloc_max":16.0,"cloc_min":0.0,"cloc_max":0.0,"ploc_min":14.0,"ploc_max":14.0,"lloc_min":9.0,"lloc_max":9.0,"blank_min":2.0,"blank_max":2.0},"nom":{"functions":1.0,"closures":0.0,"functions_average":1.0,"closures_average":0.0,"total":1.0,"average":1.0,"functions_min":1.0,"functions_max":1.0,"closures_min":0.0,"closures_max":0.0},"mi":{"mi_original":97.32067386889013,"mi_sei":64.80502143401164,"mi_visual_studio":56.91267477712872},"abc":{"assignments":0.0,"branches":0.0,"conditions":0.0,"magnitude":0.0,"assignments_average":0.0,"branches_average":0.0,"conditions_average":0.0,"assignments_min":0.0,"assignments_max":0.0,"branches_min":0.0,"branches_max":0.0,"conditions_min":0.0,"conditions_max":0.0}}},{"name":"parse_crl_ext_expCertsOnCRL","start_line":1736,"end_line":1768,"kind":"function","spaces":[],"metrics":{"nargs":{"total_functions":5.0,"total_closures":0.0,"average_functions":5.0,"average_closures":0.0,"total":5.0,"average":5.0,"functions_min":5.0,"functions_max":5.0,"closures_min":0.0,"closures_max":0.0},"nexits":{"sum":1.0,"average":1.0,"min":1.0,"max":1.0},"cognitive":{"sum":7.0,"average":7.0,"min":7.0,"max":7.0},"cyclomatic":{"sum":5.0,"average":5.0,"min":5.0,"max":5.0},"halstead":{"n1":16.0,"N1":82.0,"n2":25.0,"N2":59.0,"length":141.0,"estimated_program_length":180.0964047443681,"purity_ratio":1.277279466272114,"vocabulary":41.0,"volume":755.4148326511498,"difficulty":18.88,"level":0.05296610169491526,"effort":14262.232040453708,"time":792.3462244696505,"bugs":0.1960365619108715},"loc":{"sloc":33.0,"ploc":28.0,"lloc":23.0,"cloc":0.0,"blank":5.0,"sloc_average":33.0,"ploc_average":28.0,"lloc_average":23.0,"cloc_average":0.0,"blank_average":5.0,"sloc_min":33.0,"sloc_max":33.0,"cloc_min":0.0,"cloc_max":0.0,"ploc_min":28.0,"ploc_max":28.0,"lloc_min":23.0,"lloc_max":23.0,"blank_min":5.0,"blank_max":5.0},"nom":{"functions":1.0,"closures":0.0,"functions_average":1.0,"closures_average":0.0,"total":1.0,"average":1.0,"functions_min":1.0,"functions_max":1.0,"closures_min":0.0,"closures_max":0.0},"mi":{"mi_original":78.74478886723618,"mi_sei":38.41296369961967,"mi_visual_studio":46.04958413288666},"abc":{"assignments":0.0,"branches":0.0,"conditions":0.0,"magnitude":0.0,"assignments_average":0.0,"branches_average":0.0,"conditions_average":0.0,"assignments_min":0.0,"assignments_max":0.0,"branches_min":0.0,"branches_max":0.0,"conditions_min":0.0,"conditions_max":0.0}}},{"name":"parse_crl_ext_FreshestCRL","start_line":1797,"end_line":1871,"kind":"function","spaces":[],"metrics":{"nargs":{"total_functions":5.0,"total_closures":0.0,"average_functions":5.0,"average_closures":0.0,"total":5.0,"average":5.0,"functions_min":5.0,"functions_max":5.0,"closures_min":0.0,"closures_max":0.0},"nexits":{"sum":1.0,"average":1.0,"min":1.0,"max":1.0},"cognitive":{"sum":15.0,"average":15.0,"min":15.0,"max":15.0},"cyclomatic":{"sum":10.0,"average":10.0,"min":10.0,"max":10.0},"halstead":{"n1":20.0,"N1":126.0,"n2":27.0,"N2":90.0,"length":216.0,"estimated_program_length":214.8205244561609,"purity_ratio":0.994539465074819,"vocabulary":47.0,"volume":1199.7911919623698,"difficulty":33.333333333333336,"level":0.03,"effort":39993.03973207899,"time":2221.8355406710552,"bugs":0.3898238039014074},"loc":{"sloc":75.0,"ploc":52.0,"lloc":43.0,"cloc":11.0,"blank":12.0,"sloc_average":75.0,"ploc_average":52.0,"lloc_average":43.0,"cloc_average":11.0,"blank_average":12.0,"sloc_min":75.0,"sloc_max":75.0,"cloc_min":11.0,"cloc_max":11.0,"ploc_min":52.0,"ploc_max":52.0,"lloc_min":43.0,"lloc_max":43.0,"blank_min":12.0,"blank_max":12.0},"nom":{"functions":1.0,"closures":0.0,"functions_average":1.0,"closures_average":0.0,"total":1.0,"average":1.0,"functions_min":1.0,"functions_max":1.0,"closures_min":0.0,"closures_max":0.0},"mi":{"mi_original":61.889197928238616,"mi_sei":42.55941933972346,"mi_visual_studio":36.192513408326676},"abc":{"assignments":0.0,"branches":0.0,"conditions":0.0,"magnitude":0.0,"assignments_average":0.0,"branches_average":0.0,"conditions_average":0.0,"assignments_min":0.0,"assignments_max":0.0,"branches_min":0.0,"branches_max":0.0,"conditions_min":0.0,"conditions_max":0.0}}},{"name":"parse_crl_ext_AIA","start_line":1888,"end_line":1908,"kind":"function","spaces":[],"metrics":{"nargs":{"total_functions":5.0,"total_closures":0.0,"average_functions":5.0,"average_closures":0.0,"total":5.0,"average":5.0,"functions_min":5.0,"functions_max":5.0,"closures_min":0.0,"closures_max":0.0},"nexits":{"sum":1.0,"average":1.0,"min":1.0,"max":1.0},"cognitive":{"sum":4.0,"average":4.0,"min":4.0,"max":4.0},"cyclomatic":{"sum":3.0,"average":3.0,"min":3.0,"max":3.0},"halstead":{"n1":14.0,"N1":43.0,"n2":14.0,"N2":29.0,"length":72.0,"estimated_program_length":106.60593781761291,"purity_ratio":1.4806380252446238,"vocabulary":28.0,"volume":346.1295543881475,"difficulty":14.5,"level":0.06896551724137931,"effort":5018.878538628139,"time":278.826585479341,"bugs":0.09771244239700524},"loc":{"sloc":21.0,"ploc":18.0,"lloc":15.0,"cloc":0.0,"blank":3.0,"sloc_average":21.0,"ploc_average":18.0,"lloc_average":15.0,"cloc_average":0.0,"blank_average":3.0,"sloc_min":21.0,"sloc_max":21.0,"cloc_min":0.0,"cloc_max":0.0,"ploc_min":18.0,"ploc_max":18.0,"lloc_min":15.0,"lloc_max":15.0,"blank_min":3.0,"blank_max":3.0},"nom":{"functions":1.0,"closures":0.0,"functions_average":1.0,"closures_average":0.0,"total":1.0,"average":1.0,"functions_min":1.0,"functions_max":1.0,"closures_min":0.0,"closures_max":0.0},"mi":{"mi_original":90.58530818284413,"mi_sei":55.29158247898829,"mi_visual_studio":52.97386443441177},"abc":{"assignments":0.0,"branches":0.0,"conditions":0.0,"magnitude":0.0,"assignments_average":0.0,"branches_average":0.0,"conditions_average":0.0,"assignments_min":0.0,"assignments_max":0.0,"branches_min":0.0,"branches_max":0.0,"conditions_min":0.0,"conditions_max":0.0}}},{"name":"parse_crl_ext_szOID_CRL_NEXT_PUBLISH","start_line":1924,"end_line":1956,"kind":"function","spaces":[],"metrics":{"nargs":{"total_functions":6.0,"total_closures":0.0,"average_functions":6.0,"average_closures":0.0,"total":6.0,"average":6.0,"functions_min":6.0,"functions_max":6.0,"closures_min":0.0,"closures_max":0.0},"nexits":{"sum":1.0,"average":1.0,"min":1.0,"max":1.0},"cognitive":{"sum":7.0,"average":7.0,"min":7.0,"max":7.0},"cyclomatic":{"sum":6.0,"average":6.0,"min":6.0,"max":6.0},"halstead":{"n1":17.0,"N1":92.0,"n2":27.0,"N2":69.0,"length":161.0,"estimated_program_length":197.8688308596694,"purity_ratio":1.2289989494389404,"vocabulary":44.0,"volume":878.9684906006049,"difficulty":21.72222222222222,"level":0.04603580562659847,"effort":19093.148879157583,"time":1060.7304932865325,"bugs":0.23812068210860052},"loc":{"sloc":33.0,"ploc":29.0,"lloc":24.0,"cloc":0.0,"blank":4.0,"sloc_average":33.0,"ploc_average":29.0,"lloc_average":24.0,"cloc_average":0.0,"blank_average":4.0,"sloc_min":33.0,"sloc_max":33.0,"cloc_min":0.0,"cloc_max":0.0,"ploc_min":29.0,"ploc_max":29.0,"lloc_min":24.0,"lloc_max":24.0,"blank_min":4.0,"blank_max":4.0},"nom":{"functions":1.0,"closures":0.0,"functions_average":1.0,"closures_average":0.0,"total":1.0,"average":1.0,"functions_min":1.0,"functions_max":1.0,"closures_min":0.0,"closures_max":0.0},"mi":{"mi_original":77.72708244334912,"mi_sei":37.04654354820141,"mi_visual_studio":45.45443417739715},"abc":{"assignments":0.0,"branches":0.0,"conditions":0.0,"magnitude":0.0,"assignments_average":0.0,"branches_average":0.0,"conditions_average":0.0,"assignments_min":0.0,"assignments_max":0.0,"branches_min":0.0,"branches_max":0.0,"conditions_min":0.0,"conditions_max":0.0}}},{"name":"parse_crl_ext_szOID_CERTSRV_CA_VERSION","start_line":1976,"end_line":2016,"kind":"function","spaces":[],"metrics":{"nargs":{"total_functions":6.0,"total_closures":0.0,"average_functions":6.0,"average_closures":0.0,"total":6.0,"average":6.0,"functions_min":6.0,"functions_max":6.0,"closures_min":0.0,"closures_max":0.0},"nexits":{"sum":1.0,"average":1.0,"min":1.0,"max":1.0},"cognitive":{"sum":9.0,"average":9.0,"min":9.0,"max":9.0},"cyclomatic":{"sum":7.0,"average":7.0,"min":7.0,"max":7.0},"halstead":{"n1":18.0,"N1":89.0,"n2":24.0,"N2":62.0,"length":151.0,"estimated_program_length":185.09775004326934,"purity_ratio":1.2258129141938368,"vocabulary":42.0,"volume":814.2399308395928,"difficulty":23.25,"level":0.043010752688172046,"effort":18931.078392020532,"time":1051.726577334474,"bugs":0.2367712577635831},"loc":{"sloc":41.0,"ploc":34.0,"lloc":28.0,"cloc":1.0,"blank":6.0,"sloc_average":41.0,"ploc_average":34.0,"lloc_average":28.0,"cloc_average":1.0,"blank_average":6.0,"sloc_min":41.0,"sloc_max":41.0,"cloc_min":1.0,"cloc_max":1.0,"ploc_min":34.0,"ploc_max":34.0,"lloc_min":28.0,"lloc_max":28.0,"blank_min":6.0,"blank_max":6.0},"nom":{"functions":1.0,"closures":0.0,"functions_average":1.0,"closures_average":0.0,"total":1.0,"average":1.0,"functions_min":1.0,"functions_max":1.0,"closures_min":0.0,"closures_max":0.0},"mi":{"mi_original":74.37840611430022,"mi_sei":44.29673605192969,"mi_visual_studio":43.49614392649136},"abc":{"assignments":0.0,"branches":0.0,"conditions":0.0,"magnitude":0.0,"assignments_average":0.0,"branches_average":0.0,"conditions_average":0.0,"assignments_min":0.0,"assignments_max":0.0,"branches_min":0.0,"branches_max":0.0,"conditions_min":0.0,"conditions_max":0.0}}},{"name":"parse_crl_ext_szOID_CRL_SELF_CDP","start_line":2038,"end_line":2053,"kind":"function","spaces":[],"metrics":{"nargs":{"total_functions":5.0,"total_closures":0.0,"average_functions":5.0,"average_closures":0.0,"total":5.0,"average":5.0,"functions_min":5.0,"functions_max":5.0,"closures_min":0.0,"closures_max":0.0},"nexits":{"sum":2.0,"average":2.0,"min":2.0,"max":2.0},"cognitive":{"sum":0.0,"average":0.0,"min":0.0,"max":0.0},"cyclomatic":{"sum":1.0,"average":1.0,"min":1.0,"max":1.0},"halstead":{"n1":7.0,"N1":29.0,"n2":12.0,"N2":18.0,"length":47.0,"estimated_program_length":62.6710344630571,"purity_ratio":1.3334262651714277,"vocabulary":19.0,"volume":199.6525931318485,"difficulty":5.25,"level":0.19047619047619047,"effort":1048.1761139422047,"time":58.23200633012248,"bugs":0.034395496620337626},"loc":{"sloc":16.0,"ploc":15.0,"lloc":7.0,"cloc":0.0,"blank":1.0,"sloc_average":16.0,"ploc_average":15.0,"lloc_average":7.0,"cloc_average":0.0,"blank_average":1.0,"sloc_min":16.0,"sloc_max":16.0,"cloc_min":0.0,"cloc_max":0.0,"ploc_min":15.0,"ploc_max":15.0,"lloc_min":7.0,"lloc_max":7.0,"blank_min":1.0,"blank_max":1.0},"nom":{"functions":1.0,"closures":0.0,"functions_average":1.0,"closures_average":0.0,"total":1.0,"average":1.0,"functions_min":1.0,"functions_max":1.0,"closures_min":0.0,"closures_max":0.0},"mi":{"mi_original":98.31185282628378,"mi_sei":66.23499040047692,"mi_visual_studio":57.492311594318},"abc":{"assignments":0.0,"branches":0.0,"conditions":0.0,"magnitude":0.0,"assignments_average":0.0,"branches_average":0.0,"conditions_average":0.0,"assignments_min":0.0,"assignments_max":0.0,"branches_min":0.0,"branches_max":0.0,"conditions_min":0.0,"conditions_max":0.0}}},{"name":null,"start_line":2081,"end_line":2086,"kind":"struct","spaces":[],"metrics":{"nargs":{"total_functions":0.0,"total_closures":0.0,"average_functions":0.0,"average_closures":0.0,"total":0.0,"average":0.0,"functions_min":0.0,"functions_max":0.0,"closures_min":0.0,"closures_max":0.0},"nexits":{"sum":0.0,"average":null,"min":0.0,"max":0.0},"cognitive":{"sum":0.0,"average":null,"min":0.0,"max":0.0},"cyclomatic":{"sum":1.0,"average":1.0,"min":1.0,"max":1.0},"halstead":{"n1":6.0,"N1":16.0,"n2":11.0,"N2":14.0,"length":30.0,"estimated_program_length":53.5635228093372,"purity_ratio":1.78545076031124,"vocabulary":17.0,"volume":122.62388523751017,"difficulty":3.8181818181818183,"level":0.2619047619047619,"effort":468.2002890886752,"time":26.011127171593067,"bugs":0.020098633472966844},"loc":{"sloc":6.0,"ploc":6.0,"lloc":0.0,"cloc":0.0,"blank":0.0,"sloc_average":6.0,"ploc_average":6.0,"lloc_average":0.0,"cloc_average":0.0,"blank_average":0.0,"sloc_min":6.0,"sloc_max":6.0,"cloc_min":0.0,"cloc_max":0.0,"ploc_min":6.0,"ploc_max":6.0,"lloc_min":0.0,"lloc_max":0.0,"blank_min":0.0,"blank_max":0.0},"nom":{"functions":0.0,"closures":0.0,"functions_average":0.0,"closures_average":0.0,"total":0.0,"average":0.0,"functions_min":0.0,"functions_max":0.0,"closures_min":0.0,"closures_max":0.0},"mi":{"mi_original":116.7360630980088,"mi_sei":92.81550719179012,"mi_visual_studio":68.26670356608702},"abc":{"assignments":0.0,"branches":0.0,"conditions":0.0,"magnitude":0.0,"assignments_average":0.0,"branches_average":0.0,"conditions_average":0.0,"assignments_min":0.0,"assignments_max":0.0,"branches_min":0.0,"branches_max":0.0,"conditions_min":0.0,"conditions_max":0.0}}},{"name":"find_crl_ext_by_oid","start_line":2153,"end_line":2189,"kind":"function","spaces":[],"metrics":{"nargs":{"total_functions":0.0,"total_closures":0.0,"average_functions":0.0,"average_closures":0.0,"total":0.0,"average":0.0,"functions_min":0.0,"functions_max":0.0,"closures_min":0.0,"closures_max":0.0},"nexits":{"sum":1.0,"average":1.0,"min":1.0,"max":1.0},"cognitive":{"sum":8.0,"average":8.0,"min":8.0,"max":8.0},"cyclomatic":{"sum":6.0,"average":6.0,"min":6.0,"max":6.0},"halstead":{"n1":23.0,"N1":61.0,"n2":18.0,"N2":41.0,"length":102.0,"estimated_program_length":179.1005750152729,"purity_ratio":1.7558879903458129,"vocabulary":41.0,"volume":546.4703044710445,"difficulty":26.194444444444443,"level":0.03817603393425239,"effort":14314.486031005415,"time":795.2492239447453,"bugs":0.1965150960629625},"loc":{"sloc":37.0,"ploc":23.0,"lloc":18.0,"cloc":8.0,"blank":6.0,"sloc_average":37.0,"ploc_average":23.0,"lloc_average":18.0,"cloc_average":8.0,"blank_average":6.0,"sloc_min":37.0,"sloc_max":37.0,"cloc_min":8.0,"cloc_max":8.0,"ploc_min":23.0,"ploc_max":23.0,"lloc_min":18.0,"lloc_max":18.0,"blank_min":6.0,"blank_max":6.0},"nom":{"functions":1.0,"closures":0.0,"functions_average":1.0,"closures_average":0.0,"total":1.0,"average":1.0,"functions_min":1.0,"functions_max":1.0,"closures_min":0.0,"closures_max":0.0},"mi":{"mi_original":78.34503397904501,"mi_sei":70.92083328389259,"mi_visual_studio":45.815809344470765},"abc":{"assignments":0.0,"branches":0.0,"conditions":0.0,"magnitude":0.0,"assignments_average":0.0,"branches_average":0.0,"conditions_average":0.0,"assignments_min":0.0,"assignments_max":0.0,"branches_min":0.0,"branches_max":0.0,"conditions_min":0.0,"conditions_max":0.0}}},{"name":"check_record_crl_ext_unknown","start_line":2201,"end_line":2246,"kind":"function","spaces":[],"metrics":{"nargs":{"total_functions":2.0,"total_closures":0.0,"average_functions":2.0,"average_closures":0.0,"total":2.0,"average":2.0,"functions_min":2.0,"functions_max":2.0,"closures_min":0.0,"closures_max":0.0},"nexits":{"sum":1.0,"average":1.0,"min":1.0,"max":1.0},"cognitive":{"sum":8.0,"average":8.0,"min":8.0,"max":8.0},"cyclomatic":{"sum":5.0,"average":5.0,"min":5.0,"max":5.0},"halstead":{"n1":19.0,"N1":53.0,"n2":13.0,"N2":33.0,"length":86.0,"estimated_program_length":128.8163390912623,"purity_ratio":1.4978644080379337,"vocabulary":32.0,"volume":430.0,"difficulty":24.115384615384617,"level":0.04146730462519936,"effort":10369.615384615385,"time":576.0897435897436,"bugs":0.15850897011972326},"loc":{"sloc":46.0,"ploc":25.0,"lloc":20.0,"cloc":15.0,"blank":6.0,"sloc_average":46.0,"ploc_average":25.0,"lloc_average":20.0,"cloc_average":15.0,"blank_average":6.0,"sloc_min":46.0,"sloc_max":46.0,"cloc_min":15.0,"cloc_max":15.0,"ploc_min":25.0,"ploc_max":25.0,"lloc_min":20.0,"lloc_max":20.0,"blank_min":6.0,"blank_max":6.0},"nom":{"functions":1.0,"closures":0.0,"functions_average":1.0,"closures_average":0.0,"total":1.0,"average":1.0,"functions_min":1.0,"functions_max":1.0,"closures_min":0.0,"closures_max":0.0},"mi":{"mi_original":76.2943262917011,"mi_sei":73.56241293677043,"mi_visual_studio":44.61656508286614},"abc":{"assignments":0.0,"branches":0.0,"conditions":0.0,"magnitude":0.0,"assignments_average":0.0,"branches_average":0.0,"conditions_average":0.0,"assignments_min":0.0,"assignments_max":0.0,"branches_min":0.0,"branches_max":0.0,"conditions_min":0.0,"conditions_max":0.0}}},{"name":"parse_x509_crl_Extension","start_line":2266,"end_line":2474,"kind":"function","spaces":[],"metrics":{"nargs":{"total_functions":6.0,"total_closures":0.0,"average_functions":6.0,"average_closures":0.0,"total":6.0,"average":6.0,"functions_min":6.0,"functions_max":6.0,"closures_min":0.0,"closures_max":0.0},"nexits":{"sum":1.0,"average":1.0,"min":1.0,"max":1.0},"cognitive":{"sum":29.0,"average":29.0,"min":29.0,"max":29.0},"cyclomatic":{"sum":19.0,"average":19.0,"min":19.0,"max":19.0},"halstead":{"n1":23.0,"N1":251.0,"n2":42.0,"N2":188.0,"length":439.0,"estimated_program_length":330.5192567460192,"purity_ratio":0.7528912454351235,"vocabulary":65.0,"volume":2643.8194699194914,"difficulty":51.476190476190474,"level":0.01942645698427382,"effort":136093.75461823668,"time":7560.764145457593,"bugs":0.8819369582989312},"loc":{"sloc":209.0,"ploc":100.0,"lloc":86.0,"cloc":86.0,"blank":23.0,"sloc_average":209.0,"ploc_average":100.0,"lloc_average":86.0,"cloc_average":86.0,"blank_average":23.0,"sloc_min":209.0,"sloc_max":209.0,"cloc_min":86.0,"cloc_max":86.0,"ploc_min":100.0,"ploc_max":100.0,"lloc_min":86.0,"lloc_max":86.0,"blank_min":23.0,"blank_max":23.0},"nom":{"functions":1.0,"closures":0.0,"functions_average":1.0,"closures_average":0.0,"total":1.0,"average":1.0,"functions_min":1.0,"functions_max":1.0,"closures_min":0.0,"closures_max":0.0},"mi":{"mi_original":39.10828953683529,"mi_sei":24.559229559142466,"mi_visual_studio":22.870344758383208},"abc":{"assignments":0.0,"branches":0.0,"conditions":0.0,"magnitude":0.0,"assignments_average":0.0,"branches_average":0.0,"conditions_average":0.0,"assignments_min":0.0,"assignments_max":0.0,"branches_min":0.0,"branches_max":0.0,"conditions_min":0.0,"conditions_max":0.0}}},{"name":"parse_x509_crl_Extensions","start_line":2492,"end_line":2600,"kind":"function","spaces":[],"metrics":{"nargs":{"total_functions":5.0,"total_closures":0.0,"average_functions":5.0,"average_closures":0.0,"total":5.0,"average":5.0,"functions_min":5.0,"functions_max":5.0,"closures_min":0.0,"closures_max":0.0},"nexits":{"sum":1.0,"average":1.0,"min":1.0,"max":1.0},"cognitive":{"sum":15.0,"average":15.0,"min":15.0,"max":15.0},"cyclomatic":{"sum":12.0,"average":12.0,"min":12.0,"max":12.0},"halstead":{"n1":25.0,"N1":147.0,"n2":32.0,"N2":113.0,"length":260.0,"estimated_program_length":276.0964047443681,"purity_ratio":1.0619092490168003,"vocabulary":57.0,"volume":1516.5514036828326,"difficulty":44.140625,"level":0.02265486725663717,"effort":66941.52680318753,"time":3718.9737112881962,"bugs":0.5495524575064513},"loc":{"sloc":109.0,"ploc":59.0,"lloc":47.0,"cloc":35.0,"blank":15.0,"sloc_average":109.0,"ploc_average":59.0,"lloc_average":47.0,"cloc_average":35.0,"blank_average":15.0,"sloc_min":109.0,"sloc_max":109.0,"cloc_min":35.0,"cloc_max":35.0,"ploc_min":59.0,"ploc_max":59.0,"lloc_min":47.0,"lloc_max":47.0,"blank_min":15.0,"blank_max":15.0},"nom":{"functions":1.0,"closures":0.0,"functions_average":1.0,"closures_average":0.0,"total":1.0,"average":1.0,"functions_min":1.0,"functions_max":1.0,"closures_min":0.0,"closures_max":0.0},"mi":{"mi_original":54.15435434923863,"mi_sei":42.117958537785185,"mi_visual_studio":31.66921306973019},"abc":{"assignments":0.0,"branches":0.0,"conditions":0.0,"magnitude":0.0,"assignments_average":0.0,"branches_average":0.0,"conditions_average":0.0,"assignments_min":0.0,"assignments_max":0.0,"branches_min":0.0,"branches_max":0.0,"conditions_min":0.0,"conditions_max":0.0}}},{"name":"parse_x509_crl_Version","start_line":2630,"end_line":2668,"kind":"function","spaces":[],"metrics":{"nargs":{"total_functions":5.0,"total_closures":0.0,"average_functions":5.0,"average_closures":0.0,"total":5.0,"average":5.0,"functions_min":5.0,"functions_max":5.0,"closures_min":0.0,"closures_max":0.0},"nexits":{"sum":1.0,"average":1.0,"min":1.0,"max":1.0},"cognitive":{"sum":7.0,"average":7.0,"min":7.0,"max":7.0},"cyclomatic":{"sum":7.0,"average":7.0,"min":7.0,"max":7.0},"halstead":{"n1":19.0,"N1":85.0,"n2":22.0,"N2":64.0,"length":149.0,"estimated_program_length":178.81811836544864,"purity_ratio":1.2001215997681116,"vocabulary":41.0,"volume":798.2752486880945,"difficulty":27.636363636363637,"level":0.03618421052631579,"effort":22061.425054652795,"time":1225.6347252584885,"bugs":0.2622010662396589},"loc":{"sloc":39.0,"ploc":30.0,"lloc":27.0,"cloc":2.0,"blank":7.0,"sloc_average":39.0,"ploc_average":30.0,"lloc_average":27.0,"cloc_average":2.0,"blank_average":7.0,"sloc_min":39.0,"sloc_max":39.0,"cloc_min":2.0,"cloc_max":2.0,"ploc_min":30.0,"ploc_max":30.0,"lloc_min":27.0,"lloc_max":27.0,"blank_min":7.0,"blank_max":7.0},"nom":{"functions":1.0,"closures":0.0,"functions_average":1.0,"closures_average":0.0,"total":1.0,"average":1.0,"functions_min":1.0,"functions_max":1.0,"closures_min":0.0,"closures_max":0.0},"mi":{"mi_original":75.29154333474298,"mi_sei":50.81817271642818,"mi_visual_studio":44.03014230101929},"abc":{"assignments":0.0,"branches":0.0,"conditions":0.0,"magnitude":0.0,"assignments_average":0.0,"branches_average":0.0,"conditions_average":0.0,"assignments_min":0.0,"assignments_max":0.0,"branches_min":0.0,"branches_max":0.0,"conditions_min":0.0,"conditions_max":0.0}}},{"name":"parse_x509_tbsCertList_sig_AlgorithmIdentifier","start_line":2694,"end_line":2796,"kind":"function","spaces":[],"metrics":{"nargs":{"total_functions":6.0,"total_closures":0.0,"average_functions":6.0,"average_closures":0.0,"total":6.0,"average":6.0,"functions_min":6.0,"functions_max":6.0,"closures_min":0.0,"closures_max":0.0},"nexits":{"sum":1.0,"average":1.0,"min":1.0,"max":1.0},"cognitive":{"sum":11.0,"average":11.0,"min":11.0,"max":11.0},"cyclomatic":{"sum":8.0,"average":8.0,"min":8.0,"max":8.0},"halstead":{"n1":18.0,"N1":160.0,"n2":39.0,"N2":131.0,"length":291.0,"estimated_program_length":281.1893365615893,"purity_ratio":0.9662863799367329,"vocabulary":57.0,"volume":1697.3709941219397,"difficulty":30.23076923076923,"level":0.033078880407124686,"effort":51312.830822301716,"time":2850.7128234612064,"bugs":0.4602877267685839},"loc":{"sloc":103.0,"ploc":59.0,"lloc":53.0,"cloc":32.0,"blank":12.0,"sloc_average":103.0,"ploc_average":59.0,"lloc_average":53.0,"cloc_average":32.0,"blank_average":12.0,"sloc_min":103.0,"sloc_max":103.0,"cloc_min":32.0,"cloc_max":32.0,"ploc_min":59.0,"ploc_max":59.0,"lloc_min":53.0,"lloc_max":53.0,"blank_min":12.0,"blank_max":12.0},"nom":{"functions":1.0,"closures":0.0,"functions_average":1.0,"closures_average":0.0,"total":1.0,"average":1.0,"functions_min":1.0,"functions_max":1.0,"closures_min":0.0,"closures_max":0.0},"mi":{"mi_original":55.40584392401961,"mi_sei":43.05349329117806,"mi_visual_studio":32.40107831814012},"abc":{"assignments":0.0,"branches":0.0,"conditions":0.0,"magnitude":0.0,"assignments_average":0.0,"branches_average":0.0,"conditions_average":0.0,"assignments_min":0.0,"assignments_max":0.0,"branches_min":0.0,"branches_max":0.0,"conditions_min":0.0,"conditions_max":0.0}}},{"name":"parse_x509_crl_revokedCertificates","start_line":2822,"end_line":2902,"kind":"function","spaces":[],"metrics":{"nargs":{"total_functions":5.0,"total_closures":0.0,"average_functions":5.0,"average_closures":0.0,"total":5.0,"average":5.0,"functions_min":5.0,"functions_max":5.0,"closures_min":0.0,"closures_max":0.0},"nexits":{"sum":1.0,"average":1.0,"min":1.0,"max":1.0},"cognitive":{"sum":11.0,"average":11.0,"min":11.0,"max":11.0},"cyclomatic":{"sum":9.0,"average":9.0,"min":9.0,"max":9.0},"halstead":{"n1":20.0,"N1":120.0,"n2":26.0,"N2":92.0,"length":212.0,"estimated_program_length":208.64999456941564,"purity_ratio":0.9841980875915832,"vocabulary":46.0,"volume":1170.9951346840867,"difficulty":35.38461538461539,"level":0.02826086956521739,"effort":41435.2124580523,"time":2301.9562476695723,"bugs":0.3991398826422775},"loc":{"sloc":81.0,"ploc":46.0,"lloc":36.0,"cloc":24.0,"blank":11.0,"sloc_average":81.0,"ploc_average":46.0,"lloc_average":36.0,"cloc_average":24.0,"blank_average":11.0,"sloc_min":81.0,"sloc_max":81.0,"cloc_min":24.0,"cloc_max":24.0,"ploc_min":46.0,"ploc_max":46.0,"lloc_min":36.0,"lloc_max":36.0,"blank_min":11.0,"blank_max":11.0},"nom":{"functions":1.0,"closures":0.0,"functions_average":1.0,"closures_average":0.0,"total":1.0,"average":1.0,"functions_min":1.0,"functions_max":1.0,"closures_min":0.0,"closures_max":0.0},"mi":{"mi_original":60.998755808803594,"mi_sei":50.55935058954598,"mi_visual_studio":35.671787022692165},"abc":{"assignments":0.0,"branches":0.0,"conditions":0.0,"magnitude":0.0,"assignments_average":0.0,"branches_average":0.0,"conditions_average":0.0,"assignments_min":0.0,"assignments_max":0.0,"branches_min":0.0,"branches_max":0.0,"conditions_min":0.0,"conditions_max":0.0}}},{"name":"parse_x509_TBSCertList","start_line":2950,"end_line":3218,"kind":"function","spaces":[],"metrics":{"nargs":{"total_functions":6.0,"total_closures":0.0,"average_functions":6.0,"average_closures":0.0,"total":6.0,"average":6.0,"functions_min":6.0,"functions_max":6.0,"closures_min":0.0,"closures_max":0.0},"nexits":{"sum":1.0,"average":1.0,"min":1.0,"max":1.0},"cognitive":{"sum":41.0,"average":41.0,"min":41.0,"max":41.0},"cyclomatic":{"sum":23.0,"average":23.0,"min":23.0,"max":23.0},"halstead":{"n1":23.0,"N1":416.0,"n2":67.0,"N2":323.0,"length":739.0,"estimated_program_length":510.469900749982,"purity_ratio":0.6907576464817077,"vocabulary":90.0,"volume":4797.47943818763,"difficulty":55.440298507462686,"level":0.01803742091802396,"effort":265973.6921365366,"time":14776.316229807588,"bugs":1.3785987063691476},"loc":{"sloc":269.0,"ploc":157.0,"lloc":135.0,"cloc":79.0,"blank":33.0,"sloc_average":269.0,"ploc_average":157.0,"lloc_average":135.0,"cloc_average":79.0,"blank_average":33.0,"sloc_min":269.0,"sloc_max":269.0,"cloc_min":79.0,"cloc_max":79.0,"ploc_min":157.0,"ploc_max":157.0,"lloc_min":135.0,"lloc_max":135.0,"blank_min":33.0,"blank_max":33.0},"nom":{"functions":1.0,"closures":0.0,"functions_average":1.0,"closures_average":0.0,"total":1.0,"average":1.0,"functions_min":1.0,"functions_max":1.0,"closures_min":0.0,"closures_max":0.0},"mi":{"mi_original":31.001276752416814,"mi_sei":8.583298859670968,"mi_visual_studio":18.129401609600478},"abc":{"assignments":0.0,"branches":0.0,"conditions":0.0,"magnitude":0.0,"assignments_average":0.0,"branches_average":0.0,"conditions_average":0.0,"assignments_min":0.0,"assignments_max":0.0,"branches_min":0.0,"branches_max":0.0,"conditions_min":0.0,"conditions_max":0.0}}},{"name":"parse_x509_crl_signatureAlgorithm","start_line":3246,"end_line":3287,"kind":"function","spaces":[],"metrics":{"nargs":{"total_functions":5.0,"total_closures":0.0,"average_functions":5.0,"average_closures":0.0,"total":5.0,"average":5.0,"functions_min":5.0,"functions_max":5.0,"closures_min":0.0,"closures_max":0.0},"nexits":{"sum":1.0,"average":1.0,"min":1.0,"max":1.0},"cognitive":{"sum":7.0,"average":7.0,"min":7.0,"max":7.0},"cyclomatic":{"sum":7.0,"average":7.0,"min":7.0,"max":7.0},"halstead":{"n1":17.0,"N1":80.0,"n2":20.0,"N2":59.0,"length":139.0,"estimated_program_length":155.92543019900302,"purity_ratio":1.1217656848849138,"vocabulary":37.0,"volume":724.1140178224241,"difficulty":25.075,"level":0.03988035892323031,"effort":18157.158996897284,"time":1008.7310553831825,"bugs":0.23027352527773162},"loc":{"sloc":42.0,"ploc":30.0,"lloc":26.0,"cloc":6.0,"blank":6.0,"sloc_average":42.0,"ploc_average":30.0,"lloc_average":26.0,"cloc_average":6.0,"blank_average":6.0,"sloc_min":42.0,"sloc_max":42.0,"cloc_min":6.0,"cloc_max":6.0,"ploc_min":30.0,"ploc_max":30.0,"lloc_min":26.0,"lloc_max":26.0,"blank_min":6.0,"blank_max":6.0},"nom":{"functions":1.0,"closures":0.0,"functions_average":1.0,"closures_average":0.0,"total":1.0,"average":1.0,"functions_min":1.0,"functions_max":1.0,"closures_min":0.0,"closures_max":0.0},"mi":{"mi_original":74.59801809534267,"mi_sei":60.26655493020678,"mi_visual_studio":43.62457198558051},"abc":{"assignments":0.0,"branches":0.0,"conditions":0.0,"magnitude":0.0,"assignments_average":0.0,"branches_average":0.0,"conditions_average":0.0,"assignments_min":0.0,"assignments_max":0.0,"branches_min":0.0,"branches_max":0.0,"conditions_min":0.0,"conditions_max":0.0}}},{"name":"parse_x509_crl_signatureValue","start_line":3313,"end_line":3376,"kind":"function","spaces":[],"metrics":{"nargs":{"total_functions":6.0,"total_closures":0.0,"average_functions":6.0,"average_closures":0.0,"total":6.0,"average":6.0,"functions_min":6.0,"functions_max":6.0,"closures_min":0.0,"closures_max":0.0},"nexits":{"sum":1.0,"average":1.0,"min":1.0,"max":1.0},"cognitive":{"sum":7.0,"average":7.0,"min":7.0,"max":7.0},"cyclomatic":{"sum":8.0,"average":8.0,"min":8.0,"max":8.0},"halstead":{"n1":16.0,"N1":82.0,"n2":21.0,"N2":59.0,"length":141.0,"estimated_program_length":156.23866587835397,"purity_ratio":1.1080756445273332,"vocabulary":37.0,"volume":734.5329245536819,"difficulty":22.476190476190474,"level":0.04449152542372882,"effort":16509.501923301803,"time":917.1945512945446,"bugs":0.21612320174214877},"loc":{"sloc":64.0,"ploc":28.0,"lloc":23.0,"cloc":31.0,"blank":5.0,"sloc_average":64.0,"ploc_average":28.0,"lloc_average":23.0,"cloc_average":31.0,"blank_average":5.0,"sloc_min":64.0,"sloc_max":64.0,"cloc_min":31.0,"cloc_max":31.0,"ploc_min":28.0,"ploc_max":28.0,"lloc_min":23.0,"lloc_max":23.0,"blank_min":5.0,"blank_max":5.0},"nom":{"functions":1.0,"closures":0.0,"functions_average":1.0,"closures_average":0.0,"total":1.0,"average":1.0,"functions_min":1.0,"functions_max":1.0,"closures_min":0.0,"closures_max":0.0},"mi":{"mi_original":67.47007298341968,"mi_sei":66.50767884651901,"mi_visual_studio":39.45618303123958},"abc":{"assignments":0.0,"branches":0.0,"conditions":0.0,"magnitude":0.0,"assignments_average":0.0,"branches_average":0.0,"conditions_average":0.0,"assignments_min":0.0,"assignments_max":0.0,"branches_min":0.0,"branches_max":0.0,"conditions_min":0.0,"conditions_max":0.0}}},{"name":"get_zeroized_crl_ctx_val","start_line":3386,"end_line":3391,"kind":"function","spaces":[],"metrics":{"nargs":{"total_functions":1.0,"total_closures":0.0,"average_functions":1.0,"average_closures":0.0,"total":1.0,"average":1.0,"functions_min":1.0,"functions_max":1.0,"closures_min":0.0,"closures_max":0.0},"nexits":{"sum":1.0,"average":1.0,"min":1.0,"max":1.0},"cognitive":{"sum":0.0,"average":0.0,"min":0.0,"max":0.0},"cyclomatic":{"sum":1.0,"average":1.0,"min":1.0,"max":1.0},"halstead":{"n1":6.0,"N1":8.0,"n2":4.0,"N2":6.0,"length":14.0,"estimated_program_length":23.509775004326936,"purity_ratio":1.6792696431662097,"vocabulary":10.0,"volume":46.50699332842307,"difficulty":4.5,"level":0.2222222222222222,"effort":209.2814699779038,"time":11.626748332105768,"bugs":0.011749857421145992},"loc":{"sloc":6.0,"ploc":5.0,"lloc":2.0,"cloc":0.0,"blank":1.0,"sloc_average":6.0,"ploc_average":5.0,"lloc_average":2.0,"cloc_average":0.0,"blank_average":1.0,"sloc_min":6.0,"sloc_max":6.0,"cloc_min":0.0,"cloc_max":0.0,"ploc_min":5.0,"ploc_max":5.0,"lloc_min":2.0,"lloc_max":2.0,"blank_min":1.0,"blank_max":1.0},"nom":{"functions":1.0,"closures":0.0,"functions_average":1.0,"closures_average":0.0,"total":1.0,"average":1.0,"functions_min":1.0,"functions_max":1.0,"closures_min":0.0,"closures_max":0.0},"mi":{"mi_original":121.77756258219213,"mi_sei":100.08885349626573,"mi_visual_studio":71.21494887847493},"abc":{"assignments":0.0,"branches":0.0,"conditions":0.0,"magnitude":0.0,"assignments_average":0.0,"branches_average":0.0,"conditions_average":0.0,"assignments_min":0.0,"assignments_max":0.0,"branches_min":0.0,"branches_max":0.0,"conditions_min":0.0,"conditions_max":0.0}}},{"name":"parse_x509_crl","start_line":3415,"end_line":3511,"kind":"function","spaces":[],"metrics":{"nargs":{"total_functions":3.0,"total_closures":0.0,"average_functions":3.0,"average_closures":0.0,"total":3.0,"average":3.0,"functions_min":3.0,"functions_max":3.0,"closures_min":0.0,"closures_max":0.0},"nexits":{"sum":1.0,"average":1.0,"min":1.0,"max":1.0},"cognitive":{"sum":15.0,"average":15.0,"min":15.0,"max":15.0},"cyclomatic":{"sum":10.0,"average":10.0,"min":10.0,"max":10.0},"halstead":{"n1":18.0,"N1":147.0,"n2":26.0,"N2":108.0,"length":255.0,"estimated_program_length":197.27008269763002,"purity_ratio":0.7736081674416864,"vocabulary":44.0,"volume":1392.1550627525107,"difficulty":37.38461538461539,"level":0.026748971193415638,"effort":52045.18157674771,"time":2891.398976485984,"bugs":0.4646569427832887},"loc":{"sloc":97.0,"ploc":56.0,"lloc":53.0,"cloc":23.0,"blank":18.0,"sloc_average":97.0,"ploc_average":56.0,"lloc_average":53.0,"cloc_average":23.0,"blank_average":18.0,"sloc_min":97.0,"sloc_max":97.0,"cloc_min":23.0,"cloc_max":23.0,"ploc_min":56.0,"ploc_max":56.0,"lloc_min":53.0,"lloc_max":53.0,"blank_min":18.0,"blank_max":18.0},"nom":{"functions":1.0,"closures":0.0,"functions_average":1.0,"closures_average":0.0,"total":1.0,"average":1.0,"functions_min":1.0,"functions_max":1.0,"closures_min":0.0,"closures_max":0.0},"mi":{"mi_original":56.94891935044667,"mi_sei":41.71870955838373,"mi_visual_studio":33.30346160844835},"abc":{"assignments":0.0,"branches":0.0,"conditions":0.0,"magnitude":0.0,"assignments_average":0.0,"branches_average":0.0,"conditions_average":0.0,"assignments_min":0.0,"assignments_max":0.0,"branches_min":0.0,"branches_max":0.0,"conditions_min":0.0,"conditions_max":0.0}}}],"metrics":{"nargs":{"total_functions":150.0,"total_closures":0.0,"average_functions":4.545454545454546,"average_closures":0.0,"total":150.0,"average":4.545454545454546,"functions_min":0.0,"functions_max":6.0,"closures_min":0.0,"closures_max":0.0},"nexits":{"sum":34.0,"average":1.0303030303030303,"min":0.0,"max":2.0},"cognitive":{"sum":415.0,"average":12.575757575757576,"min":0.0,"max":47.0},"cyclomatic":{"sum":300.0,"average":8.333333333333334,"min":1.0,"max":24.0},"halstead":{"n1":39.0,"N1":4493.0,"n2":301.0,"N2":3270.0,"length":7763.0,"estimated_program_length":2684.450209240298,"purity_ratio":0.3458006195079606,"vocabulary":340.0,"volume":65282.10183723699,"difficulty":211.843853820598,"level":0.004720457931467106,"effort":13829612.038709026,"time":768311.7799282792,"bugs":19.205195980614576},"loc":{"sloc":3511.0,"ploc":1716.0,"lloc":1377.0,"cloc":1402.0,"blank":418.0,"sloc_average":97.52777777777777,"ploc_average":47.666666666666664,"lloc_average":38.25,"cloc_average":38.94444444444444,"blank_average":11.61111111111111,"sloc_min":6.0,"sloc_max":272.0,"cloc_min":0.0,"cloc_max":86.0,"ploc_min":5.0,"ploc_max":158.0,"lloc_min":0.0,"lloc_max":141.0,"blank_min":0.0,"blank_max":37.0},"nom":{"functions":33.0,"closures":0.0,"functions_average":0.9166666666666666,"closures_average":0.0,"total":33.0,"average":0.9166666666666666,"functions_min":0.0,"functions_max":1.0,"closures_min":0.0,"closures_max":0.0},"mi":{"mi_original":-87.90089062311117,"mi_sei":-130.47323841948227,"mi_visual_studio":0.0},"abc":{"assignments":0.0,"branches":0.0,"conditions":0.0,"magnitude":0.0,"assignments_average":0.0,"branches_average":0.0,"conditions_average":0.0,"assignments_min":0.0,"assignments_max":0.0,"branches_min":0.0,"branches_max":0.0,"conditions_min":0.0,"conditions_max":0.0}}}