{"name":"./src/x509-utils.h","start_line":1,"end_line":56,"kind":"unit","spaces":[],"metrics":{"nargs":{"total_functions":0.0,"total_closures":0.0,"average_functions":0.0,"average_closures":0.0,"total":0.0,"average":0.0,"functions_min":0.0,"functions_max":0.0,"closures_min":0.0,"closures_max":0.0},"nexits":{"sum":0.0,"average":null,"min":0.0,"max":0.0},"cognitive":{"sum":0.0,"average":null,"min":0.0,"max":0.0},"cyclomatic":{"sum":1.0,"average":1.0,"min":1.0,"max":1.0},"halstead":{"n1":5.0,"N1":19.0,"n2":18.0,"N2":25.0,"length":44.0,"estimated_program_length":86.66829050039843,"purity_ratio":1.9697338750090552,"vocabulary":23.0,"volume":199.03672606650858,"difficulty":3.4722222222222223,"level":0.288,"effort":691.0997432864881,"time":38.394430182582674,"bugs":0.02605588925663895},"loc":{"sloc":56.0,"ploc":27.0,"lloc":1.0,"cloc":21.0,"blank":9.0,"sloc_average":56.0,"ploc_average":27.0,"lloc_average":1.0,"cloc_average":21.0,"blank_average":9.0,"sloc_min":56.0,"sloc_max":56.0,"cloc_min":21.0,"cloc_max":21.0,"ploc_min":27.0,"ploc_max":27.0,"lloc_min":1.0,"lloc_max":1.0,"blank_min":9.0,"blank_max":9.0},"nom":{"functions":0.0,"closures":0.0,"functions_average":0.0,"closures_average":0.0,"total":0.0,"average":0.0,"functions_min":0.0,"functions_max":0.0,"closures_min":0.0,"closures_max":0.0},"mi":{"mi_original":78.03315793395817,"mi_sei":77.61146267572028,"mi_visual_studio":45.633425692373194},"abc":{"assignments":0.0,"branches":0.0,"conditions":0.0,"magnitude":0.0,"assignments_average":0.0,"branches_average":0.0,"conditions_average":0.0,"assignments_min":0.0,"assignments_max":0.0,"branches_min":0.0,"branches_max":0.0,"conditions_min":0.0,"conditions_max":0.0}}}