{"name":"./merged/algid_codec.cpp","start_line":1,"end_line":42,"kind":"unit","spaces":[{"name":"CBORCodec<AlgorithmIdentifier>::decode","start_line":5,"end_line":42,"kind":"function","spaces":[],"metrics":{"nargs":{"total_functions":2.0,"total_closures":0.0,"average_functions":2.0,"average_closures":0.0,"total":2.0,"average":2.0,"functions_min":2.0,"functions_max":2.0,"closures_min":0.0,"closures_max":0.0},"nexits":{"sum":3.0,"average":3.0,"min":3.0,"max":3.0},"cognitive":{"sum":8.0,"average":8.0,"min":8.0,"max":8.0},"cyclomatic":{"sum":9.0,"average":9.0,"min":9.0,"max":9.0},"halstead":{"n1":15.0,"N1":115.0,"n2":36.0,"N2":81.0,"length":196.0,"estimated_program_length":244.720658986051,"purity_ratio":1.248574790745158,"vocabulary":51.0,"volume":1111.795367026413,"difficulty":16.875,"level":0.05925925925925926,"effort":18761.54681857072,"time":1042.3081565872624,"bugs":0.23535558372988613},"loc":{"sloc":38.0,"ploc":29.0,"lloc":25.0,"cloc":0.0,"blank":9.0,"sloc_average":38.0,"ploc_average":29.0,"lloc_average":25.0,"cloc_average":0.0,"blank_average":9.0,"sloc_min":38.0,"sloc_max":38.0,"cloc_min":0.0,"cloc_max":0.0,"ploc_min":29.0,"ploc_max":29.0,"lloc_min":25.0,"lloc_max":25.0,"blank_min":9.0,"blank_max":9.0},"nom":{"functions":1.0,"closures":0.0,"functions_average":1.0,"closures_average":0.0,"total":1.0,"average":1.0,"functions_min":1.0,"functions_max":1.0,"closures_min":0.0,"closures_max":0.0},"mi":{"mi_original":73.52970074825865,"mi_sei":31.296461370189675,"mi_visual_studio":42.999824998981666},"abc":{"assignments":0.0,"branches":0.0,"conditions":0.0,"magnitude":0.0,"assignments_average":0.0,"branches_average":0.0,"conditions_average":0.0,"assignments_min":0.0,"assignments_max":0.0,"branches_min":0.0,"branches_max":0.0,"conditions_min":0.0,"conditions_max":0.0}}}],"metrics":{"nargs":{"total_functions":2.0,"total_closures":0.0,"average_functions":2.0,"average_closures":0.0,"total":2.0,"average":2.0,"functions_min":0.0,"functions_max":2.0,"closures_min":0.0,"closures_max":0.0},"nexits":{"sum":3.0,"average":3.0,"min":0.0,"max":3.0},"cognitive":{"sum":8.0,"average":8.0,"min":0.0,"max":8.0},"cyclomatic":{"sum":10.0,"average":5.0,"min":1.0,"max":9.0},"halstead":{"n1":15.0,"N1":116.0,"n2":38.0,"N2":83.0,"length":199.0,"estimated_program_length":258.024604444984,"purity_ratio":1.2966060524873568,"vocabulary":53.0,"volume":1139.8561704580766,"difficulty":16.38157894736842,"level":0.06104417670682731,"effort":18672.64384500402,"time":1037.3691025002233,"bugs":0.23461149543847687},"loc":{"sloc":42.0,"ploc":31.0,"lloc":25.0,"cloc":0.0,"blank":11.0,"sloc_average":21.0,"ploc_average":15.5,"lloc_average":12.5,"cloc_average":0.0,"blank_average":5.5,"sloc_min":38.0,"sloc_max":38.0,"cloc_min":0.0,"cloc_max":0.0,"ploc_min":29.0,"ploc_max":29.0,"lloc_min":25.0,"lloc_max":25.0,"blank_min":9.0,"blank_max":9.0},"nom":{"functions":1.0,"closures":0.0,"functions_average":0.5,"closures_average":0.0,"total":1.0,"average":0.5,"functions_min":0.0,"functions_max":1.0,"closures_min":0.0,"closures_max":0.0},"mi":{"mi_original":71.54873387455629,"mi_sei":28.540350144738426,"mi_visual_studio":41.841364838921805},"abc":{"assignments":0.0,"branches":0.0,"conditions":0.0,"magnitude":0.0,"assignments_average":0.0,"branches_average":0.0,"conditions_average":0.0,"assignments_min":0.0,"assignments_max":0.0,"branches_min":0.0,"branches_max":0.0,"conditions_min":0.0,"conditions_max":0.0}}}