{"name":"./merged/algid.hpp","start_line":1,"end_line":32,"kind":"unit","spaces":[{"name":"C509","start_line":12,"end_line":30,"kind":"namespace","spaces":[{"name":"AlgorithmIdentifier","start_line":13,"end_line":29,"kind":"struct","spaces":[{"name":null,"start_line":22,"end_line":25,"kind":"struct","spaces":[],"metrics":{"nargs":{"total_functions":0.0,"total_closures":0.0,"average_functions":0.0,"average_closures":0.0,"total":0.0,"average":0.0,"functions_min":0.0,"functions_max":0.0,"closures_min":0.0,"closures_max":0.0},"nexits":{"sum":0.0,"average":null,"min":0.0,"max":0.0},"cognitive":{"sum":0.0,"average":null,"min":0.0,"max":0.0},"cyclomatic":{"sum":1.0,"average":1.0,"min":1.0,"max":1.0},"halstead":{"n1":6.0,"N1":9.0,"n2":6.0,"N2":6.0,"length":15.0,"estimated_program_length":31.019550008653873,"purity_ratio":2.067970000576925,"vocabulary":12.0,"volume":53.77443751081734,"difficulty":3.0,"level":0.3333333333333333,"effort":161.32331253245204,"time":8.962406251802891,"bugs":0.009878177657674505},"loc":{"sloc":4.0,"ploc":4.0,"lloc":0.0,"cloc":0.0,"blank":0.0,"sloc_average":4.0,"ploc_average":4.0,"lloc_average":0.0,"cloc_average":0.0,"blank_average":0.0,"sloc_min":4.0,"sloc_max":4.0,"cloc_min":0.0,"cloc_max":0.0,"ploc_min":4.0,"ploc_max":4.0,"lloc_min":0.0,"lloc_max":0.0,"blank_min":0.0,"blank_max":0.0},"nom":{"functions":0.0,"closures":0.0,"functions_average":0.0,"closures_average":0.0,"total":0.0,"average":0.0,"functions_min":0.0,"functions_max":0.0,"closures_min":0.0,"closures_max":0.0},"mi":{"mi_original":127.59108063160195,"mi_sei":108.4759871562677,"mi_visual_studio":74.61466703602454},"abc":{"assignments":0.0,"branches":0.0,"conditions":0.0,"magnitude":0.0,"assignments_average":0.0,"branches_average":0.0,"conditions_average":0.0,"assignments_min":0.0,"assignments_max":0.0,"branches_min":0.0,"branches_max":0.0,"conditions_min":0.0,"conditions_max":0.0}}}],"metrics":{"nargs":{"total_functions":0.0,"total_closures":0.0,"average_functions":0.0,"average_closures":0.0,"total":0.0,"average":0.0,"functions_min":0.0,"functions_max":0.0,"closures_min":0.0,"closures_max":0.0},"nexits":{"sum":0.0,"average":null,"min":0.0,"max":0.0},"cognitive":{"sum":0.0,"average":null,"min":0.0,"max":0.0},"cyclomatic":{"sum":2.0,"average":1.0,"min":1.0,"max":1.0},"halstead":{"n1":8.0,"N1":23.0,"n2":14.0,"N2":15.0,"length":38.0,"estimated_program_length":77.30296890880646,"purity_ratio":2.034288655494907,"vocabulary":22.0,"volume":169.4584015082173,"difficulty":4.285714285714286,"level":0.23333333333333334,"effort":726.2502921780741,"time":40.34723845433745,"bugs":0.026932063226533798},"loc":{"sloc":17.0,"ploc":14.0,"lloc":0.0,"cloc":0.0,"blank":3.0,"sloc_average":8.5,"ploc_average":7.0,"lloc_average":0.0,"cloc_average":0.0,"blank_average":1.5,"sloc_min":4.0,"sloc_max":4.0,"cloc_min":0.0,"cloc_max":0.0,"ploc_min":4.0,"ploc_max":4.0,"lloc_min":0.0,"lloc_max":0.0,"blank_min":0.0,"blank_max":0.0},"nom":{"functions":0.0,"closures":0.0,"functions_average":0.0,"closures_average":0.0,"total":0.0,"average":0.0,"functions_min":0.0,"functions_max":0.0,"closures_min":0.0,"closures_max":0.0},"mi":{"mi_original":97.95238494136635,"mi_sei":65.81820772495217,"mi_visual_studio":57.282096456939385},"abc":{"assignments":0.0,"branches":0.0,"conditions":0.0,"magnitude":0.0,"assignments_average":0.0,"branches_average":0.0,"conditions_average":0.0,"assignments_min":0.0,"assignments_max":0.0,"branches_min":0.0,"branches_max":0.0,"conditions_min":0.0,"conditions_max":0.0}}}],"metrics":{"nargs":{"total_functions":0.0,"total_closures":0.0,"average_functions":0.0,"average_closures":0.0,"total":0.0,"average":0.0,"functions_min":0.0,"functions_max":0.0,"closures_min":0.0,"closures_max":0.0},"nexits":{"sum":0.0,"average":null,"min":0.0,"max":0.0},"cognitive":{"sum":0.0,"average":null,"min":0.0,"max":0.0},"cyclomatic":{"sum":3.0,"average":1.0,"min":1.0,"max":1.0},"halstead":{"n1":8.0,"N1":25.0,"n2":15.0,"N2":16.0,"length":41.0,"estimated_program_length":82.60335893412778,"purity_ratio":2.0147160715640924,"vocabulary":23.0,"volume":185.46604019833754,"difficulty":4.266666666666667,"level":0.234375,"effort":791.3217715129068,"time":43.962320639605935,"bugs":0.02851767760670973},"loc":{"sloc":19.0,"ploc":16.0,"lloc":0.0,"cloc":0.0,"blank":3.0,"sloc_average":6.333333333333333,"ploc_average":5.333333333333333,"lloc_average":0.0,"cloc_average":0.0,"blank_average":1.0,"sloc_min":17.0,"sloc_max":17.0,"cloc_min":0.0,"cloc_max":0.0,"ploc_min":14.0,"ploc_max":14.0,"lloc_min":0.0,"lloc_max":0.0,"blank_min":3.0,"blank_max":3.0},"nom":{"functions":0.0,"closures":0.0,"functions_average":0.0,"closures_average":0.0,"total":0.0,"average":0.0,"functions_min":0.0,"functions_max":0.0,"closures_min":0.0,"closures_max":0.0},"mi":{"mi_original":95.45115521088381,"mi_sei":62.31151585606543,"mi_visual_studio":55.81938901221275},"abc":{"assignments":0.0,"branches":0.0,"conditions":0.0,"magnitude":0.0,"assignments_average":0.0,"branches_average":0.0,"conditions_average":0.0,"assignments_min":0.0,"assignments_max":0.0,"branches_min":0.0,"branches_max":0.0,"conditions_min":0.0,"conditions_max":0.0}}}],"metrics":{"nargs":{"total_functions":0.0,"total_closures":0.0,"average_functions":0.0,"average_closures":0.0,"total":0.0,"average":0.0,"functions_min":0.0,"functions_max":0.0,"closures_min":0.0,"closures_max":0.0},"nexits":{"sum":0.0,"average":null,"min":0.0,"max":0.0},"cognitive":{"sum":0.0,"average":null,"min":0.0,"max":0.0},"cyclomatic":{"sum":4.0,"average":1.0,"min":1.0,"max":1.0},"halstead":{"n1":8.0,"N1":25.0,"n2":18.0,"N2":21.0,"length":46.0,"estimated_program_length":99.05865002596161,"purity_ratio":2.153448913607861,"vocabulary":26.0,"volume":216.22022703449022,"difficulty":4.666666666666667,"level":0.21428571428571427,"effort":1009.0277261609544,"time":56.057095897830806,"bugs":0.033533648823770315},"loc":{"sloc":32.0,"ploc":22.0,"lloc":0.0,"cloc":4.0,"blank":7.0,"sloc_average":8.0,"ploc_average":5.5,"lloc_average":0.0,"cloc_average":1.0,"blank_average":1.75,"sloc_min":19.0,"sloc_max":19.0,"cloc_min":0.0,"cloc_max":0.0,"ploc_min":16.0,"ploc_max":16.0,"lloc_min":0.0,"lloc_max":0.0,"blank_min":3.0,"blank_max":3.0},"nom":{"functions":0.0,"closures":0.0,"functions_average":0.0,"closures_average":0.0,"total":0.0,"average":0.0,"functions_min":0.0,"functions_max":0.0,"closures_min":0.0,"closures_max":0.0},"mi":{"mi_original":85.97833159366733,"mi_sei":74.78415503533185,"mi_visual_studio":50.27972607816803},"abc":{"assignments":0.0,"branches":0.0,"conditions":0.0,"magnitude":0.0,"assignments_average":0.0,"branches_average":0.0,"conditions_average":0.0,"assignments_min":0.0,"assignments_max":0.0,"branches_min":0.0,"branches_max":0.0,"conditions_min":0.0,"conditions_max":0.0}}}