{"name":"./merged/attr_codec.cpp","start_line":1,"end_line":42,"kind":"unit","spaces":[{"name":"CBORCodec<Attribute>::decode","start_line":7,"end_line":42,"kind":"function","spaces":[],"metrics":{"nargs":{"total_functions":2.0,"total_closures":0.0,"average_functions":2.0,"average_closures":0.0,"total":2.0,"average":2.0,"functions_min":2.0,"functions_max":2.0,"closures_min":0.0,"closures_max":0.0},"nexits":{"sum":2.0,"average":2.0,"min":2.0,"max":2.0},"cognitive":{"sum":11.0,"average":11.0,"min":11.0,"max":11.0},"cyclomatic":{"sum":9.0,"average":9.0,"min":9.0,"max":9.0},"halstead":{"n1":15.0,"N1":99.0,"n2":31.0,"N2":72.0,"length":171.0,"estimated_program_length":212.18344455612092,"purity_ratio":1.2408388570533386,"vocabulary":46.0,"volume":944.5290944857493,"difficulty":17.419354838709676,"level":0.057407407407407414,"effort":16453.087452332406,"time":914.060414018467,"bugs":0.21563057914965805},"loc":{"sloc":36.0,"ploc":25.0,"lloc":22.0,"cloc":0.0,"blank":11.0,"sloc_average":36.0,"ploc_average":25.0,"lloc_average":22.0,"cloc_average":0.0,"blank_average":11.0,"sloc_min":36.0,"sloc_max":36.0,"cloc_min":0.0,"cloc_max":0.0,"ploc_min":25.0,"ploc_max":25.0,"lloc_min":22.0,"lloc_max":22.0,"blank_min":11.0,"blank_max":11.0},"nom":{"functions":1.0,"closures":0.0,"functions_average":1.0,"closures_average":0.0,"total":1.0,"average":1.0,"functions_min":1.0,"functions_max":1.0,"closures_min":0.0,"closures_max":0.0},"mi":{"mi_original":75.25342344598876,"mi_sei":33.78326755807262,"mi_visual_studio":44.007849968414476},"abc":{"assignments":0.0,"branches":0.0,"conditions":0.0,"magnitude":0.0,"assignments_average":0.0,"branches_average":0.0,"conditions_average":0.0,"assignments_min":0.0,"assignments_max":0.0,"branches_min":0.0,"branches_max":0.0,"conditions_min":0.0,"conditions_max":0.0}}}],"metrics":{"nargs":{"total_functions":2.0,"total_closures":0.0,"average_functions":2.0,"average_closures":0.0,"total":2.0,"average":2.0,"functions_min":0.0,"functions_max":2.0,"closures_min":0.0,"closures_max":0.0},"nexits":{"sum":2.0,"average":2.0,"min":0.0,"max":2.0},"cognitive":{"sum":11.0,"average":11.0,"min":0.0,"max":11.0},"cyclomatic":{"sum":10.0,"average":5.0,"min":1.0,"max":9.0},"halstead":{"n1":15.0,"N1":100.0,"n2":33.0,"N2":74.0,"length":174.0,"estimated_program_length":225.06836487295675,"purity_ratio":1.293496349844579,"vocabulary":48.0,"volume":971.7834751254811,"difficulty":16.818181818181817,"level":0.05945945945945946,"effort":16343.631172564908,"time":907.9795095869393,"bugs":0.21467317553768556},"loc":{"sloc":42.0,"ploc":27.0,"lloc":22.0,"cloc":0.0,"blank":15.0,"sloc_average":21.0,"ploc_average":13.5,"lloc_average":11.0,"cloc_average":0.0,"blank_average":7.5,"sloc_min":36.0,"sloc_max":36.0,"cloc_min":0.0,"cloc_max":0.0,"ploc_min":25.0,"ploc_max":25.0,"lloc_min":22.0,"lloc_max":22.0,"blank_min":11.0,"blank_max":11.0},"nom":{"functions":1.0,"closures":0.0,"functions_average":0.5,"closures_average":0.0,"total":1.0,"average":0.5,"functions_min":0.0,"functions_max":1.0,"closures_min":0.0,"closures_max":0.0},"mi":{"mi_original":72.37826049318033,"mi_sei":29.73710408371275,"mi_visual_studio":42.32646812466686},"abc":{"assignments":0.0,"branches":0.0,"conditions":0.0,"magnitude":0.0,"assignments_average":0.0,"branches_average":0.0,"conditions_average":0.0,"assignments_min":0.0,"assignments_max":0.0,"branches_min":0.0,"branches_max":0.0,"conditions_min":0.0,"conditions_max":0.0}}}