{"name":"./merged/attr.hpp","start_line":1,"end_line":76,"kind":"unit","spaces":[{"name":"C509","start_line":58,"end_line":74,"kind":"namespace","spaces":[{"name":"Attribute","start_line":59,"end_line":73,"kind":"struct","spaces":[],"metrics":{"nargs":{"total_functions":0.0,"total_closures":0.0,"average_functions":0.0,"average_closures":0.0,"total":0.0,"average":0.0,"functions_min":0.0,"functions_max":0.0,"closures_min":0.0,"closures_max":0.0},"nexits":{"sum":0.0,"average":null,"min":0.0,"max":0.0},"cognitive":{"sum":0.0,"average":null,"min":0.0,"max":0.0},"cyclomatic":{"sum":1.0,"average":1.0,"min":1.0,"max":1.0},"halstead":{"n1":8.0,"N1":20.0,"n2":13.0,"N2":14.0,"length":34.0,"estimated_program_length":72.10571633583419,"purity_ratio":2.1207563628186525,"vocabulary":21.0,"volume":149.33879237447786,"difficulty":4.3076923076923075,"level":0.23214285714285715,"effort":643.305567151597,"time":35.73919817508872,"bugs":0.024840306590939075},"loc":{"sloc":15.0,"ploc":12.0,"lloc":0.0,"cloc":1.0,"blank":3.0,"sloc_average":15.0,"ploc_average":12.0,"lloc_average":0.0,"cloc_average":1.0,"blank_average":3.0,"sloc_min":15.0,"sloc_max":15.0,"cloc_min":1.0,"cloc_max":1.0,"ploc_min":12.0,"ploc_max":12.0,"lloc_min":0.0,"lloc_max":0.0,"blank_min":3.0,"blank_max":3.0},"nom":{"functions":0.0,"closures":0.0,"functions_average":0.0,"closures_average":0.0,"total":0.0,"average":0.0,"functions_min":0.0,"functions_max":0.0,"closures_min":0.0,"closures_max":0.0},"mi":{"mi_original":100.8672557465236,"mi_sei":89.39257463641262,"mi_visual_studio":58.986699266972856},"abc":{"assignments":0.0,"branches":0.0,"conditions":0.0,"magnitude":0.0,"assignments_average":0.0,"branches_average":0.0,"conditions_average":0.0,"assignments_min":0.0,"assignments_max":0.0,"branches_min":0.0,"branches_max":0.0,"conditions_min":0.0,"conditions_max":0.0}}}],"metrics":{"nargs":{"total_functions":0.0,"total_closures":0.0,"average_functions":0.0,"average_closures":0.0,"total":0.0,"average":0.0,"functions_min":0.0,"functions_max":0.0,"closures_min":0.0,"closures_max":0.0},"nexits":{"sum":0.0,"average":null,"min":0.0,"max":0.0},"cognitive":{"sum":0.0,"average":null,"min":0.0,"max":0.0},"cyclomatic":{"sum":2.0,"average":1.0,"min":1.0,"max":1.0},"halstead":{"n1":8.0,"N1":22.0,"n2":14.0,"N2":15.0,"length":37.0,"estimated_program_length":77.30296890880646,"purity_ratio":2.089269429967742,"vocabulary":22.0,"volume":164.99896988958,"difficulty":4.285714285714286,"level":0.23333333333333334,"effort":707.1384423839143,"time":39.285469021328566,"bugs":0.026457473937853172},"loc":{"sloc":17.0,"ploc":14.0,"lloc":0.0,"cloc":1.0,"blank":3.0,"sloc_average":8.5,"ploc_average":7.0,"lloc_average":0.0,"cloc_average":0.5,"blank_average":1.5,"sloc_min":15.0,"sloc_max":15.0,"cloc_min":1.0,"cloc_max":1.0,"ploc_min":12.0,"ploc_max":12.0,"lloc_min":0.0,"lloc_max":0.0,"blank_min":3.0,"blank_max":3.0},"nom":{"functions":0.0,"closures":0.0,"functions_average":0.0,"closures_average":0.0,"total":0.0,"average":0.0,"functions_min":0.0,"functions_max":0.0,"closures_min":0.0,"closures_max":0.0},"mi":{"mi_original":98.09105982619357,"mi_sei":84.36607116938676,"mi_visual_studio":57.36319288081496},"abc":{"assignments":0.0,"branches":0.0,"conditions":0.0,"magnitude":0.0,"assignments_average":0.0,"branches_average":0.0,"conditions_average":0.0,"assignments_min":0.0,"assignments_max":0.0,"branches_min":0.0,"branches_max":0.0,"conditions_min":0.0,"conditions_max":0.0}}}],"metrics":{"nargs":{"total_functions":0.0,"total_closures":0.0,"average_functions":0.0,"average_closures":0.0,"total":0.0,"average":0.0,"functions_min":0.0,"functions_max":0.0,"closures_min":0.0,"closures_max":0.0},"nexits":{"sum":0.0,"average":null,"min":0.0,"max":0.0},"cognitive":{"sum":0.0,"average":null,"min":0.0,"max":0.0},"cyclomatic":{"sum":3.0,"average":1.0,"min":1.0,"max":1.0},"halstead":{"n1":8.0,"N1":22.0,"n2":17.0,"N2":20.0,"length":42.0,"estimated_program_length":93.48686830125577,"purity_ratio":2.225877816696566,"vocabulary":25.0,"volume":195.04195997053841,"difficulty":4.705882352941177,"level":0.2125,"effort":917.8445175084161,"time":50.991362083800894,"bugs":0.031481698644586255},"loc":{"sloc":76.0,"ploc":22.0,"lloc":0.0,"cloc":46.0,"blank":10.0,"sloc_average":25.333333333333332,"ploc_average":7.333333333333333,"lloc_average":0.0,"cloc_average":15.333333333333334,"blank_average":3.3333333333333335,"sloc_min":17.0,"sloc_max":17.0,"cloc_min":1.0,"cloc_max":1.0,"ploc_min":14.0,"ploc_max":14.0,"lloc_min":0.0,"lloc_max":0.0,"blank_min":3.0,"blank_max":3.0},"nom":{"functions":0.0,"closures":0.0,"functions_average":0.0,"closures_average":0.0,"total":0.0,"average":0.0,"functions_min":0.0,"functions_max":0.0,"closures_min":0.0,"closures_max":0.0},"mi":{"mi_original":72.73140337065058,"mi_sei":76.23030286659296,"mi_visual_studio":42.53298442728104},"abc":{"assignments":0.0,"branches":0.0,"conditions":0.0,"magnitude":0.0,"assignments_average":0.0,"branches_average":0.0,"conditions_average":0.0,"assignments_min":0.0,"assignments_max":0.0,"branches_min":0.0,"branches_max":0.0,"conditions_min":0.0,"conditions_max":0.0}}}