{"name":"./merged/c509.hpp","start_line":1,"end_line":18,"kind":"unit","spaces":[{"name":"C509","start_line":10,"end_line":16,"kind":"namespace","spaces":[{"name":"COSE_C509","start_line":11,"end_line":15,"kind":"struct","spaces":[],"metrics":{"nargs":{"total_functions":0.0,"total_closures":0.0,"average_functions":0.0,"average_closures":0.0,"total":0.0,"average":0.0,"functions_min":0.0,"functions_max":0.0,"closures_min":0.0,"closures_max":0.0},"nexits":{"sum":0.0,"average":null,"min":0.0,"max":0.0},"cognitive":{"sum":0.0,"average":null,"min":0.0,"max":0.0},"cyclomatic":{"sum":1.0,"average":1.0,"min":1.0,"max":1.0},"halstead":{"n1":7.0,"N1":8.0,"n2":7.0,"N2":7.0,"length":15.0,"estimated_program_length":39.302968908806456,"purity_ratio":2.6201979272537637,"vocabulary":14.0,"volume":57.11032383086406,"difficulty":3.5,"level":0.2857142857142857,"effort":199.88613340802422,"time":11.10478518933468,"bugs":0.011395512364204502},"loc":{"sloc":5.0,"ploc":4.0,"lloc":0.0,"cloc":0.0,"blank":1.0,"sloc_average":5.0,"ploc_average":4.0,"lloc_average":0.0,"cloc_average":0.0,"blank_average":1.0,"sloc_min":5.0,"sloc_max":5.0,"cloc_min":0.0,"cloc_max":0.0,"ploc_min":4.0,"ploc_max":4.0,"lloc_min":0.0,"lloc_max":0.0,"blank_min":1.0,"blank_max":1.0},"nom":{"functions":0.0,"closures":0.0,"functions_average":0.0,"closures_average":0.0,"total":0.0,"average":0.0,"functions_min":0.0,"functions_max":0.0,"closures_min":0.0,"closures_max":0.0},"mi":{"mi_original":123.66318432316916,"mi_sei":102.80923063096563,"mi_visual_studio":72.31765165097612},"abc":{"assignments":0.0,"branches":0.0,"conditions":0.0,"magnitude":0.0,"assignments_average":0.0,"branches_average":0.0,"conditions_average":0.0,"assignments_min":0.0,"assignments_max":0.0,"branches_min":0.0,"branches_max":0.0,"conditions_min":0.0,"conditions_max":0.0}}}],"metrics":{"nargs":{"total_functions":0.0,"total_closures":0.0,"average_functions":0.0,"average_closures":0.0,"total":0.0,"average":0.0,"functions_min":0.0,"functions_max":0.0,"closures_min":0.0,"closures_max":0.0},"nexits":{"sum":0.0,"average":null,"min":0.0,"max":0.0},"cognitive":{"sum":0.0,"average":null,"min":0.0,"max":0.0},"cyclomatic":{"sum":2.0,"average":1.0,"min":1.0,"max":1.0},"halstead":{"n1":7.0,"N1":10.0,"n2":8.0,"N2":8.0,"length":18.0,"estimated_program_length":43.65148445440323,"purity_ratio":2.4250824696890683,"vocabulary":15.0,"volume":70.32403072095333,"difficulty":3.5,"level":0.2857142857142857,"effort":246.13410752333667,"time":13.674117084629815,"bugs":0.013091616601716025},"loc":{"sloc":7.0,"ploc":6.0,"lloc":0.0,"cloc":0.0,"blank":1.0,"sloc_average":3.5,"ploc_average":3.0,"lloc_average":0.0,"cloc_average":0.0,"blank_average":0.5,"sloc_min":5.0,"sloc_max":5.0,"cloc_min":0.0,"cloc_max":0.0,"ploc_min":4.0,"ploc_max":4.0,"lloc_min":0.0,"lloc_max":0.0,"blank_min":1.0,"blank_max":1.0},"nom":{"functions":0.0,"closures":0.0,"functions_average":0.0,"closures_average":0.0,"total":0.0,"average":0.0,"functions_min":0.0,"functions_max":0.0,"closures_min":0.0,"closures_max":0.0},"mi":{"mi_original":116.90006501387197,"mi_sei":93.15393180190665,"mi_visual_studio":68.36261111922337},"abc":{"assignments":0.0,"branches":0.0,"conditions":0.0,"magnitude":0.0,"assignments_average":0.0,"branches_average":0.0,"conditions_average":0.0,"assignments_min":0.0,"assignments_max":0.0,"branches_min":0.0,"branches_max":0.0,"conditions_min":0.0,"conditions_max":0.0}}}],"metrics":{"nargs":{"total_functions":0.0,"total_closures":0.0,"average_functions":0.0,"average_closures":0.0,"total":0.0,"average":0.0,"functions_min":0.0,"functions_max":0.0,"closures_min":0.0,"closures_max":0.0},"nexits":{"sum":0.0,"average":null,"min":0.0,"max":0.0},"cognitive":{"sum":0.0,"average":null,"min":0.0,"max":0.0},"cyclomatic":{"sum":3.0,"average":1.0,"min":1.0,"max":1.0},"halstead":{"n1":7.0,"N1":10.0,"n2":11.0,"N2":13.0,"length":23.0,"estimated_program_length":57.70523225941349,"purity_ratio":2.50892314171363,"vocabulary":18.0,"volume":95.90827503317318,"difficulty":4.136363636363637,"level":0.24175824175824173,"effort":396.71150127358004,"time":22.039527848532224,"bugs":0.017996799280101533},"loc":{"sloc":18.0,"ploc":12.0,"lloc":0.0,"cloc":1.0,"blank":6.0,"sloc_average":6.0,"ploc_average":4.0,"lloc_average":0.0,"cloc_average":0.3333333333333333,"blank_average":2.0,"sloc_min":7.0,"sloc_max":7.0,"cloc_min":0.0,"cloc_max":0.0,"ploc_min":6.0,"ploc_max":6.0,"lloc_min":0.0,"lloc_max":0.0,"blank_min":1.0,"blank_max":1.0},"nom":{"functions":0.0,"closures":0.0,"functions_average":0.0,"closures_average":0.0,"total":0.0,"average":0.0,"functions_min":0.0,"functions_max":0.0,"closures_min":0.0,"closures_max":0.0},"mi":{"mi_original":99.7563377372572,"mi_sei":86.37697573948459,"mi_visual_studio":58.33703961243111},"abc":{"assignments":0.0,"branches":0.0,"conditions":0.0,"magnitude":0.0,"assignments_average":0.0,"branches_average":0.0,"conditions_average":0.0,"assignments_min":0.0,"assignments_max":0.0,"branches_min":0.0,"branches_max":0.0,"conditions_min":0.0,"conditions_max":0.0}}}