{"name":"./merged/cert_codec.cpp","start_line":1,"end_line":59,"kind":"unit","spaces":[{"name":"CBORCodec<C509Certificate>::decode","start_line":6,"end_line":11,"kind":"function","spaces":[],"metrics":{"nargs":{"total_functions":2.0,"total_closures":0.0,"average_functions":2.0,"average_closures":0.0,"total":2.0,"average":2.0,"functions_min":2.0,"functions_max":2.0,"closures_min":0.0,"closures_max":0.0},"nexits":{"sum":1.0,"average":1.0,"min":1.0,"max":1.0},"cognitive":{"sum":1.0,"average":1.0,"min":1.0,"max":1.0},"cyclomatic":{"sum":4.0,"average":4.0,"min":4.0,"max":4.0},"halstead":{"n1":13.0,"N1":28.0,"n2":12.0,"N2":23.0,"length":51.0,"estimated_program_length":91.12526634448807,"purity_ratio":1.7867699283232954,"vocabulary":25.0,"volume":236.83666567851094,"difficulty":12.458333333333334,"level":0.0802675585284281,"effort":2950.590126578116,"time":163.92167369878422,"bugs":0.0685727134732353},"loc":{"sloc":6.0,"ploc":6.0,"lloc":1.0,"cloc":0.0,"blank":0.0,"sloc_average":6.0,"ploc_average":6.0,"lloc_average":1.0,"cloc_average":0.0,"blank_average":0.0,"sloc_min":6.0,"sloc_max":6.0,"cloc_min":0.0,"cloc_max":0.0,"ploc_min":6.0,"ploc_max":6.0,"lloc_min":1.0,"lloc_max":1.0,"blank_min":0.0,"blank_max":0.0},"nom":{"functions":1.0,"closures":0.0,"functions_average":1.0,"closures_average":0.0,"total":1.0,"average":1.0,"functions_min":1.0,"functions_max":1.0,"closures_min":0.0,"closures_max":0.0},"mi":{"mi_original":112.62316880670167,"mi_sei":87.18731457223421,"mi_visual_studio":65.86150222614133},"abc":{"assignments":0.0,"branches":0.0,"conditions":0.0,"magnitude":0.0,"assignments_average":0.0,"branches_average":0.0,"conditions_average":0.0,"assignments_min":0.0,"assignments_max":0.0,"branches_min":0.0,"branches_max":0.0,"conditions_min":0.0,"conditions_max":0.0}}},{"name":"CBORCodec<TBSCertificate>::decode","start_line":14,"end_line":59,"kind":"function","spaces":[],"metrics":{"nargs":{"total_functions":2.0,"total_closures":0.0,"average_functions":2.0,"average_closures":0.0,"total":2.0,"average":2.0,"functions_min":2.0,"functions_max":2.0,"closures_min":0.0,"closures_max":0.0},"nexits":{"sum":1.0,"average":1.0,"min":1.0,"max":1.0},"cognitive":{"sum":16.0,"average":16.0,"min":16.0,"max":16.0},"cyclomatic":{"sum":13.0,"average":13.0,"min":13.0,"max":13.0},"halstead":{"n1":16.0,"N1":152.0,"n2":42.0,"N2":108.0,"length":260.0,"estimated_program_length":290.47733175670794,"purity_ratio":1.117220506756569,"vocabulary":58.0,"volume":1523.0750587331686,"difficulty":20.571428571428573,"level":0.048611111111111105,"effort":31331.829779653755,"time":1740.6572099807643,"bugs":0.33128561939985735},"loc":{"sloc":46.0,"ploc":34.0,"lloc":28.0,"cloc":0.0,"blank":12.0,"sloc_average":46.0,"ploc_average":34.0,"lloc_average":28.0,"cloc_average":0.0,"blank_average":12.0,"sloc_min":46.0,"sloc_max":46.0,"cloc_min":0.0,"cloc_max":0.0,"ploc_min":34.0,"ploc_max":34.0,"lloc_min":28.0,"lloc_max":28.0,"blank_min":12.0,"blank_max":12.0},"nom":{"functions":1.0,"closures":0.0,"functions_average":1.0,"closures_average":0.0,"total":1.0,"average":1.0,"functions_min":1.0,"functions_max":1.0,"closures_min":0.0,"closures_max":0.0},"mi":{"mi_original":67.87787887406411,"mi_sei":23.549885417919285,"mi_visual_studio":39.69466600822462},"abc":{"assignments":0.0,"branches":0.0,"conditions":0.0,"magnitude":0.0,"assignments_average":0.0,"branches_average":0.0,"conditions_average":0.0,"assignments_min":0.0,"assignments_max":0.0,"branches_min":0.0,"branches_max":0.0,"conditions_min":0.0,"conditions_max":0.0}}}],"metrics":{"nargs":{"total_functions":4.0,"total_closures":0.0,"average_functions":2.0,"average_closures":0.0,"total":4.0,"average":2.0,"functions_min":0.0,"functions_max":2.0,"closures_min":0.0,"closures_max":0.0},"nexits":{"sum":2.0,"average":1.0,"min":0.0,"max":1.0},"cognitive":{"sum":17.0,"average":8.5,"min":0.0,"max":16.0},"cyclomatic":{"sum":18.0,"average":6.0,"min":1.0,"max":13.0},"halstead":{"n1":17.0,"N1":181.0,"n2":50.0,"N2":133.0,"length":314.0,"estimated_program_length":351.67967778999196,"purity_ratio":1.1199989738534775,"vocabulary":67.0,"volume":1904.7520058037405,"difficulty":22.61,"level":0.044228217602830605,"effort":43066.44285122257,"time":2392.580158401254,"bugs":0.40954794071990297},"loc":{"sloc":59.0,"ploc":42.0,"lloc":29.0,"cloc":0.0,"blank":17.0,"sloc_average":19.666666666666668,"ploc_average":14.0,"lloc_average":9.666666666666666,"cloc_average":0.0,"blank_average":5.666666666666667,"sloc_min":6.0,"sloc_max":46.0,"cloc_min":0.0,"cloc_max":0.0,"ploc_min":6.0,"ploc_max":34.0,"lloc_min":1.0,"lloc_max":28.0,"blank_min":0.0,"blank_max":12.0},"nom":{"functions":2.0,"closures":0.0,"functions_average":0.6666666666666666,"closures_average":0.0,"total":2.0,"average":0.6666666666666666,"functions_min":0.0,"functions_max":1.0,"closures_min":0.0,"closures_max":0.0},"mi":{"mi_original":61.53293649701557,"mi_sei":14.905167812847438,"mi_visual_studio":35.98417339006758},"abc":{"assignments":0.0,"branches":0.0,"conditions":0.0,"magnitude":0.0,"assignments_average":0.0,"branches_average":0.0,"conditions_average":0.0,"assignments_min":0.0,"assignments_max":0.0,"branches_min":0.0,"branches_max":0.0,"conditions_min":0.0,"conditions_max":0.0}}}