{"name":"./merged/cert.hpp","start_line":1,"end_line":38,"kind":"unit","spaces":[{"name":"C509","start_line":14,"end_line":36,"kind":"namespace","spaces":[{"name":"TBSCertificate","start_line":15,"end_line":28,"kind":"struct","spaces":[],"metrics":{"nargs":{"total_functions":0.0,"total_closures":0.0,"average_functions":0.0,"average_closures":0.0,"total":0.0,"average":0.0,"functions_min":0.0,"functions_max":0.0,"closures_min":0.0,"closures_max":0.0},"nexits":{"sum":0.0,"average":null,"min":0.0,"max":0.0},"cognitive":{"sum":0.0,"average":null,"min":0.0,"max":0.0},"cyclomatic":{"sum":1.0,"average":1.0,"min":1.0,"max":1.0},"halstead":{"n1":7.0,"N1":21.0,"n2":20.0,"N2":24.0,"length":45.0,"estimated_program_length":106.09004635215048,"purity_ratio":2.357556585603344,"vocabulary":27.0,"volume":213.96993759735608,"difficulty":4.2,"level":0.23809523809523808,"effort":898.6737379088955,"time":49.92631877271642,"bugs":0.031041791596724023},"loc":{"sloc":14.0,"ploc":13.0,"lloc":0.0,"cloc":0.0,"blank":1.0,"sloc_average":14.0,"ploc_average":13.0,"lloc_average":0.0,"cloc_average":0.0,"blank_average":1.0,"sloc_min":14.0,"sloc_max":14.0,"cloc_min":0.0,"cloc_max":0.0,"ploc_min":13.0,"ploc_max":13.0,"lloc_min":0.0,"lloc_max":0.0,"blank_min":1.0,"blank_max":1.0},"nom":{"functions":0.0,"closures":0.0,"functions_average":0.0,"closures_average":0.0,"total":0.0,"average":0.0,"functions_min":0.0,"functions_max":0.0,"closures_min":0.0,"closures_max":0.0},"mi":{"mi_original":100.11492652172151,"mi_sei":68.8362758792423,"mi_visual_studio":58.546740655977494},"abc":{"assignments":0.0,"branches":0.0,"conditions":0.0,"magnitude":0.0,"assignments_average":0.0,"branches_average":0.0,"conditions_average":0.0,"assignments_min":0.0,"assignments_max":0.0,"branches_min":0.0,"branches_max":0.0,"conditions_min":0.0,"conditions_max":0.0}}},{"name":"C509Certificate","start_line":30,"end_line":35,"kind":"struct","spaces":[],"metrics":{"nargs":{"total_functions":0.0,"total_closures":0.0,"average_functions":0.0,"average_closures":0.0,"total":0.0,"average":0.0,"functions_min":0.0,"functions_max":0.0,"closures_min":0.0,"closures_max":0.0},"nexits":{"sum":0.0,"average":null,"min":0.0,"max":0.0},"cognitive":{"sum":0.0,"average":null,"min":0.0,"max":0.0},"cyclomatic":{"sum":1.0,"average":1.0,"min":1.0,"max":1.0},"halstead":{"n1":4.0,"N1":6.0,"n2":7.0,"N2":7.0,"length":13.0,"estimated_program_length":27.651484454403228,"purity_ratio":2.127037265723325,"vocabulary":11.0,"volume":44.97261104228487,"difficulty":2.0,"level":0.5,"effort":89.94522208456974,"time":4.996956782476096,"bugs":0.0066916129184236926},"loc":{"sloc":6.0,"ploc":5.0,"lloc":0.0,"cloc":0.0,"blank":1.0,"sloc_average":6.0,"ploc_average":5.0,"lloc_average":0.0,"cloc_average":0.0,"blank_average":1.0,"sloc_min":6.0,"sloc_max":6.0,"cloc_min":0.0,"cloc_max":0.0,"ploc_min":5.0,"ploc_max":5.0,"lloc_min":0.0,"lloc_max":0.0,"blank_min":1.0,"blank_max":1.0},"nom":{"functions":0.0,"closures":0.0,"functions_average":0.0,"closures_average":0.0,"total":0.0,"average":0.0,"functions_min":0.0,"functions_max":0.0,"closures_min":0.0,"closures_max":0.0},"mi":{"mi_original":121.95201756147767,"mi_sei":100.34053882973936,"mi_visual_studio":71.31696933419747},"abc":{"assignments":0.0,"branches":0.0,"conditions":0.0,"magnitude":0.0,"assignments_average":0.0,"branches_average":0.0,"conditions_average":0.0,"assignments_min":0.0,"assignments_max":0.0,"branches_min":0.0,"branches_max":0.0,"conditions_min":0.0,"conditions_max":0.0}}}],"metrics":{"nargs":{"total_functions":0.0,"total_closures":0.0,"average_functions":0.0,"average_closures":0.0,"total":0.0,"average":0.0,"functions_min":0.0,"functions_max":0.0,"closures_min":0.0,"closures_max":0.0},"nexits":{"sum":0.0,"average":null,"min":0.0,"max":0.0},"cognitive":{"sum":0.0,"average":null,"min":0.0,"max":0.0},"cyclomatic":{"sum":3.0,"average":1.0,"min":1.0,"max":1.0},"halstead":{"n1":7.0,"N1":30.0,"n2":25.0,"N2":32.0,"length":62.0,"estimated_program_length":135.74788919877133,"purity_ratio":2.1894820838511504,"vocabulary":32.0,"volume":310.0,"difficulty":4.48,"level":0.2232142857142857,"effort":1388.8000000000002,"time":77.15555555555557,"bugs":0.04149271794365786},"loc":{"sloc":23.0,"ploc":20.0,"lloc":0.0,"cloc":0.0,"blank":3.0,"sloc_average":7.666666666666667,"ploc_average":6.666666666666667,"lloc_average":0.0,"cloc_average":0.0,"blank_average":1.0,"sloc_min":6.0,"sloc_max":14.0,"cloc_min":0.0,"cloc_max":0.0,"ploc_min":5.0,"ploc_max":13.0,"lloc_min":0.0,"lloc_max":0.0,"blank_min":1.0,"blank_max":1.0},"nom":{"functions":0.0,"closures":0.0,"functions_average":0.0,"closures_average":0.0,"total":0.0,"average":0.0,"functions_min":0.0,"functions_max":0.0,"closures_min":0.0,"closures_max":0.0},"mi":{"mi_original":89.68481775505597,"mi_sei":53.99244940445034,"mi_visual_studio":52.44726184506197},"abc":{"assignments":0.0,"branches":0.0,"conditions":0.0,"magnitude":0.0,"assignments_average":0.0,"branches_average":0.0,"conditions_average":0.0,"assignments_min":0.0,"assignments_max":0.0,"branches_min":0.0,"branches_max":0.0,"conditions_min":0.0,"conditions_max":0.0}}}],"metrics":{"nargs":{"total_functions":0.0,"total_closures":0.0,"average_functions":0.0,"average_closures":0.0,"total":0.0,"average":0.0,"functions_min":0.0,"functions_max":0.0,"closures_min":0.0,"closures_max":0.0},"nexits":{"sum":0.0,"average":null,"min":0.0,"max":0.0},"cognitive":{"sum":0.0,"average":null,"min":0.0,"max":0.0},"cyclomatic":{"sum":4.0,"average":1.0,"min":1.0,"max":1.0},"halstead":{"n1":7.0,"N1":30.0,"n2":33.0,"N2":41.0,"length":71.0,"estimated_program_length":186.1164903932322,"purity_ratio":2.6213590196229886,"vocabulary":40.0,"volume":377.85689473700273,"difficulty":4.348484848484849,"level":0.22996515679442509,"effort":1643.1049816593907,"time":91.28361009218837,"bugs":0.04641470774235606},"loc":{"sloc":38.0,"ploc":31.0,"lloc":0.0,"cloc":1.0,"blank":7.0,"sloc_average":9.5,"ploc_average":7.75,"lloc_average":0.0,"cloc_average":0.25,"blank_average":1.75,"sloc_min":23.0,"sloc_max":23.0,"cloc_min":0.0,"cloc_max":0.0,"ploc_min":20.0,"ploc_max":20.0,"lloc_min":0.0,"lloc_max":0.0,"blank_min":3.0,"blank_max":3.0},"nom":{"functions":0.0,"closures":0.0,"functions_average":0.0,"closures_average":0.0,"total":0.0,"average":0.0,"functions_min":0.0,"functions_max":0.0,"closures_min":0.0,"closures_max":0.0},"mi":{"mi_original":80.29162341178423,"mi_sei":52.976519026299314,"mi_visual_studio":46.95416573788552},"abc":{"assignments":0.0,"branches":0.0,"conditions":0.0,"magnitude":0.0,"assignments_average":0.0,"branches_average":0.0,"conditions_average":0.0,"assignments_min":0.0,"assignments_max":0.0,"branches_min":0.0,"branches_max":0.0,"conditions_min":0.0,"conditions_max":0.0}}}