{"name":"./merged/codec_internal.hpp","start_line":1,"end_line":68,"kind":"unit","spaces":[{"name":"C509","start_line":31,"end_line":66,"kind":"namespace","spaces":[{"name":"CSR","start_line":52,"end_line":57,"kind":"namespace","spaces":[],"metrics":{"nargs":{"total_functions":0.0,"total_closures":0.0,"average_functions":0.0,"average_closures":0.0,"total":0.0,"average":0.0,"functions_min":0.0,"functions_max":0.0,"closures_min":0.0,"closures_max":0.0},"nexits":{"sum":0.0,"average":null,"min":0.0,"max":0.0},"cognitive":{"sum":0.0,"average":null,"min":0.0,"max":0.0},"cyclomatic":{"sum":1.0,"average":1.0,"min":1.0,"max":1.0},"halstead":{"n1":3.0,"N1":7.0,"n2":5.0,"N2":6.0,"length":13.0,"estimated_program_length":16.36452797660028,"purity_ratio":1.2588098443538676,"vocabulary":8.0,"volume":39.0,"difficulty":1.8,"level":0.5555555555555556,"effort":70.2,"time":3.9000000000000004,"bugs":0.0056724431675896836},"loc":{"sloc":6.0,"ploc":5.0,"lloc":3.0,"cloc":0.0,"blank":1.0,"sloc_average":6.0,"ploc_average":5.0,"lloc_average":3.0,"cloc_average":0.0,"blank_average":1.0,"sloc_min":6.0,"sloc_max":6.0,"cloc_min":0.0,"cloc_max":0.0,"ploc_min":5.0,"ploc_max":5.0,"lloc_min":3.0,"lloc_max":3.0,"blank_min":1.0,"blank_max":1.0},"nom":{"functions":0.0,"closures":0.0,"functions_average":0.0,"closures_average":0.0,"total":0.0,"average":0.0,"functions_min":0.0,"functions_max":0.0,"closures_min":0.0,"closures_max":0.0},"mi":{"mi_original":122.69297603863134,"mi_sei":101.40951595023358,"mi_visual_studio":71.75027838516453},"abc":{"assignments":0.0,"branches":0.0,"conditions":0.0,"magnitude":0.0,"assignments_average":0.0,"branches_average":0.0,"conditions_average":0.0,"assignments_min":0.0,"assignments_max":0.0,"branches_min":0.0,"branches_max":0.0,"conditions_min":0.0,"conditions_max":0.0}}},{"name":"CRL","start_line":59,"end_line":65,"kind":"namespace","spaces":[],"metrics":{"nargs":{"total_functions":0.0,"total_closures":0.0,"average_functions":0.0,"average_closures":0.0,"total":0.0,"average":0.0,"functions_min":0.0,"functions_max":0.0,"closures_min":0.0,"closures_max":0.0},"nexits":{"sum":0.0,"average":null,"min":0.0,"max":0.0},"cognitive":{"sum":0.0,"average":null,"min":0.0,"max":0.0},"cyclomatic":{"sum":1.0,"average":1.0,"min":1.0,"max":1.0},"halstead":{"n1":3.0,"N1":9.0,"n2":6.0,"N2":8.0,"length":17.0,"estimated_program_length":20.264662506490403,"purity_ratio":1.1920389709700236,"vocabulary":9.0,"volume":53.8887250245193,"difficulty":2.0,"level":0.5,"effort":107.7774500490386,"time":5.987636113835478,"bugs":0.007549137715831633},"loc":{"sloc":7.0,"ploc":6.0,"lloc":4.0,"cloc":0.0,"blank":1.0,"sloc_average":7.0,"ploc_average":6.0,"lloc_average":4.0,"cloc_average":0.0,"blank_average":1.0,"sloc_min":7.0,"sloc_max":7.0,"cloc_min":0.0,"cloc_max":0.0,"ploc_min":6.0,"ploc_max":6.0,"lloc_min":4.0,"lloc_max":4.0,"blank_min":1.0,"blank_max":1.0},"nom":{"functions":0.0,"closures":0.0,"functions_average":0.0,"closures_average":0.0,"total":0.0,"average":0.0,"functions_min":0.0,"functions_max":0.0,"closures_min":0.0,"closures_max":0.0},"mi":{"mi_original":118.5142649666684,"mi_sei":95.38091020940485,"mi_visual_studio":69.30658769980609},"abc":{"assignments":0.0,"branches":0.0,"conditions":0.0,"magnitude":0.0,"assignments_average":0.0,"branches_average":0.0,"conditions_average":0.0,"assignments_min":0.0,"assignments_max":0.0,"branches_min":0.0,"branches_max":0.0,"conditions_min":0.0,"conditions_max":0.0}}}],"metrics":{"nargs":{"total_functions":0.0,"total_closures":0.0,"average_functions":0.0,"average_closures":0.0,"total":0.0,"average":0.0,"functions_min":0.0,"functions_max":0.0,"closures_min":0.0,"closures_max":0.0},"nexits":{"sum":0.0,"average":null,"min":0.0,"max":0.0},"cognitive":{"sum":0.0,"average":null,"min":0.0,"max":0.0},"cyclomatic":{"sum":3.0,"average":1.0,"min":1.0,"max":1.0},"halstead":{"n1":3.0,"N1":53.0,"n2":28.0,"N2":50.0,"length":103.0,"estimated_program_length":139.36082531977635,"purity_ratio":1.3530177215512267,"vocabulary":31.0,"volume":510.28221996984814,"difficulty":2.6785714285714284,"level":0.37333333333333335,"effort":1366.827374919236,"time":75.93485416217978,"bugs":0.0410539098337636},"loc":{"sloc":36.0,"ploc":31.0,"lloc":25.0,"cloc":0.0,"blank":5.0,"sloc_average":12.0,"ploc_average":10.333333333333334,"lloc_average":8.333333333333334,"cloc_average":0.0,"blank_average":1.6666666666666667,"sloc_min":6.0,"sloc_max":7.0,"cloc_min":0.0,"cloc_max":0.0,"ploc_min":5.0,"ploc_max":6.0,"lloc_min":3.0,"lloc_max":4.0,"blank_min":1.0,"blank_max":1.0},"nom":{"functions":0.0,"closures":0.0,"functions_average":0.0,"closures_average":0.0,"total":0.0,"average":0.0,"functions_min":0.0,"functions_max":0.0,"closures_min":0.0,"closures_max":0.0},"mi":{"mi_original":79.83518068220933,"mi_sei":39.782426844898396,"mi_visual_studio":46.687240165034694},"abc":{"assignments":0.0,"branches":0.0,"conditions":0.0,"magnitude":0.0,"assignments_average":0.0,"branches_average":0.0,"conditions_average":0.0,"assignments_min":0.0,"assignments_max":0.0,"branches_min":0.0,"branches_max":0.0,"conditions_min":0.0,"conditions_max":0.0}}}],"metrics":{"nargs":{"total_functions":0.0,"total_closures":0.0,"average_functions":0.0,"average_closures":0.0,"total":0.0,"average":0.0,"functions_min":0.0,"functions_max":0.0,"closures_min":0.0,"closures_max":0.0},"nexits":{"sum":0.0,"average":null,"min":0.0,"max":0.0},"cognitive":{"sum":0.0,"average":null,"min":0.0,"max":0.0},"cyclomatic":{"sum":4.0,"average":1.0,"min":1.0,"max":1.0},"halstead":{"n1":4.0,"N1":60.0,"n2":39.0,"N2":67.0,"length":127.0,"estimated_program_length":214.1306865356277,"purity_ratio":1.6860683979183282,"vocabulary":43.0,"volume":689.1356238471665,"difficulty":3.4358974358974357,"level":0.291044776119403,"effort":2367.799322962059,"time":131.5444068312255,"bugs":0.05921640071895655},"loc":{"sloc":68.0,"ploc":54.0,"lloc":25.0,"cloc":2.0,"blank":14.0,"sloc_average":17.0,"ploc_average":13.5,"lloc_average":6.25,"cloc_average":0.5,"blank_average":3.5,"sloc_min":36.0,"sloc_max":36.0,"cloc_min":0.0,"cloc_max":0.0,"ploc_min":31.0,"ploc_max":31.0,"lloc_min":25.0,"lloc_max":25.0,"blank_min":5.0,"blank_max":5.0},"nom":{"functions":0.0,"closures":0.0,"functions_average":0.0,"closures_average":0.0,"total":0.0,"average":0.0,"functions_min":0.0,"functions_max":0.0,"closures_min":0.0,"closures_max":0.0},"mi":{"mi_original":67.73969709139898,"mi_sei":35.562641481893024,"mi_visual_studio":39.61385794818654},"abc":{"assignments":0.0,"branches":0.0,"conditions":0.0,"magnitude":0.0,"assignments_average":0.0,"branches_average":0.0,"conditions_average":0.0,"assignments_min":0.0,"assignments_max":0.0,"branches_min":0.0,"branches_max":0.0,"conditions_min":0.0,"conditions_max":0.0}}}