{"name":"./merged/codec.hpp","start_line":1,"end_line":36,"kind":"unit","spaces":[{"name":"C509","start_line":10,"end_line":34,"kind":"namespace","spaces":[{"name":"CSR","start_line":23,"end_line":27,"kind":"namespace","spaces":[],"metrics":{"nargs":{"total_functions":0.0,"total_closures":0.0,"average_functions":0.0,"average_closures":0.0,"total":0.0,"average":0.0,"functions_min":0.0,"functions_max":0.0,"closures_min":0.0,"closures_max":0.0},"nexits":{"sum":0.0,"average":null,"min":0.0,"max":0.0},"cognitive":{"sum":0.0,"average":null,"min":0.0,"max":0.0},"cyclomatic":{"sum":1.0,"average":1.0,"min":1.0,"max":1.0},"halstead":{"n1":3.0,"N1":5.0,"n2":4.0,"N2":5.0,"length":10.0,"estimated_program_length":12.754887502163468,"purity_ratio":1.2754887502163468,"vocabulary":7.0,"volume":28.07354922057604,"difficulty":1.875,"level":0.5333333333333333,"effort":52.63790478858007,"time":2.924328043810004,"bugs":0.004681781502311053},"loc":{"sloc":5.0,"ploc":4.0,"lloc":2.0,"cloc":0.0,"blank":1.0,"sloc_average":5.0,"ploc_average":4.0,"lloc_average":2.0,"cloc_average":0.0,"blank_average":1.0,"sloc_min":5.0,"sloc_max":5.0,"cloc_min":0.0,"cloc_max":0.0,"ploc_min":4.0,"ploc_max":4.0,"lloc_min":2.0,"lloc_max":2.0,"blank_min":1.0,"blank_max":1.0},"nom":{"functions":0.0,"closures":0.0,"functions_average":0.0,"closures_average":0.0,"total":0.0,"average":0.0,"functions_min":0.0,"functions_max":0.0,"closures_min":0.0,"closures_max":0.0},"mi":{"mi_original":127.35600113296687,"mi_sei":108.13683912937222,"mi_visual_studio":74.47719364500986},"abc":{"assignments":0.0,"branches":0.0,"conditions":0.0,"magnitude":0.0,"assignments_average":0.0,"branches_average":0.0,"conditions_average":0.0,"assignments_min":0.0,"assignments_max":0.0,"branches_min":0.0,"branches_max":0.0,"conditions_min":0.0,"conditions_max":0.0}}},{"name":"CRL","start_line":29,"end_line":33,"kind":"namespace","spaces":[],"metrics":{"nargs":{"total_functions":0.0,"total_closures":0.0,"average_functions":0.0,"average_closures":0.0,"total":0.0,"average":0.0,"functions_min":0.0,"functions_max":0.0,"closures_min":0.0,"closures_max":0.0},"nexits":{"sum":0.0,"average":null,"min":0.0,"max":0.0},"cognitive":{"sum":0.0,"average":null,"min":0.0,"max":0.0},"cyclomatic":{"sum":1.0,"average":1.0,"min":1.0,"max":1.0},"halstead":{"n1":3.0,"N1":5.0,"n2":4.0,"N2":5.0,"length":10.0,"estimated_program_length":12.754887502163468,"purity_ratio":1.2754887502163468,"vocabulary":7.0,"volume":28.07354922057604,"difficulty":1.875,"level":0.5333333333333333,"effort":52.63790478858007,"time":2.924328043810004,"bugs":0.004681781502311053},"loc":{"sloc":5.0,"ploc":4.0,"lloc":2.0,"cloc":0.0,"blank":1.0,"sloc_average":5.0,"ploc_average":4.0,"lloc_average":2.0,"cloc_average":0.0,"blank_average":1.0,"sloc_min":5.0,"sloc_max":5.0,"cloc_min":0.0,"cloc_max":0.0,"ploc_min":4.0,"ploc_max":4.0,"lloc_min":2.0,"lloc_max":2.0,"blank_min":1.0,"blank_max":1.0},"nom":{"functions":0.0,"closures":0.0,"functions_average":0.0,"closures_average":0.0,"total":0.0,"average":0.0,"functions_min":0.0,"functions_max":0.0,"closures_min":0.0,"closures_max":0.0},"mi":{"mi_original":127.35600113296687,"mi_sei":108.13683912937222,"mi_visual_studio":74.47719364500986},"abc":{"assignments":0.0,"branches":0.0,"conditions":0.0,"magnitude":0.0,"assignments_average":0.0,"branches_average":0.0,"conditions_average":0.0,"assignments_min":0.0,"assignments_max":0.0,"branches_min":0.0,"branches_max":0.0,"conditions_min":0.0,"conditions_max":0.0}}}],"metrics":{"nargs":{"total_functions":0.0,"total_closures":0.0,"average_functions":0.0,"average_closures":0.0,"total":0.0,"average":0.0,"functions_min":0.0,"functions_max":0.0,"closures_min":0.0,"closures_max":0.0},"nexits":{"sum":0.0,"average":null,"min":0.0,"max":0.0},"cognitive":{"sum":0.0,"average":null,"min":0.0,"max":0.0},"cyclomatic":{"sum":3.0,"average":1.0,"min":1.0,"max":1.0},"halstead":{"n1":3.0,"N1":23.0,"n2":14.0,"N2":23.0,"length":46.0,"estimated_program_length":58.057856410969926,"purity_ratio":1.2621273132819548,"vocabulary":17.0,"volume":188.0232906975156,"difficulty":2.4642857142857144,"level":0.40579710144927533,"effort":463.3431092188777,"time":25.741283845493207,"bugs":0.019959387862007755},"loc":{"sloc":25.0,"ploc":16.0,"lloc":10.0,"cloc":0.0,"blank":9.0,"sloc_average":8.333333333333334,"ploc_average":5.333333333333333,"lloc_average":3.3333333333333335,"cloc_average":0.0,"blank_average":3.0,"sloc_min":5.0,"sloc_max":5.0,"cloc_min":0.0,"cloc_max":0.0,"ploc_min":4.0,"ploc_max":4.0,"lloc_min":2.0,"lloc_max":2.0,"blank_min":1.0,"blank_max":1.0},"nom":{"functions":0.0,"closures":0.0,"functions_average":0.0,"closures_average":0.0,"total":0.0,"average":0.0,"functions_min":0.0,"functions_max":0.0,"closures_min":0.0,"closures_max":0.0},"mi":{"mi_original":90.93406925953836,"mi_sei":55.79473835479014,"mi_visual_studio":53.17781828043179},"abc":{"assignments":0.0,"branches":0.0,"conditions":0.0,"magnitude":0.0,"assignments_average":0.0,"branches_average":0.0,"conditions_average":0.0,"assignments_min":0.0,"assignments_max":0.0,"branches_min":0.0,"branches_max":0.0,"conditions_min":0.0,"conditions_max":0.0}}}],"metrics":{"nargs":{"total_functions":0.0,"total_closures":0.0,"average_functions":0.0,"average_closures":0.0,"total":0.0,"average":0.0,"functions_min":0.0,"functions_max":0.0,"closures_min":0.0,"closures_max":0.0},"nexits":{"sum":0.0,"average":null,"min":0.0,"max":0.0},"cognitive":{"sum":0.0,"average":null,"min":0.0,"max":0.0},"cyclomatic":{"sum":4.0,"average":1.0,"min":1.0,"max":1.0},"halstead":{"n1":3.0,"N1":24.0,"n2":17.0,"N2":28.0,"length":52.0,"estimated_program_length":74.24175580341924,"purity_ratio":1.4277260731426777,"vocabulary":20.0,"volume":224.74026093414287,"difficulty":2.4705882352941178,"level":0.40476190476190477,"effort":555.2406446608236,"time":30.846702481156868,"bugs":0.02251816057915703},"loc":{"sloc":36.0,"ploc":23.0,"lloc":10.0,"cloc":1.0,"blank":13.0,"sloc_average":9.0,"ploc_average":5.75,"lloc_average":2.5,"cloc_average":0.25,"blank_average":3.25,"sloc_min":25.0,"sloc_max":25.0,"cloc_min":0.0,"cloc_max":0.0,"ploc_min":16.0,"ploc_max":16.0,"lloc_min":10.0,"lloc_max":10.0,"blank_min":9.0,"blank_max":9.0},"nom":{"functions":0.0,"closures":0.0,"functions_average":0.0,"closures_average":0.0,"total":0.0,"average":0.0,"functions_min":0.0,"functions_max":0.0,"closures_min":0.0,"closures_max":0.0},"mi":{"mi_original":83.86927743146522,"mi_sei":58.47119612647377,"mi_visual_studio":49.04636107103229},"abc":{"assignments":0.0,"branches":0.0,"conditions":0.0,"magnitude":0.0,"assignments_average":0.0,"branches_average":0.0,"conditions_average":0.0,"assignments_min":0.0,"assignments_max":0.0,"branches_min":0.0,"branches_max":0.0,"conditions_min":0.0,"conditions_max":0.0}}}