{"name":"./merged/codec_errors.hpp","start_line":1,"end_line":235,"kind":"unit","spaces":[],"metrics":{"nargs":{"total_functions":0.0,"total_closures":0.0,"average_functions":0.0,"average_closures":0.0,"total":0.0,"average":0.0,"functions_min":0.0,"functions_max":0.0,"closures_min":0.0,"closures_max":0.0},"nexits":{"sum":0.0,"average":null,"min":0.0,"max":0.0},"cognitive":{"sum":0.0,"average":null,"min":0.0,"max":0.0},"cyclomatic":{"sum":1.0,"average":1.0,"min":1.0,"max":1.0},"halstead":{"n1":0.0,"N1":0.0,"n2":176.0,"N2":177.0,"length":177.0,"estimated_program_length":null,"purity_ratio":null,"vocabulary":176.0,"volume":1320.3193964988016,"difficulty":0.0,"level":null,"effort":0.0,"time":0.0,"bugs":0.0},"loc":{"sloc":235.0,"ploc":178.0,"lloc":0.0,"cloc":15.0,"blank":43.0,"sloc_average":235.0,"ploc_average":178.0,"lloc_average":0.0,"cloc_average":15.0,"blank_average":43.0,"sloc_min":235.0,"sloc_max":235.0,"cloc_min":15.0,"cloc_max":15.0,"ploc_min":178.0,"ploc_max":178.0,"lloc_min":0.0,"lloc_max":0.0,"blank_min":43.0,"blank_max":43.0},"nom":{"functions":0.0,"closures":0.0,"functions_average":0.0,"closures_average":0.0,"total":0.0,"average":0.0,"functions_min":0.0,"functions_max":0.0,"closures_min":0.0,"closures_max":0.0},"mi":{"mi_original":44.9594441134152,"mi_sei":8.337734796537372,"mi_visual_studio":26.292072580944563},"abc":{"assignments":0.0,"branches":0.0,"conditions":0.0,"magnitude":0.0,"assignments_average":0.0,"branches_average":0.0,"conditions_average":0.0,"assignments_min":0.0,"assignments_max":0.0,"branches_min":0.0,"branches_max":0.0,"conditions_min":0.0,"conditions_max":0.0}}}