{"name":"./merged/cose_c509_codec.cpp","start_line":1,"end_line":28,"kind":"unit","spaces":[{"name":"CBORCodec<COSE_C509>::decode","start_line":6,"end_line":28,"kind":"function","spaces":[],"metrics":{"nargs":{"total_functions":2.0,"total_closures":0.0,"average_functions":2.0,"average_closures":0.0,"total":2.0,"average":2.0,"functions_min":2.0,"functions_max":2.0,"closures_min":0.0,"closures_max":0.0},"nexits":{"sum":2.0,"average":2.0,"min":2.0,"max":2.0},"cognitive":{"sum":4.0,"average":4.0,"min":4.0,"max":4.0},"cyclomatic":{"sum":5.0,"average":5.0,"min":5.0,"max":5.0},"halstead":{"n1":17.0,"N1":71.0,"n2":24.0,"N2":48.0,"length":119.0,"estimated_program_length":179.5259683185635,"purity_ratio":1.508621582508937,"vocabulary":41.0,"volume":637.548688549552,"difficulty":17.0,"level":0.058823529411764705,"effort":10838.327705342384,"time":602.1293169634658,"bugs":0.16325015314281124},"loc":{"sloc":23.0,"ploc":17.0,"lloc":11.0,"cloc":0.0,"blank":6.0,"sloc_average":23.0,"ploc_average":17.0,"lloc_average":11.0,"cloc_average":0.0,"blank_average":6.0,"sloc_min":23.0,"sloc_max":23.0,"cloc_min":0.0,"cloc_max":0.0,"ploc_min":17.0,"ploc_max":17.0,"lloc_min":11.0,"lloc_max":11.0,"blank_min":6.0,"blank_max":6.0},"nom":{"functions":1.0,"closures":0.0,"functions_average":1.0,"closures_average":0.0,"total":1.0,"average":1.0,"functions_min":1.0,"functions_max":1.0,"closures_min":0.0,"closures_max":0.0},"mi":{"mi_original":85.47531433072749,"mi_sei":48.123059408375426,"mi_visual_studio":49.98556393609795},"abc":{"assignments":0.0,"branches":0.0,"conditions":0.0,"magnitude":0.0,"assignments_average":0.0,"branches_average":0.0,"conditions_average":0.0,"assignments_min":0.0,"assignments_max":0.0,"branches_min":0.0,"branches_max":0.0,"conditions_min":0.0,"conditions_max":0.0}}}],"metrics":{"nargs":{"total_functions":2.0,"total_closures":0.0,"average_functions":2.0,"average_closures":0.0,"total":2.0,"average":2.0,"functions_min":0.0,"functions_max":2.0,"closures_min":0.0,"closures_max":0.0},"nexits":{"sum":2.0,"average":2.0,"min":0.0,"max":2.0},"cognitive":{"sum":4.0,"average":4.0,"min":0.0,"max":4.0},"cyclomatic":{"sum":6.0,"average":3.0,"min":1.0,"max":5.0},"halstead":{"n1":17.0,"N1":72.0,"n2":26.0,"N2":50.0,"length":122.0,"estimated_program_length":191.69830097292416,"purity_ratio":1.5712975489583947,"vocabulary":43.0,"volume":662.0043000736559,"difficulty":16.346153846153847,"level":0.06117647058823529,"effort":10821.224135819377,"time":601.179118656632,"bugs":0.1630783618663272},"loc":{"sloc":28.0,"ploc":19.0,"lloc":11.0,"cloc":0.0,"blank":9.0,"sloc_average":14.0,"ploc_average":9.5,"lloc_average":5.5,"cloc_average":0.0,"blank_average":4.5,"sloc_min":23.0,"sloc_max":23.0,"cloc_min":0.0,"cloc_max":0.0,"ploc_min":17.0,"ploc_max":17.0,"lloc_min":11.0,"lloc_max":11.0,"blank_min":6.0,"blank_max":6.0},"nom":{"functions":1.0,"closures":0.0,"functions_average":0.5,"closures_average":0.0,"total":1.0,"average":0.5,"functions_min":0.0,"functions_max":1.0,"closures_min":0.0,"closures_max":0.0},"mi":{"mi_original":81.86287226738536,"mi_sei":43.01322701749753,"mi_visual_studio":47.87302471776921},"abc":{"assignments":0.0,"branches":0.0,"conditions":0.0,"magnitude":0.0,"assignments_average":0.0,"branches_average":0.0,"conditions_average":0.0,"assignments_min":0.0,"assignments_max":0.0,"branches_min":0.0,"branches_max":0.0,"conditions_min":0.0,"conditions_max":0.0}}}