{"name":"./merged/crl.hpp","start_line":1,"end_line":44,"kind":"unit","spaces":[{"name":"C509::CRL","start_line":15,"end_line":42,"kind":"namespace","spaces":[{"name":"RevokedCertificate","start_line":16,"end_line":22,"kind":"struct","spaces":[],"metrics":{"nargs":{"total_functions":0.0,"total_closures":0.0,"average_functions":0.0,"average_closures":0.0,"total":0.0,"average":0.0,"functions_min":0.0,"functions_max":0.0,"closures_min":0.0,"closures_max":0.0},"nexits":{"sum":0.0,"average":null,"min":0.0,"max":0.0},"cognitive":{"sum":0.0,"average":null,"min":0.0,"max":0.0},"cyclomatic":{"sum":1.0,"average":1.0,"min":1.0,"max":1.0},"halstead":{"n1":6.0,"N1":9.0,"n2":8.0,"N2":8.0,"length":17.0,"estimated_program_length":39.50977500432694,"purity_ratio":2.324104412019232,"vocabulary":14.0,"volume":64.72503367497927,"difficulty":3.0,"level":0.3333333333333333,"effort":194.17510102493782,"time":10.787505612496545,"bugs":0.011177408031105018},"loc":{"sloc":7.0,"ploc":6.0,"lloc":0.0,"cloc":0.0,"blank":1.0,"sloc_average":7.0,"ploc_average":6.0,"lloc_average":0.0,"cloc_average":0.0,"blank_average":1.0,"sloc_min":7.0,"sloc_max":7.0,"cloc_min":0.0,"cloc_max":0.0,"ploc_min":6.0,"ploc_max":6.0,"lloc_min":0.0,"lloc_max":0.0,"blank_min":1.0,"blank_max":1.0},"nom":{"functions":0.0,"closures":0.0,"functions_average":0.0,"closures_average":0.0,"total":0.0,"average":0.0,"functions_min":0.0,"functions_max":0.0,"closures_min":0.0,"closures_max":0.0},"mi":{"mi_original":117.56148574654466,"mi_sei":94.00634035347025,"mi_visual_studio":68.74940686932436},"abc":{"assignments":0.0,"branches":0.0,"conditions":0.0,"magnitude":0.0,"assignments_average":0.0,"branches_average":0.0,"conditions_average":0.0,"assignments_min":0.0,"assignments_max":0.0,"branches_min":0.0,"branches_max":0.0,"conditions_min":0.0,"conditions_max":0.0}}},{"name":"TBSCertificateRevocationList","start_line":24,"end_line":34,"kind":"struct","spaces":[],"metrics":{"nargs":{"total_functions":0.0,"total_closures":0.0,"average_functions":0.0,"average_closures":0.0,"total":0.0,"average":0.0,"functions_min":0.0,"functions_max":0.0,"closures_min":0.0,"closures_max":0.0},"nexits":{"sum":0.0,"average":null,"min":0.0,"max":0.0},"cognitive":{"sum":0.0,"average":null,"min":0.0,"max":0.0},"cyclomatic":{"sum":1.0,"average":1.0,"min":1.0,"max":1.0},"halstead":{"n1":8.0,"N1":18.0,"n2":17.0,"N2":18.0,"length":36.0,"estimated_program_length":93.48686830125577,"purity_ratio":2.5968574528126602,"vocabulary":25.0,"volume":167.17882283189007,"difficulty":4.235294117647059,"level":0.2361111111111111,"effort":708.0514849350639,"time":39.336193607503546,"bugs":0.026480243268981227},"loc":{"sloc":11.0,"ploc":10.0,"lloc":0.0,"cloc":0.0,"blank":1.0,"sloc_average":11.0,"ploc_average":10.0,"lloc_average":0.0,"cloc_average":0.0,"blank_average":1.0,"sloc_min":11.0,"sloc_max":11.0,"cloc_min":0.0,"cloc_max":0.0,"ploc_min":10.0,"ploc_max":10.0,"lloc_min":0.0,"lloc_max":0.0,"blank_min":1.0,"blank_max":1.0},"nom":{"functions":0.0,"closures":0.0,"functions_average":0.0,"closures_average":0.0,"total":0.0,"average":0.0,"functions_min":0.0,"functions_max":0.0,"closures_min":0.0,"closures_max":0.0},"mi":{"mi_original":105.30496359905729,"mi_sei":76.32391663274448,"mi_visual_studio":61.581850057928236},"abc":{"assignments":0.0,"branches":0.0,"conditions":0.0,"magnitude":0.0,"assignments_average":0.0,"branches_average":0.0,"conditions_average":0.0,"assignments_min":0.0,"assignments_max":0.0,"branches_min":0.0,"branches_max":0.0,"conditions_min":0.0,"conditions_max":0.0}}},{"name":"C509CertificateRevocationList","start_line":36,"end_line":41,"kind":"struct","spaces":[],"metrics":{"nargs":{"total_functions":0.0,"total_closures":0.0,"average_functions":0.0,"average_closures":0.0,"total":0.0,"average":0.0,"functions_min":0.0,"functions_max":0.0,"closures_min":0.0,"closures_max":0.0},"nexits":{"sum":0.0,"average":null,"min":0.0,"max":0.0},"cognitive":{"sum":0.0,"average":null,"min":0.0,"max":0.0},"cyclomatic":{"sum":1.0,"average":1.0,"min":1.0,"max":1.0},"halstead":{"n1":4.0,"N1":6.0,"n2":7.0,"N2":7.0,"length":13.0,"estimated_program_length":27.651484454403228,"purity_ratio":2.127037265723325,"vocabulary":11.0,"volume":44.97261104228487,"difficulty":2.0,"level":0.5,"effort":89.94522208456974,"time":4.996956782476096,"bugs":0.0066916129184236926},"loc":{"sloc":6.0,"ploc":5.0,"lloc":0.0,"cloc":0.0,"blank":1.0,"sloc_average":6.0,"ploc_average":5.0,"lloc_average":0.0,"cloc_average":0.0,"blank_average":1.0,"sloc_min":6.0,"sloc_max":6.0,"cloc_min":0.0,"cloc_max":0.0,"ploc_min":5.0,"ploc_max":5.0,"lloc_min":0.0,"lloc_max":0.0,"blank_min":1.0,"blank_max":1.0},"nom":{"functions":0.0,"closures":0.0,"functions_average":0.0,"closures_average":0.0,"total":0.0,"average":0.0,"functions_min":0.0,"functions_max":0.0,"closures_min":0.0,"closures_max":0.0},"mi":{"mi_original":121.95201756147767,"mi_sei":100.34053882973936,"mi_visual_studio":71.31696933419747},"abc":{"assignments":0.0,"branches":0.0,"conditions":0.0,"magnitude":0.0,"assignments_average":0.0,"branches_average":0.0,"conditions_average":0.0,"assignments_min":0.0,"assignments_max":0.0,"branches_min":0.0,"branches_max":0.0,"conditions_min":0.0,"conditions_max":0.0}}}],"metrics":{"nargs":{"total_functions":0.0,"total_closures":0.0,"average_functions":0.0,"average_closures":0.0,"total":0.0,"average":0.0,"functions_min":0.0,"functions_max":0.0,"closures_min":0.0,"closures_max":0.0},"nexits":{"sum":0.0,"average":null,"min":0.0,"max":0.0},"cognitive":{"sum":0.0,"average":null,"min":0.0,"max":0.0},"cyclomatic":{"sum":4.0,"average":1.0,"min":1.0,"max":1.0},"halstead":{"n1":9.0,"N1":38.0,"n2":25.0,"N2":33.0,"length":71.0,"estimated_program_length":144.62572975734892,"purity_ratio":2.0369821092584357,"vocabulary":34.0,"volume":361.20986172877406,"difficulty":5.94,"level":0.16835016835016833,"effort":2145.5865786689183,"time":119.19925437049545,"bugs":0.055451007481313014},"loc":{"sloc":28.0,"ploc":23.0,"lloc":0.0,"cloc":0.0,"blank":5.0,"sloc_average":7.0,"ploc_average":5.75,"lloc_average":0.0,"cloc_average":0.0,"blank_average":1.25,"sloc_min":6.0,"sloc_max":11.0,"cloc_min":0.0,"cloc_max":0.0,"ploc_min":5.0,"ploc_max":10.0,"lloc_min":0.0,"lloc_max":0.0,"blank_min":1.0,"blank_max":1.0},"nom":{"functions":0.0,"closures":0.0,"functions_average":0.0,"closures_average":0.0,"total":0.0,"average":0.0,"functions_min":0.0,"functions_max":0.0,"closures_min":0.0,"closures_max":0.0},"mi":{"mi_original":85.47309949113018,"mi_sei":48.01804421086757,"mi_visual_studio":49.984268708263265},"abc":{"assignments":0.0,"branches":0.0,"conditions":0.0,"magnitude":0.0,"assignments_average":0.0,"branches_average":0.0,"conditions_average":0.0,"assignments_min":0.0,"assignments_max":0.0,"branches_min":0.0,"branches_max":0.0,"conditions_min":0.0,"conditions_max":0.0}}}],"metrics":{"nargs":{"total_functions":0.0,"total_closures":0.0,"average_functions":0.0,"average_closures":0.0,"total":0.0,"average":0.0,"functions_min":0.0,"functions_max":0.0,"closures_min":0.0,"closures_max":0.0},"nexits":{"sum":0.0,"average":null,"min":0.0,"max":0.0},"cognitive":{"sum":0.0,"average":null,"min":0.0,"max":0.0},"cyclomatic":{"sum":5.0,"average":1.0,"min":1.0,"max":1.0},"halstead":{"n1":9.0,"N1":38.0,"n2":33.0,"N2":43.0,"length":81.0,"estimated_program_length":194.9943309518098,"purity_ratio":2.4073374191581456,"vocabulary":42.0,"volume":436.7777112450796,"difficulty":5.863636363636363,"level":0.17054263565891473,"effort":2561.1056704825123,"time":142.28364836013958,"bugs":0.06239700490090034},"loc":{"sloc":44.0,"ploc":34.0,"lloc":0.0,"cloc":1.0,"blank":10.0,"sloc_average":8.8,"ploc_average":6.8,"lloc_average":0.0,"cloc_average":0.2,"blank_average":2.0,"sloc_min":28.0,"sloc_max":28.0,"cloc_min":0.0,"cloc_max":0.0,"ploc_min":23.0,"ploc_max":23.0,"lloc_min":0.0,"lloc_max":0.0,"blank_min":5.0,"blank_max":5.0},"nom":{"functions":0.0,"closures":0.0,"functions_average":0.0,"closures_average":0.0,"total":0.0,"average":0.0,"functions_min":0.0,"functions_max":0.0,"closures_min":0.0,"closures_max":0.0},"mi":{"mi_original":76.93312107257512,"mi_sei":47.37089392069536,"mi_visual_studio":44.990129282207675},"abc":{"assignments":0.0,"branches":0.0,"conditions":0.0,"magnitude":0.0,"assignments_average":0.0,"branches_average":0.0,"conditions_average":0.0,"assignments_min":0.0,"assignments_max":0.0,"branches_min":0.0,"branches_max":0.0,"conditions_min":0.0,"conditions_max":0.0}}}