{"name":"./merged/crl_codec.cpp","start_line":1,"end_line":68,"kind":"unit","spaces":[{"name":"CRL::CBORCodec<RevokedCertificate>::decode","start_line":8,"end_line":19,"kind":"function","spaces":[],"metrics":{"nargs":{"total_functions":2.0,"total_closures":0.0,"average_functions":2.0,"average_closures":0.0,"total":2.0,"average":2.0,"functions_min":2.0,"functions_max":2.0,"closures_min":0.0,"closures_max":0.0},"nexits":{"sum":1.0,"average":1.0,"min":1.0,"max":1.0},"cognitive":{"sum":2.0,"average":2.0,"min":2.0,"max":2.0},"cyclomatic":{"sum":3.0,"average":3.0,"min":3.0,"max":3.0},"halstead":{"n1":14.0,"N1":36.0,"n2":15.0,"N2":24.0,"length":60.0,"estimated_program_length":111.90632784293425,"purity_ratio":1.8651054640489042,"vocabulary":29.0,"volume":291.4788597076543,"difficulty":11.2,"level":0.08928571428571429,"effort":3264.563228725728,"time":181.364623818096,"bugs":0.07335484464055449},"loc":{"sloc":12.0,"ploc":7.0,"lloc":5.0,"cloc":2.0,"blank":3.0,"sloc_average":12.0,"ploc_average":7.0,"lloc_average":5.0,"cloc_average":2.0,"blank_average":3.0,"sloc_min":12.0,"sloc_max":12.0,"cloc_min":2.0,"cloc_max":2.0,"ploc_min":7.0,"ploc_max":7.0,"lloc_min":5.0,"lloc_max":5.0,"blank_min":3.0,"blank_max":3.0},"nom":{"functions":1.0,"closures":0.0,"functions_average":1.0,"closures_average":0.0,"total":1.0,"average":1.0,"functions_min":1.0,"functions_max":1.0,"closures_min":0.0,"closures_max":0.0},"mi":{"mi_original":100.54468137370628,"mi_sei":99.2162766525723,"mi_visual_studio":58.79805928286917},"abc":{"assignments":0.0,"branches":0.0,"conditions":0.0,"magnitude":0.0,"assignments_average":0.0,"branches_average":0.0,"conditions_average":0.0,"assignments_min":0.0,"assignments_max":0.0,"branches_min":0.0,"branches_max":0.0,"conditions_min":0.0,"conditions_max":0.0}}},{"name":"CRL::CBORCodec<TBSCertificateRevocationList>::decode","start_line":23,"end_line":59,"kind":"function","spaces":[],"metrics":{"nargs":{"total_functions":2.0,"total_closures":0.0,"average_functions":2.0,"average_closures":0.0,"total":2.0,"average":2.0,"functions_min":2.0,"functions_max":2.0,"closures_min":0.0,"closures_max":0.0},"nexits":{"sum":1.0,"average":1.0,"min":1.0,"max":1.0},"cognitive":{"sum":9.0,"average":9.0,"min":9.0,"max":9.0},"cyclomatic":{"sum":10.0,"average":10.0,"min":10.0,"max":10.0},"halstead":{"n1":16.0,"N1":127.0,"n2":41.0,"N2":85.0,"length":212.0,"estimated_program_length":283.65963218934144,"purity_ratio":1.3380171329685917,"vocabulary":57.0,"volume":1236.5726830029253,"difficulty":16.585365853658537,"level":0.060294117647058824,"effort":20509.01035224364,"time":1139.3894640135356,"bugs":0.24975175469044597},"loc":{"sloc":37.0,"ploc":26.0,"lloc":22.0,"cloc":0.0,"blank":11.0,"sloc_average":37.0,"ploc_average":26.0,"lloc_average":22.0,"cloc_average":0.0,"blank_average":11.0,"sloc_min":37.0,"sloc_max":37.0,"cloc_min":0.0,"cloc_max":0.0,"ploc_min":26.0,"ploc_max":26.0,"lloc_min":22.0,"lloc_max":22.0,"blank_min":11.0,"blank_max":11.0},"nom":{"functions":1.0,"closures":0.0,"functions_average":1.0,"closures_average":0.0,"total":1.0,"average":1.0,"functions_min":1.0,"functions_max":1.0,"closures_min":0.0,"closures_max":0.0},"mi":{"mi_original":73.17861570950055,"mi_sei":30.89177258524755,"mi_visual_studio":42.794512110819035},"abc":{"assignments":0.0,"branches":0.0,"conditions":0.0,"magnitude":0.0,"assignments_average":0.0,"branches_average":0.0,"conditions_average":0.0,"assignments_min":0.0,"assignments_max":0.0,"branches_min":0.0,"branches_max":0.0,"conditions_min":0.0,"conditions_max":0.0}}},{"name":"CRL::CBORCodec< C509CertificateRevocationList>::decode","start_line":62,"end_line":68,"kind":"function","spaces":[],"metrics":{"nargs":{"total_functions":2.0,"total_closures":0.0,"average_functions":2.0,"average_closures":0.0,"total":2.0,"average":2.0,"functions_min":2.0,"functions_max":2.0,"closures_min":0.0,"closures_max":0.0},"nexits":{"sum":1.0,"average":1.0,"min":1.0,"max":1.0},"cognitive":{"sum":1.0,"average":1.0,"min":1.0,"max":1.0},"cyclomatic":{"sum":4.0,"average":4.0,"min":4.0,"max":4.0},"halstead":{"n1":13.0,"N1":30.0,"n2":12.0,"N2":23.0,"length":53.0,"estimated_program_length":91.12526634448807,"purity_ratio":1.719344648009209,"vocabulary":25.0,"volume":246.1243780580604,"difficulty":12.458333333333334,"level":0.0802675585284281,"effort":3066.299543306669,"time":170.3499746281483,"bugs":0.07035394649809779},"loc":{"sloc":7.0,"ploc":7.0,"lloc":1.0,"cloc":0.0,"blank":0.0,"sloc_average":7.0,"ploc_average":7.0,"lloc_average":1.0,"cloc_average":0.0,"blank_average":0.0,"sloc_min":7.0,"sloc_max":7.0,"cloc_min":0.0,"cloc_max":0.0,"ploc_min":7.0,"ploc_max":7.0,"lloc_min":1.0,"lloc_max":1.0,"blank_min":0.0,"blank_max":0.0},"nom":{"functions":1.0,"closures":0.0,"functions_average":1.0,"closures_average":0.0,"total":1.0,"average":1.0,"functions_min":1.0,"functions_max":1.0,"closures_min":0.0,"closures_max":0.0},"mi":{"mi_original":109.92590313319556,"mi_sei":83.2959827611069,"mi_visual_studio":64.28415387906173},"abc":{"assignments":0.0,"branches":0.0,"conditions":0.0,"magnitude":0.0,"assignments_average":0.0,"branches_average":0.0,"conditions_average":0.0,"assignments_min":0.0,"assignments_max":0.0,"branches_min":0.0,"branches_max":0.0,"conditions_min":0.0,"conditions_max":0.0}}}],"metrics":{"nargs":{"total_functions":6.0,"total_closures":0.0,"average_functions":2.0,"average_closures":0.0,"total":6.0,"average":2.0,"functions_min":0.0,"functions_max":2.0,"closures_min":0.0,"closures_max":0.0},"nexits":{"sum":3.0,"average":1.0,"min":0.0,"max":1.0},"cognitive":{"sum":12.0,"average":4.0,"min":0.0,"max":9.0},"cyclomatic":{"sum":18.0,"average":4.5,"min":1.0,"max":10.0},"halstead":{"n1":17.0,"N1":196.0,"n2":53.0,"N2":135.0,"length":331.0,"estimated_program_length":373.0666523931053,"purity_ratio":1.1270895842692004,"vocabulary":70.0,"volume":2028.792678608784,"difficulty":21.650943396226417,"level":0.04618736383442265,"effort":43925.275447237356,"time":2440.2930804020752,"bugs":0.4149748159471436},"loc":{"sloc":68.0,"ploc":43.0,"lloc":28.0,"cloc":2.0,"blank":23.0,"sloc_average":17.0,"ploc_average":10.75,"lloc_average":7.0,"cloc_average":0.5,"blank_average":5.75,"sloc_min":7.0,"sloc_max":37.0,"cloc_min":0.0,"cloc_max":2.0,"ploc_min":7.0,"ploc_max":26.0,"lloc_min":1.0,"lloc_max":22.0,"blank_min":0.0,"blank_max":11.0},"nom":{"functions":3.0,"closures":0.0,"functions_average":0.75,"closures_average":0.0,"total":3.0,"average":0.75,"functions_min":0.0,"functions_max":1.0,"closures_min":0.0,"closures_max":0.0},"mi":{"mi_original":58.90495516751329,"mi_sei":24.24228115243177,"mi_visual_studio":34.447342203224146},"abc":{"assignments":0.0,"branches":0.0,"conditions":0.0,"magnitude":0.0,"assignments_average":0.0,"branches_average":0.0,"conditions_average":0.0,"assignments_min":0.0,"assignments_max":0.0,"branches_min":0.0,"branches_max":0.0,"conditions_min":0.0,"conditions_max":0.0}}}