{"name":"./merged/csn_codec.cpp","start_line":1,"end_line":18,"kind":"unit","spaces":[{"name":"CBORCodec<CertificateSerialNumber>::decode","start_line":6,"end_line":18,"kind":"function","spaces":[],"metrics":{"nargs":{"total_functions":2.0,"total_closures":0.0,"average_functions":2.0,"average_closures":0.0,"total":2.0,"average":2.0,"functions_min":2.0,"functions_max":2.0,"closures_min":0.0,"closures_max":0.0},"nexits":{"sum":1.0,"average":1.0,"min":1.0,"max":1.0},"cognitive":{"sum":3.0,"average":3.0,"min":3.0,"max":3.0},"cyclomatic":{"sum":4.0,"average":4.0,"min":4.0,"max":4.0},"halstead":{"n1":14.0,"N1":38.0,"n2":19.0,"N2":29.0,"length":67.0,"estimated_program_length":134.01359166423458,"purity_ratio":2.0002028606602176,"vocabulary":33.0,"volume":337.9744059970164,"difficulty":10.68421052631579,"level":0.09359605911330049,"effort":3610.9897061786487,"time":200.61053923214715,"bugs":0.07845661721325903},"loc":{"sloc":13.0,"ploc":10.0,"lloc":8.0,"cloc":0.0,"blank":3.0,"sloc_average":13.0,"ploc_average":10.0,"lloc_average":8.0,"cloc_average":0.0,"blank_average":3.0,"sloc_min":13.0,"sloc_max":13.0,"cloc_min":0.0,"cloc_max":0.0,"ploc_min":10.0,"ploc_max":10.0,"lloc_min":8.0,"lloc_max":8.0,"blank_min":3.0,"blank_max":3.0},"nom":{"functions":1.0,"closures":0.0,"functions_average":1.0,"closures_average":0.0,"total":1.0,"average":1.0,"functions_min":1.0,"functions_max":1.0,"closures_min":0.0,"closures_max":0.0},"mi":{"mi_original":98.2483755214121,"mi_sei":66.44887158574298,"mi_visual_studio":57.45519036339889},"abc":{"assignments":0.0,"branches":0.0,"conditions":0.0,"magnitude":0.0,"assignments_average":0.0,"branches_average":0.0,"conditions_average":0.0,"assignments_min":0.0,"assignments_max":0.0,"branches_min":0.0,"branches_max":0.0,"conditions_min":0.0,"conditions_max":0.0}}}],"metrics":{"nargs":{"total_functions":2.0,"total_closures":0.0,"average_functions":2.0,"average_closures":0.0,"total":2.0,"average":2.0,"functions_min":0.0,"functions_max":2.0,"closures_min":0.0,"closures_max":0.0},"nexits":{"sum":1.0,"average":1.0,"min":0.0,"max":1.0},"cognitive":{"sum":3.0,"average":3.0,"min":0.0,"max":3.0},"cyclomatic":{"sum":5.0,"average":2.5,"min":1.0,"max":4.0},"halstead":{"n1":14.0,"N1":39.0,"n2":21.0,"N2":31.0,"length":70.0,"estimated_program_length":145.54163478716043,"purity_ratio":2.079166211245149,"vocabulary":35.0,"volume":359.0498111861476,"difficulty":10.333333333333334,"level":0.0967741935483871,"effort":3710.181382256859,"time":206.1211879031588,"bugs":0.07988688854532286},"loc":{"sloc":18.0,"ploc":12.0,"lloc":8.0,"cloc":0.0,"blank":6.0,"sloc_average":9.0,"ploc_average":6.0,"lloc_average":4.0,"cloc_average":0.0,"blank_average":3.0,"sloc_min":13.0,"sloc_max":13.0,"cloc_min":0.0,"cloc_max":0.0,"ploc_min":10.0,"ploc_max":10.0,"lloc_min":8.0,"lloc_max":8.0,"blank_min":3.0,"blank_max":3.0},"nom":{"functions":1.0,"closures":0.0,"functions_average":0.5,"closures_average":0.0,"total":1.0,"average":0.5,"functions_min":0.0,"functions_max":1.0,"closures_min":0.0,"closures_max":0.0},"mi":{"mi_original":92.43197965291726,"mi_sei":58.15940596982287,"mi_visual_studio":54.05378927071185},"abc":{"assignments":0.0,"branches":0.0,"conditions":0.0,"magnitude":0.0,"assignments_average":0.0,"branches_average":0.0,"conditions_average":0.0,"assignments_min":0.0,"assignments_max":0.0,"branches_min":0.0,"branches_max":0.0,"conditions_min":0.0,"conditions_max":0.0}}}