{"name":"./merged/csr.hpp","start_line":1,"end_line":30,"kind":"unit","spaces":[{"name":"C509::CSR","start_line":10,"end_line":28,"kind":"namespace","spaces":[{"name":"TBSCertificateRequest","start_line":11,"end_line":20,"kind":"struct","spaces":[],"metrics":{"nargs":{"total_functions":0.0,"total_closures":0.0,"average_functions":0.0,"average_closures":0.0,"total":0.0,"average":0.0,"functions_min":0.0,"functions_max":0.0,"closures_min":0.0,"closures_max":0.0},"nexits":{"sum":0.0,"average":null,"min":0.0,"max":0.0},"cognitive":{"sum":0.0,"average":null,"min":0.0,"max":0.0},"cyclomatic":{"sum":1.0,"average":1.0,"min":1.0,"max":1.0},"halstead":{"n1":5.0,"N1":12.0,"n2":13.0,"N2":14.0,"length":26.0,"estimated_program_length":59.715356810271004,"purity_ratio":2.296744492702731,"vocabulary":18.0,"volume":108.41805003750011,"difficulty":2.6923076923076925,"level":0.3714285714285714,"effort":291.89475010096186,"time":16.21637500560899,"bugs":0.01466773093381915},"loc":{"sloc":10.0,"ploc":9.0,"lloc":0.0,"cloc":0.0,"blank":1.0,"sloc_average":10.0,"ploc_average":9.0,"lloc_average":0.0,"cloc_average":0.0,"blank_average":1.0,"sloc_min":10.0,"sloc_max":10.0,"cloc_min":0.0,"cloc_max":0.0,"ploc_min":9.0,"ploc_max":9.0,"lloc_min":0.0,"lloc_max":0.0,"blank_min":1.0,"blank_max":1.0},"nom":{"functions":0.0,"closures":0.0,"functions_average":0.0,"closures_average":0.0,"total":0.0,"average":0.0,"functions_min":0.0,"functions_max":0.0,"closures_min":0.0,"closures_max":0.0},"mi":{"mi_original":109.10094963379139,"mi_sei":81.80036686033914,"mi_visual_studio":63.80172493204175},"abc":{"assignments":0.0,"branches":0.0,"conditions":0.0,"magnitude":0.0,"assignments_average":0.0,"branches_average":0.0,"conditions_average":0.0,"assignments_min":0.0,"assignments_max":0.0,"branches_min":0.0,"branches_max":0.0,"conditions_min":0.0,"conditions_max":0.0}}},{"name":"C509CertificateRequest","start_line":22,"end_line":27,"kind":"struct","spaces":[],"metrics":{"nargs":{"total_functions":0.0,"total_closures":0.0,"average_functions":0.0,"average_closures":0.0,"total":0.0,"average":0.0,"functions_min":0.0,"functions_max":0.0,"closures_min":0.0,"closures_max":0.0},"nexits":{"sum":0.0,"average":null,"min":0.0,"max":0.0},"cognitive":{"sum":0.0,"average":null,"min":0.0,"max":0.0},"cyclomatic":{"sum":1.0,"average":1.0,"min":1.0,"max":1.0},"halstead":{"n1":4.0,"N1":6.0,"n2":7.0,"N2":7.0,"length":13.0,"estimated_program_length":27.651484454403228,"purity_ratio":2.127037265723325,"vocabulary":11.0,"volume":44.97261104228487,"difficulty":2.0,"level":0.5,"effort":89.94522208456974,"time":4.996956782476096,"bugs":0.0066916129184236926},"loc":{"sloc":6.0,"ploc":5.0,"lloc":0.0,"cloc":0.0,"blank":1.0,"sloc_average":6.0,"ploc_average":5.0,"lloc_average":0.0,"cloc_average":0.0,"blank_average":1.0,"sloc_min":6.0,"sloc_max":6.0,"cloc_min":0.0,"cloc_max":0.0,"ploc_min":5.0,"ploc_max":5.0,"lloc_min":0.0,"lloc_max":0.0,"blank_min":1.0,"blank_max":1.0},"nom":{"functions":0.0,"closures":0.0,"functions_average":0.0,"closures_average":0.0,"total":0.0,"average":0.0,"functions_min":0.0,"functions_max":0.0,"closures_min":0.0,"closures_max":0.0},"mi":{"mi_original":121.95201756147767,"mi_sei":100.34053882973936,"mi_visual_studio":71.31696933419747},"abc":{"assignments":0.0,"branches":0.0,"conditions":0.0,"magnitude":0.0,"assignments_average":0.0,"branches_average":0.0,"conditions_average":0.0,"assignments_min":0.0,"assignments_max":0.0,"branches_min":0.0,"branches_max":0.0,"conditions_min":0.0,"conditions_max":0.0}}}],"metrics":{"nargs":{"total_functions":0.0,"total_closures":0.0,"average_functions":0.0,"average_closures":0.0,"total":0.0,"average":0.0,"functions_min":0.0,"functions_max":0.0,"closures_min":0.0,"closures_max":0.0},"nexits":{"sum":0.0,"average":null,"min":0.0,"max":0.0},"cognitive":{"sum":0.0,"average":null,"min":0.0,"max":0.0},"cyclomatic":{"sum":3.0,"average":1.0,"min":1.0,"max":1.0},"halstead":{"n1":5.0,"N1":22.0,"n2":17.0,"N2":21.0,"length":43.0,"estimated_program_length":81.09650877569258,"purity_ratio":1.8859653203649438,"vocabulary":22.0,"volume":191.75555960140377,"difficulty":3.088235294117647,"level":0.32380952380952377,"effort":592.1862870043352,"time":32.89923816690751,"bugs":0.02350630189435736},"loc":{"sloc":19.0,"ploc":16.0,"lloc":0.0,"cloc":0.0,"blank":3.0,"sloc_average":6.333333333333333,"ploc_average":5.333333333333333,"lloc_average":0.0,"cloc_average":0.0,"blank_average":1.0,"sloc_min":6.0,"sloc_max":10.0,"cloc_min":0.0,"cloc_max":0.0,"ploc_min":5.0,"ploc_max":9.0,"lloc_min":0.0,"lloc_max":0.0,"blank_min":1.0,"blank_max":1.0},"nom":{"functions":0.0,"closures":0.0,"functions_average":0.0,"closures_average":0.0,"total":0.0,"average":0.0,"functions_min":0.0,"functions_max":0.0,"closures_min":0.0,"closures_max":0.0},"mi":{"mi_original":95.2777370815514,"mi_sei":62.06132638087735,"mi_visual_studio":55.71797490149204},"abc":{"assignments":0.0,"branches":0.0,"conditions":0.0,"magnitude":0.0,"assignments_average":0.0,"branches_average":0.0,"conditions_average":0.0,"assignments_min":0.0,"assignments_max":0.0,"branches_min":0.0,"branches_max":0.0,"conditions_min":0.0,"conditions_max":0.0}}}],"metrics":{"nargs":{"total_functions":0.0,"total_closures":0.0,"average_functions":0.0,"average_closures":0.0,"total":0.0,"average":0.0,"functions_min":0.0,"functions_max":0.0,"closures_min":0.0,"closures_max":0.0},"nexits":{"sum":0.0,"average":null,"min":0.0,"max":0.0},"cognitive":{"sum":0.0,"average":null,"min":0.0,"max":0.0},"cyclomatic":{"sum":4.0,"average":1.0,"min":1.0,"max":1.0},"halstead":{"n1":5.0,"N1":22.0,"n2":23.0,"N2":28.0,"length":50.0,"estimated_program_length":115.65156546374811,"purity_ratio":2.313031309274962,"vocabulary":28.0,"volume":240.36774610288018,"difficulty":3.0434782608695654,"level":0.32857142857142857,"effort":731.554009878331,"time":40.64188943768506,"bugs":0.027063025207186512},"loc":{"sloc":30.0,"ploc":24.0,"lloc":0.0,"cloc":1.0,"blank":6.0,"sloc_average":7.5,"ploc_average":6.0,"lloc_average":0.0,"cloc_average":0.25,"blank_average":1.5,"sloc_min":19.0,"sloc_max":19.0,"cloc_min":0.0,"cloc_max":0.0,"ploc_min":16.0,"ploc_max":16.0,"lloc_min":0.0,"lloc_max":0.0,"blank_min":3.0,"blank_max":3.0},"nom":{"functions":0.0,"closures":0.0,"functions_average":0.0,"closures_average":0.0,"total":0.0,"average":0.0,"functions_min":0.0,"functions_max":0.0,"closures_min":0.0,"closures_max":0.0},"mi":{"mi_original":86.47331828169379,"mi_sei":63.41538152739919,"mi_visual_studio":50.569191977598706},"abc":{"assignments":0.0,"branches":0.0,"conditions":0.0,"magnitude":0.0,"assignments_average":0.0,"branches_average":0.0,"conditions_average":0.0,"assignments_min":0.0,"assignments_max":0.0,"branches_min":0.0,"branches_max":0.0,"conditions_min":0.0,"conditions_max":0.0}}}