{"name":"./merged/csr_codec.cpp","start_line":1,"end_line":46,"kind":"unit","spaces":[{"name":"CSR::CBORCodec<TBSCertificateRequest>::decode","start_line":7,"end_line":29,"kind":"function","spaces":[],"metrics":{"nargs":{"total_functions":2.0,"total_closures":0.0,"average_functions":2.0,"average_closures":0.0,"total":2.0,"average":2.0,"functions_min":2.0,"functions_max":2.0,"closures_min":0.0,"closures_max":0.0},"nexits":{"sum":1.0,"average":1.0,"min":1.0,"max":1.0},"cognitive":{"sum":6.0,"average":6.0,"min":6.0,"max":6.0},"cyclomatic":{"sum":7.0,"average":7.0,"min":7.0,"max":7.0},"halstead":{"n1":15.0,"N1":82.0,"n2":26.0,"N2":56.0,"length":138.0,"estimated_program_length":180.8147916057962,"purity_ratio":1.3102521130854796,"vocabulary":41.0,"volume":739.3421766372956,"difficulty":16.153846153846153,"level":0.06190476190476191,"effort":11943.21977644862,"time":663.5122098027011,"bugs":0.17416452301966082},"loc":{"sloc":23.0,"ploc":16.0,"lloc":14.0,"cloc":0.0,"blank":7.0,"sloc_average":23.0,"ploc_average":16.0,"lloc_average":14.0,"cloc_average":0.0,"blank_average":7.0,"sloc_min":23.0,"sloc_max":23.0,"cloc_min":0.0,"cloc_max":0.0,"ploc_min":16.0,"ploc_max":16.0,"lloc_min":14.0,"lloc_max":14.0,"blank_min":7.0,"blank_max":7.0},"nom":{"functions":1.0,"closures":0.0,"functions_average":1.0,"closures_average":0.0,"total":1.0,"average":1.0,"functions_min":1.0,"functions_max":1.0,"closures_min":0.0,"closures_max":0.0},"mi":{"mi_original":84.24503733208996,"mi_sei":46.55178460233026,"mi_visual_studio":49.26610370297659},"abc":{"assignments":0.0,"branches":0.0,"conditions":0.0,"magnitude":0.0,"assignments_average":0.0,"branches_average":0.0,"conditions_average":0.0,"assignments_min":0.0,"assignments_max":0.0,"branches_min":0.0,"branches_max":0.0,"conditions_min":0.0,"conditions_max":0.0}}},{"name":"CSR::CBORCodec<C509CertificateRequest>::decode","start_line":32,"end_line":46,"kind":"function","spaces":[],"metrics":{"nargs":{"total_functions":2.0,"total_closures":0.0,"average_functions":2.0,"average_closures":0.0,"total":2.0,"average":2.0,"functions_min":2.0,"functions_max":2.0,"closures_min":0.0,"closures_max":0.0},"nexits":{"sum":1.0,"average":1.0,"min":1.0,"max":1.0},"cognitive":{"sum":4.0,"average":4.0,"min":4.0,"max":4.0},"cyclomatic":{"sum":5.0,"average":5.0,"min":5.0,"max":5.0},"halstead":{"n1":14.0,"N1":47.0,"n2":18.0,"N2":32.0,"length":79.0,"estimated_program_length":128.36161893476807,"purity_ratio":1.624830619427444,"vocabulary":32.0,"volume":395.0,"difficulty":12.444444444444445,"level":0.08035714285714285,"effort":4915.555555555556,"time":273.08641975308643,"bugs":0.09636673639289288},"loc":{"sloc":15.0,"ploc":11.0,"lloc":9.0,"cloc":0.0,"blank":4.0,"sloc_average":15.0,"ploc_average":11.0,"lloc_average":9.0,"cloc_average":0.0,"blank_average":4.0,"sloc_min":15.0,"sloc_max":15.0,"cloc_min":0.0,"cloc_max":0.0,"ploc_min":11.0,"ploc_max":11.0,"lloc_min":9.0,"lloc_max":9.0,"blank_min":4.0,"blank_max":4.0},"nom":{"functions":1.0,"closures":0.0,"functions_average":1.0,"closures_average":0.0,"total":1.0,"average":1.0,"functions_min":1.0,"functions_max":1.0,"closures_min":0.0,"closures_max":0.0},"mi":{"mi_original":94.88938076465837,"mi_sei":61.704686367206776,"mi_visual_studio":55.49086594424465},"abc":{"assignments":0.0,"branches":0.0,"conditions":0.0,"magnitude":0.0,"assignments_average":0.0,"branches_average":0.0,"conditions_average":0.0,"assignments_min":0.0,"assignments_max":0.0,"branches_min":0.0,"branches_max":0.0,"conditions_min":0.0,"conditions_max":0.0}}}],"metrics":{"nargs":{"total_functions":4.0,"total_closures":0.0,"average_functions":2.0,"average_closures":0.0,"total":4.0,"average":2.0,"functions_min":0.0,"functions_max":2.0,"closures_min":0.0,"closures_max":0.0},"nexits":{"sum":2.0,"average":1.0,"min":0.0,"max":1.0},"cognitive":{"sum":10.0,"average":5.0,"min":0.0,"max":6.0},"cyclomatic":{"sum":13.0,"average":4.333333333333333,"min":1.0,"max":7.0},"halstead":{"n1":15.0,"N1":132.0,"n2":39.0,"N2":91.0,"length":223.0,"estimated_program_length":264.7340454697555,"purity_ratio":1.187148185963029,"vocabulary":54.0,"volume":1283.3399129824534,"difficulty":17.5,"level":0.05714285714285714,"effort":22458.448477192935,"time":1247.6915820662741,"bugs":0.2653374668631252},"loc":{"sloc":46.0,"ploc":30.0,"lloc":23.0,"cloc":0.0,"blank":16.0,"sloc_average":15.333333333333334,"ploc_average":10.0,"lloc_average":7.666666666666667,"cloc_average":0.0,"blank_average":5.333333333333333,"sloc_min":15.0,"sloc_max":23.0,"cloc_min":0.0,"cloc_max":0.0,"ploc_min":11.0,"ploc_max":16.0,"lloc_min":9.0,"lloc_max":14.0,"blank_min":4.0,"blank_max":7.0},"nom":{"functions":2.0,"closures":0.0,"functions_average":0.6666666666666666,"closures_average":0.0,"total":2.0,"average":0.6666666666666666,"functions_min":0.0,"functions_max":1.0,"closures_min":0.0,"closures_max":0.0},"mi":{"mi_original":68.76845879575721,"mi_sei":24.834720654461222,"mi_visual_studio":40.215472979974976},"abc":{"assignments":0.0,"branches":0.0,"conditions":0.0,"magnitude":0.0,"assignments_average":0.0,"branches_average":0.0,"conditions_average":0.0,"assignments_min":0.0,"assignments_max":0.0,"branches_min":0.0,"branches_max":0.0,"conditions_min":0.0,"conditions_max":0.0}}}