{"name":"./merged/name.hpp","start_line":1,"end_line":31,"kind":"unit","spaces":[{"name":"C509","start_line":14,"end_line":29,"kind":"namespace","spaces":[{"name":"Name","start_line":15,"end_line":28,"kind":"struct","spaces":[],"metrics":{"nargs":{"total_functions":0.0,"total_closures":0.0,"average_functions":0.0,"average_closures":0.0,"total":0.0,"average":0.0,"functions_min":0.0,"functions_max":0.0,"closures_min":0.0,"closures_max":0.0},"nexits":{"sum":0.0,"average":null,"min":0.0,"max":0.0},"cognitive":{"sum":0.0,"average":null,"min":0.0,"max":0.0},"cyclomatic":{"sum":1.0,"average":1.0,"min":1.0,"max":1.0},"halstead":{"n1":8.0,"N1":21.0,"n2":14.0,"N2":15.0,"length":36.0,"estimated_program_length":77.30296890880646,"purity_ratio":2.1473046919112906,"vocabulary":22.0,"volume":160.5395382709427,"difficulty":4.285714285714286,"level":0.23333333333333334,"effort":688.0265925897544,"time":38.22369958831969,"bugs":0.025978589139688032},"loc":{"sloc":14.0,"ploc":12.0,"lloc":0.0,"cloc":0.0,"blank":2.0,"sloc_average":14.0,"ploc_average":12.0,"lloc_average":0.0,"cloc_average":0.0,"blank_average":2.0,"sloc_min":14.0,"sloc_max":14.0,"cloc_min":0.0,"cloc_max":0.0,"ploc_min":12.0,"ploc_max":12.0,"lloc_min":0.0,"lloc_max":0.0,"blank_min":2.0,"blank_max":2.0},"nom":{"functions":0.0,"closures":0.0,"functions_average":0.0,"closures_average":0.0,"total":0.0,"average":0.0,"functions_min":0.0,"functions_max":0.0,"closures_min":0.0,"closures_max":0.0},"mi":{"mi_original":101.6088619259153,"mi_sei":70.99156907828115,"mi_visual_studio":59.42038709117854},"abc":{"assignments":0.0,"branches":0.0,"conditions":0.0,"magnitude":0.0,"assignments_average":0.0,"branches_average":0.0,"conditions_average":0.0,"assignments_min":0.0,"assignments_max":0.0,"branches_min":0.0,"branches_max":0.0,"conditions_min":0.0,"conditions_max":0.0}}}],"metrics":{"nargs":{"total_functions":0.0,"total_closures":0.0,"average_functions":0.0,"average_closures":0.0,"total":0.0,"average":0.0,"functions_min":0.0,"functions_max":0.0,"closures_min":0.0,"closures_max":0.0},"nexits":{"sum":0.0,"average":null,"min":0.0,"max":0.0},"cognitive":{"sum":0.0,"average":null,"min":0.0,"max":0.0},"cyclomatic":{"sum":2.0,"average":1.0,"min":1.0,"max":1.0},"halstead":{"n1":8.0,"N1":23.0,"n2":15.0,"N2":16.0,"length":39.0,"estimated_program_length":82.60335893412778,"purity_ratio":2.118034844464815,"vocabulary":23.0,"volume":176.41891628622352,"difficulty":4.266666666666667,"level":0.234375,"effort":752.720709487887,"time":41.8178171937715,"bugs":0.0275825653114451},"loc":{"sloc":16.0,"ploc":14.0,"lloc":0.0,"cloc":0.0,"blank":2.0,"sloc_average":8.0,"ploc_average":7.0,"lloc_average":0.0,"cloc_average":0.0,"blank_average":1.0,"sloc_min":14.0,"sloc_max":14.0,"cloc_min":0.0,"cloc_max":0.0,"ploc_min":12.0,"ploc_max":12.0,"lloc_min":0.0,"lloc_max":0.0,"blank_min":2.0,"blank_max":2.0},"nom":{"functions":0.0,"closures":0.0,"functions_average":0.0,"closures_average":0.0,"total":0.0,"average":0.0,"functions_min":0.0,"functions_max":0.0,"closures_min":0.0,"closures_max":0.0},"mi":{"mi_original":98.72518356008392,"mi_sei":66.93312045978185,"mi_visual_studio":57.73402547373328},"abc":{"assignments":0.0,"branches":0.0,"conditions":0.0,"magnitude":0.0,"assignments_average":0.0,"branches_average":0.0,"conditions_average":0.0,"assignments_min":0.0,"assignments_max":0.0,"branches_min":0.0,"branches_max":0.0,"conditions_min":0.0,"conditions_max":0.0}}}],"metrics":{"nargs":{"total_functions":0.0,"total_closures":0.0,"average_functions":0.0,"average_closures":0.0,"total":0.0,"average":0.0,"functions_min":0.0,"functions_max":0.0,"closures_min":0.0,"closures_max":0.0},"nexits":{"sum":0.0,"average":null,"min":0.0,"max":0.0},"cognitive":{"sum":0.0,"average":null,"min":0.0,"max":0.0},"cyclomatic":{"sum":3.0,"average":1.0,"min":1.0,"max":1.0},"halstead":{"n1":8.0,"N1":23.0,"n2":18.0,"N2":22.0,"length":45.0,"estimated_program_length":99.05865002596161,"purity_ratio":2.201303333910258,"vocabulary":26.0,"volume":211.51978731634912,"difficulty":4.888888888888889,"level":0.20454545454545453,"effort":1034.0967379910403,"time":57.449818777280015,"bugs":0.034086796724948284},"loc":{"sloc":31.0,"ploc":23.0,"lloc":0.0,"cloc":1.0,"blank":8.0,"sloc_average":10.333333333333334,"ploc_average":7.666666666666667,"lloc_average":0.0,"cloc_average":0.3333333333333333,"blank_average":2.6666666666666665,"sloc_min":16.0,"sloc_max":16.0,"cloc_min":0.0,"cloc_max":0.0,"ploc_min":14.0,"ploc_max":14.0,"lloc_min":0.0,"lloc_max":0.0,"blank_min":2.0,"blank_max":2.0},"nom":{"functions":0.0,"closures":0.0,"functions_average":0.0,"closures_average":0.0,"total":0.0,"average":0.0,"functions_min":0.0,"functions_max":0.0,"closures_min":0.0,"closures_max":0.0},"mi":{"mi_original":86.83695082130114,"mi_sei":63.61719454918765,"mi_visual_studio":50.78184258555623},"abc":{"assignments":0.0,"branches":0.0,"conditions":0.0,"magnitude":0.0,"assignments_average":0.0,"branches_average":0.0,"conditions_average":0.0,"assignments_min":0.0,"assignments_max":0.0,"branches_min":0.0,"branches_max":0.0,"conditions_min":0.0,"conditions_max":0.0}}}