{"name":"./merged/name_codec.cpp","start_line":1,"end_line":46,"kind":"unit","spaces":[{"name":"CBORCodec<Name>::decode","start_line":5,"end_line":46,"kind":"function","spaces":[],"metrics":{"nargs":{"total_functions":2.0,"total_closures":0.0,"average_functions":2.0,"average_closures":0.0,"total":2.0,"average":2.0,"functions_min":2.0,"functions_max":2.0,"closures_min":0.0,"closures_max":0.0},"nexits":{"sum":3.0,"average":3.0,"min":3.0,"max":3.0},"cognitive":{"sum":13.0,"average":13.0,"min":13.0,"max":13.0},"cyclomatic":{"sum":10.0,"average":10.0,"min":10.0,"max":10.0},"halstead":{"n1":16.0,"N1":120.0,"n2":38.0,"N2":83.0,"length":203.0,"estimated_program_length":263.42124551085624,"purity_ratio":1.2976416035017548,"vocabulary":54.0,"volume":1168.242162939184,"difficulty":17.473684210526315,"level":0.057228915662650606,"effort":20413.49463662153,"time":1134.0830353678627,"bugs":0.24897571293311346},"loc":{"sloc":42.0,"ploc":31.0,"lloc":24.0,"cloc":0.0,"blank":11.0,"sloc_average":42.0,"ploc_average":31.0,"lloc_average":24.0,"cloc_average":0.0,"blank_average":11.0,"sloc_min":42.0,"sloc_max":42.0,"cloc_min":0.0,"cloc_max":0.0,"ploc_min":31.0,"ploc_max":31.0,"lloc_min":24.0,"lloc_max":24.0,"blank_min":11.0,"blank_max":11.0},"nom":{"functions":1.0,"closures":0.0,"functions_average":1.0,"closures_average":0.0,"total":1.0,"average":1.0,"functions_min":1.0,"functions_max":1.0,"closures_min":0.0,"closures_max":0.0},"mi":{"mi_original":71.4208237232653,"mi_sei":28.355814803791574,"mi_visual_studio":41.766563580856904},"abc":{"assignments":0.0,"branches":0.0,"conditions":0.0,"magnitude":0.0,"assignments_average":0.0,"branches_average":0.0,"conditions_average":0.0,"assignments_min":0.0,"assignments_max":0.0,"branches_min":0.0,"branches_max":0.0,"conditions_min":0.0,"conditions_max":0.0}}}],"metrics":{"nargs":{"total_functions":2.0,"total_closures":0.0,"average_functions":2.0,"average_closures":0.0,"total":2.0,"average":2.0,"functions_min":0.0,"functions_max":2.0,"closures_min":0.0,"closures_max":0.0},"nexits":{"sum":3.0,"average":3.0,"min":0.0,"max":3.0},"cognitive":{"sum":13.0,"average":13.0,"min":0.0,"max":13.0},"cyclomatic":{"sum":11.0,"average":5.5,"min":1.0,"max":10.0},"halstead":{"n1":16.0,"N1":121.0,"n2":40.0,"N2":85.0,"length":206.0,"estimated_program_length":276.8771237954945,"purity_ratio":1.344063707745119,"vocabulary":56.0,"volume":1196.3151139438664,"difficulty":17.0,"level":0.058823529411764705,"effort":20337.35693704573,"time":1129.8531631692072,"bugs":0.24835624553943447},"loc":{"sloc":46.0,"ploc":33.0,"lloc":24.0,"cloc":0.0,"blank":13.0,"sloc_average":23.0,"ploc_average":16.5,"lloc_average":12.0,"cloc_average":0.0,"blank_average":6.5,"sloc_min":42.0,"sloc_max":42.0,"cloc_min":0.0,"cloc_max":0.0,"ploc_min":31.0,"ploc_max":31.0,"lloc_min":24.0,"lloc_max":24.0,"blank_min":11.0,"blank_max":11.0},"nom":{"functions":1.0,"closures":0.0,"functions_average":0.5,"closures_average":0.0,"total":1.0,"average":0.5,"functions_min":0.0,"functions_max":1.0,"closures_min":0.0,"closures_max":0.0},"mi":{"mi_original":69.59360223725157,"mi_sei":25.821511286718263,"mi_visual_studio":40.698013004240686},"abc":{"assignments":0.0,"branches":0.0,"conditions":0.0,"magnitude":0.0,"assignments_average":0.0,"branches_average":0.0,"conditions_average":0.0,"assignments_min":0.0,"assignments_max":0.0,"branches_min":0.0,"branches_max":0.0,"conditions_min":0.0,"conditions_max":0.0}}}