{"name":"./merged/oid.hpp","start_line":1,"end_line":26,"kind":"unit","spaces":[{"name":"C509","start_line":12,"end_line":24,"kind":"namespace","spaces":[{"name":"OID","start_line":13,"end_line":23,"kind":"struct","spaces":[],"metrics":{"nargs":{"total_functions":0.0,"total_closures":0.0,"average_functions":0.0,"average_closures":0.0,"total":0.0,"average":0.0,"functions_min":0.0,"functions_max":0.0,"closures_min":0.0,"closures_max":0.0},"nexits":{"sum":0.0,"average":null,"min":0.0,"max":0.0},"cognitive":{"sum":0.0,"average":null,"min":0.0,"max":0.0},"cyclomatic":{"sum":1.0,"average":1.0,"min":1.0,"max":1.0},"halstead":{"n1":11.0,"N1":22.0,"n2":9.0,"N2":12.0,"length":34.0,"estimated_program_length":66.58307281799108,"purity_ratio":1.9583256711173846,"vocabulary":20.0,"volume":146.94555522617034,"difficulty":7.333333333333333,"level":0.13636363636363638,"effort":1077.600738325249,"time":59.866707684736056,"bugs":0.035036227052691105},"loc":{"sloc":11.0,"ploc":7.0,"lloc":2.0,"cloc":0.0,"blank":4.0,"sloc_average":11.0,"ploc_average":7.0,"lloc_average":2.0,"cloc_average":0.0,"blank_average":4.0,"sloc_min":11.0,"sloc_max":11.0,"cloc_min":0.0,"cloc_max":0.0,"ploc_min":7.0,"ploc_max":7.0,"lloc_min":2.0,"lloc_max":2.0,"blank_min":4.0,"blank_max":4.0},"nom":{"functions":0.0,"closures":0.0,"functions_average":0.0,"closures_average":0.0,"total":0.0,"average":0.0,"functions_min":0.0,"functions_max":0.0,"closures_min":0.0,"closures_max":0.0},"mi":{"mi_original":105.97577342373998,"mi_sei":77.29169064019378,"mi_visual_studio":61.9741365051111},"abc":{"assignments":0.0,"branches":0.0,"conditions":0.0,"magnitude":0.0,"assignments_average":0.0,"branches_average":0.0,"conditions_average":0.0,"assignments_min":0.0,"assignments_max":0.0,"branches_min":0.0,"branches_max":0.0,"conditions_min":0.0,"conditions_max":0.0}}}],"metrics":{"nargs":{"total_functions":0.0,"total_closures":0.0,"average_functions":0.0,"average_closures":0.0,"total":0.0,"average":0.0,"functions_min":0.0,"functions_max":0.0,"closures_min":0.0,"closures_max":0.0},"nexits":{"sum":0.0,"average":null,"min":0.0,"max":0.0},"cognitive":{"sum":0.0,"average":null,"min":0.0,"max":0.0},"cyclomatic":{"sum":2.0,"average":1.0,"min":1.0,"max":1.0},"halstead":{"n1":11.0,"N1":24.0,"n2":10.0,"N2":13.0,"length":37.0,"estimated_program_length":71.27302875388389,"purity_ratio":1.9262980744292943,"vocabulary":21.0,"volume":162.51574464281416,"difficulty":7.15,"level":0.13986013986013984,"effort":1161.9875741961212,"time":64.55486523311784,"bugs":0.03684227171798744},"loc":{"sloc":13.0,"ploc":9.0,"lloc":2.0,"cloc":0.0,"blank":4.0,"sloc_average":6.5,"ploc_average":4.5,"lloc_average":1.0,"cloc_average":0.0,"blank_average":2.0,"sloc_min":11.0,"sloc_max":11.0,"cloc_min":0.0,"cloc_max":0.0,"ploc_min":7.0,"ploc_max":7.0,"lloc_min":2.0,"lloc_max":2.0,"blank_min":4.0,"blank_max":4.0},"nom":{"functions":0.0,"closures":0.0,"functions_average":0.0,"closures_average":0.0,"total":0.0,"average":0.0,"functions_min":0.0,"functions_max":0.0,"closures_min":0.0,"closures_max":0.0},"mi":{"mi_original":102.51579099575653,"mi_sei":72.40181100918359,"mi_visual_studio":59.950754968278666},"abc":{"assignments":0.0,"branches":0.0,"conditions":0.0,"magnitude":0.0,"assignments_average":0.0,"branches_average":0.0,"conditions_average":0.0,"assignments_min":0.0,"assignments_max":0.0,"branches_min":0.0,"branches_max":0.0,"conditions_min":0.0,"conditions_max":0.0}}}],"metrics":{"nargs":{"total_functions":0.0,"total_closures":0.0,"average_functions":0.0,"average_closures":0.0,"total":0.0,"average":0.0,"functions_min":0.0,"functions_max":0.0,"closures_min":0.0,"closures_max":0.0},"nexits":{"sum":0.0,"average":null,"min":0.0,"max":0.0},"cognitive":{"sum":0.0,"average":null,"min":0.0,"max":0.0},"cyclomatic":{"sum":3.0,"average":1.0,"min":1.0,"max":1.0},"halstead":{"n1":11.0,"N1":24.0,"n2":12.0,"N2":17.0,"length":41.0,"estimated_program_length":81.07329781366414,"purity_ratio":1.977397507650345,"vocabulary":23.0,"volume":185.46604019833754,"difficulty":7.791666666666667,"level":0.1283422459893048,"effort":1445.0895632120466,"time":80.28275351178037,"bugs":0.04260644067452367},"loc":{"sloc":26.0,"ploc":16.0,"lloc":2.0,"cloc":2.0,"blank":9.0,"sloc_average":8.666666666666666,"ploc_average":5.333333333333333,"lloc_average":0.6666666666666666,"cloc_average":0.6666666666666666,"blank_average":3.0,"sloc_min":13.0,"sloc_max":13.0,"cloc_min":0.0,"cloc_max":0.0,"ploc_min":9.0,"ploc_max":9.0,"lloc_min":2.0,"lloc_max":2.0,"blank_min":4.0,"blank_max":4.0},"nom":{"functions":0.0,"closures":0.0,"functions_average":0.0,"closures_average":0.0,"total":0.0,"average":0.0,"functions_min":0.0,"functions_max":0.0,"closures_min":0.0,"closures_max":0.0},"mi":{"mi_original":90.36990275743213,"mi_sei":75.80931030138787,"mi_visual_studio":52.84789634937552},"abc":{"assignments":0.0,"branches":0.0,"conditions":0.0,"magnitude":0.0,"assignments_average":0.0,"branches_average":0.0,"conditions_average":0.0,"assignments_min":0.0,"assignments_max":0.0,"branches_min":0.0,"branches_max":0.0,"conditions_min":0.0,"conditions_max":0.0}}}