{"name":"./merged/oid_codec.cpp","start_line":1,"end_line":38,"kind":"unit","spaces":[{"name":"CBORCodec<OID>::decode_unwrapped","start_line":8,"end_line":38,"kind":"function","spaces":[],"metrics":{"nargs":{"total_functions":2.0,"total_closures":0.0,"average_functions":2.0,"average_closures":0.0,"total":2.0,"average":2.0,"functions_min":2.0,"functions_max":2.0,"closures_min":0.0,"closures_max":0.0},"nexits":{"sum":1.0,"average":1.0,"min":1.0,"max":1.0},"cognitive":{"sum":9.0,"average":9.0,"min":9.0,"max":9.0},"cyclomatic":{"sum":7.0,"average":7.0,"min":7.0,"max":7.0},"halstead":{"n1":25.0,"N1":98.0,"n2":29.0,"N2":71.0,"length":169.0,"estimated_program_length":256.9778536030677,"purity_ratio":1.5205790154027672,"vocabulary":54.0,"volume":972.5759878656261,"difficulty":30.603448275862068,"level":0.03267605633802817,"effort":29764.178938991143,"time":1653.565496610619,"bugs":0.3201410388017645},"loc":{"sloc":31.0,"ploc":24.0,"lloc":19.0,"cloc":2.0,"blank":6.0,"sloc_average":31.0,"ploc_average":24.0,"lloc_average":19.0,"cloc_average":2.0,"blank_average":6.0,"sloc_min":31.0,"sloc_max":31.0,"cloc_min":2.0,"cloc_max":2.0,"ploc_min":24.0,"ploc_max":24.0,"lloc_min":19.0,"lloc_max":19.0,"blank_min":6.0,"blank_max":6.0},"nom":{"functions":1.0,"closures":0.0,"functions_average":1.0,"closures_average":0.0,"total":1.0,"average":1.0,"functions_min":1.0,"functions_max":1.0,"closures_min":0.0,"closures_max":0.0},"mi":{"mi_original":77.98367660021381,"mi_sei":56.68950586766313,"mi_visual_studio":45.604489239891116},"abc":{"assignments":0.0,"branches":0.0,"conditions":0.0,"magnitude":0.0,"assignments_average":0.0,"branches_average":0.0,"conditions_average":0.0,"assignments_min":0.0,"assignments_max":0.0,"branches_min":0.0,"branches_max":0.0,"conditions_min":0.0,"conditions_max":0.0}}}],"metrics":{"nargs":{"total_functions":2.0,"total_closures":0.0,"average_functions":2.0,"average_closures":0.0,"total":2.0,"average":2.0,"functions_min":0.0,"functions_max":2.0,"closures_min":0.0,"closures_max":0.0},"nexits":{"sum":1.0,"average":1.0,"min":0.0,"max":1.0},"cognitive":{"sum":9.0,"average":9.0,"min":0.0,"max":9.0},"cyclomatic":{"sum":8.0,"average":4.0,"min":1.0,"max":7.0},"halstead":{"n1":25.0,"N1":99.0,"n2":31.0,"N2":74.0,"length":173.0,"estimated_program_length":269.67649036636124,"purity_ratio":1.5588236437361922,"vocabulary":56.0,"volume":1004.6724015159655,"difficulty":29.838709677419356,"level":0.03351351351351351,"effort":29978.128109750585,"time":1665.4515616528104,"bugs":0.32167335305642775},"loc":{"sloc":38.0,"ploc":27.0,"lloc":19.0,"cloc":2.0,"blank":10.0,"sloc_average":19.0,"ploc_average":13.5,"lloc_average":9.5,"cloc_average":1.0,"blank_average":5.0,"sloc_min":31.0,"sloc_max":31.0,"cloc_min":2.0,"cloc_max":2.0,"ploc_min":24.0,"ploc_max":24.0,"lloc_min":19.0,"lloc_max":19.0,"blank_min":6.0,"blank_max":6.0},"nom":{"functions":1.0,"closures":0.0,"functions_average":0.5,"closures_average":0.0,"total":1.0,"average":0.5,"functions_min":0.0,"functions_max":1.0,"closures_min":0.0,"closures_max":0.0},"mi":{"mi_original":74.28653685912482,"mi_sei":49.68523220505985,"mi_visual_studio":43.44241921586247},"abc":{"assignments":0.0,"branches":0.0,"conditions":0.0,"magnitude":0.0,"assignments_average":0.0,"branches_average":0.0,"conditions_average":0.0,"assignments_min":0.0,"assignments_max":0.0,"branches_min":0.0,"branches_max":0.0,"conditions_min":0.0,"conditions_max":0.0}}}