{"name":"./merged/pk_codec.cpp","start_line":1,"end_line":19,"kind":"unit","spaces":[{"name":"CBORCodec<PublicKey>::decode","start_line":6,"end_line":19,"kind":"function","spaces":[],"metrics":{"nargs":{"total_functions":2.0,"total_closures":0.0,"average_functions":2.0,"average_closures":0.0,"total":2.0,"average":2.0,"functions_min":2.0,"functions_max":2.0,"closures_min":0.0,"closures_max":0.0},"nexits":{"sum":1.0,"average":1.0,"min":1.0,"max":1.0},"cognitive":{"sum":3.0,"average":3.0,"min":3.0,"max":3.0},"cyclomatic":{"sum":4.0,"average":4.0,"min":4.0,"max":4.0},"halstead":{"n1":15.0,"N1":38.0,"n2":19.0,"N2":29.0,"length":67.0,"estimated_program_length":139.3139816895559,"purity_ratio":2.0793131595456105,"vocabulary":34.0,"volume":340.86001036377274,"difficulty":11.447368421052632,"level":0.08735632183908046,"effort":3901.950118637925,"time":216.77500659099582,"bugs":0.08261645466509751},"loc":{"sloc":14.0,"ploc":10.0,"lloc":8.0,"cloc":0.0,"blank":4.0,"sloc_average":14.0,"ploc_average":10.0,"lloc_average":8.0,"cloc_average":0.0,"blank_average":4.0,"sloc_min":14.0,"sloc_max":14.0,"cloc_min":0.0,"cloc_max":0.0,"ploc_min":10.0,"ploc_max":10.0,"lloc_min":8.0,"lloc_max":8.0,"blank_min":4.0,"blank_max":4.0},"nom":{"functions":1.0,"closures":0.0,"functions_average":1.0,"closures_average":0.0,"total":1.0,"average":1.0,"functions_min":1.0,"functions_max":1.0,"closures_min":0.0,"closures_max":0.0},"mi":{"mi_original":97.00361755598311,"mi_sei":64.65306544191151,"mi_visual_studio":56.7272617286451},"abc":{"assignments":0.0,"branches":0.0,"conditions":0.0,"magnitude":0.0,"assignments_average":0.0,"branches_average":0.0,"conditions_average":0.0,"assignments_min":0.0,"assignments_max":0.0,"branches_min":0.0,"branches_max":0.0,"conditions_min":0.0,"conditions_max":0.0}}}],"metrics":{"nargs":{"total_functions":2.0,"total_closures":0.0,"average_functions":2.0,"average_closures":0.0,"total":2.0,"average":2.0,"functions_min":0.0,"functions_max":2.0,"closures_min":0.0,"closures_max":0.0},"nexits":{"sum":1.0,"average":1.0,"min":0.0,"max":1.0},"cognitive":{"sum":3.0,"average":3.0,"min":0.0,"max":3.0},"cyclomatic":{"sum":5.0,"average":2.5,"min":1.0,"max":4.0},"halstead":{"n1":15.0,"N1":39.0,"n2":21.0,"N2":31.0,"length":70.0,"estimated_program_length":150.84202481248175,"purity_ratio":2.1548860687497395,"vocabulary":36.0,"volume":361.89475010096186,"difficulty":11.071428571428571,"level":0.0903225806451613,"effort":4006.6918761177917,"time":222.5939931176551,"bugs":0.08408839095370658},"loc":{"sloc":19.0,"ploc":12.0,"lloc":8.0,"cloc":0.0,"blank":7.0,"sloc_average":9.5,"ploc_average":6.0,"lloc_average":4.0,"cloc_average":0.0,"blank_average":3.5,"sloc_min":14.0,"sloc_max":14.0,"cloc_min":0.0,"cloc_max":0.0,"ploc_min":10.0,"ploc_max":10.0,"lloc_min":8.0,"lloc_max":8.0,"blank_min":4.0,"blank_max":4.0},"nom":{"functions":1.0,"closures":0.0,"functions_average":0.5,"closures_average":0.0,"total":1.0,"average":0.5,"functions_min":0.0,"functions_max":1.0,"closures_min":0.0,"closures_max":0.0},"mi":{"mi_original":91.5150507328408,"mi_sei":56.836557163980885,"mi_visual_studio":53.517573527977085},"abc":{"assignments":0.0,"branches":0.0,"conditions":0.0,"magnitude":0.0,"assignments_average":0.0,"branches_average":0.0,"conditions_average":0.0,"assignments_min":0.0,"assignments_max":0.0,"branches_min":0.0,"branches_max":0.0,"conditions_min":0.0,"conditions_max":0.0}}}