{"name":"./merged/priv_codec.cpp","start_line":1,"end_line":78,"kind":"unit","spaces":[{"name":"CBORCodec<PrivateKey>::decode","start_line":6,"end_line":19,"kind":"function","spaces":[],"metrics":{"nargs":{"total_functions":2.0,"total_closures":0.0,"average_functions":2.0,"average_closures":0.0,"total":2.0,"average":2.0,"functions_min":2.0,"functions_max":2.0,"closures_min":0.0,"closures_max":0.0},"nexits":{"sum":1.0,"average":1.0,"min":1.0,"max":1.0},"cognitive":{"sum":3.0,"average":3.0,"min":3.0,"max":3.0},"cyclomatic":{"sum":4.0,"average":4.0,"min":4.0,"max":4.0},"halstead":{"n1":15.0,"N1":38.0,"n2":19.0,"N2":29.0,"length":67.0,"estimated_program_length":139.3139816895559,"purity_ratio":2.0793131595456105,"vocabulary":34.0,"volume":340.86001036377274,"difficulty":11.447368421052632,"level":0.08735632183908046,"effort":3901.950118637925,"time":216.77500659099582,"bugs":0.08261645466509751},"loc":{"sloc":14.0,"ploc":10.0,"lloc":8.0,"cloc":0.0,"blank":4.0,"sloc_average":14.0,"ploc_average":10.0,"lloc_average":8.0,"cloc_average":0.0,"blank_average":4.0,"sloc_min":14.0,"sloc_max":14.0,"cloc_min":0.0,"cloc_max":0.0,"ploc_min":10.0,"ploc_max":10.0,"lloc_min":8.0,"lloc_max":8.0,"blank_min":4.0,"blank_max":4.0},"nom":{"functions":1.0,"closures":0.0,"functions_average":1.0,"closures_average":0.0,"total":1.0,"average":1.0,"functions_min":1.0,"functions_max":1.0,"closures_min":0.0,"closures_max":0.0},"mi":{"mi_original":97.00361755598311,"mi_sei":64.65306544191151,"mi_visual_studio":56.7272617286451},"abc":{"assignments":0.0,"branches":0.0,"conditions":0.0,"magnitude":0.0,"assignments_average":0.0,"branches_average":0.0,"conditions_average":0.0,"assignments_min":0.0,"assignments_max":0.0,"branches_min":0.0,"branches_max":0.0,"conditions_min":0.0,"conditions_max":0.0}}},{"name":"CBORCodec<PrivateKeyInfo>::decode","start_line":24,"end_line":38,"kind":"function","spaces":[],"metrics":{"nargs":{"total_functions":2.0,"total_closures":0.0,"average_functions":2.0,"average_closures":0.0,"total":2.0,"average":2.0,"functions_min":2.0,"functions_max":2.0,"closures_min":0.0,"closures_max":0.0},"nexits":{"sum":1.0,"average":1.0,"min":1.0,"max":1.0},"cognitive":{"sum":4.0,"average":4.0,"min":4.0,"max":4.0},"cyclomatic":{"sum":5.0,"average":5.0,"min":5.0,"max":5.0},"halstead":{"n1":14.0,"N1":45.0,"n2":18.0,"N2":32.0,"length":77.0,"estimated_program_length":128.36161893476807,"purity_ratio":1.667034012139845,"vocabulary":32.0,"volume":385.0,"difficulty":12.444444444444445,"level":0.08035714285714285,"effort":4791.111111111111,"time":266.17283950617286,"bugs":0.09473335258012718},"loc":{"sloc":15.0,"ploc":11.0,"lloc":9.0,"cloc":0.0,"blank":4.0,"sloc_average":15.0,"ploc_average":11.0,"lloc_average":9.0,"cloc_average":0.0,"blank_average":4.0,"sloc_min":15.0,"sloc_max":15.0,"cloc_min":0.0,"cloc_max":0.0,"ploc_min":11.0,"ploc_max":11.0,"lloc_min":9.0,"lloc_max":9.0,"blank_min":4.0,"blank_max":4.0},"nom":{"functions":1.0,"closures":0.0,"functions_average":1.0,"closures_average":0.0,"total":1.0,"average":1.0,"functions_min":1.0,"functions_max":1.0,"closures_min":0.0,"closures_max":0.0},"mi":{"mi_original":95.0227214038477,"mi_sei":61.89705624611423,"mi_visual_studio":55.56884292622672},"abc":{"assignments":0.0,"branches":0.0,"conditions":0.0,"magnitude":0.0,"assignments_average":0.0,"branches_average":0.0,"conditions_average":0.0,"assignments_min":0.0,"assignments_max":0.0,"branches_min":0.0,"branches_max":0.0,"conditions_min":0.0,"conditions_max":0.0}}},{"name":"CBORCodec<C509PrivateKey>::decode","start_line":42,"end_line":56,"kind":"function","spaces":[],"metrics":{"nargs":{"total_functions":2.0,"total_closures":0.0,"average_functions":2.0,"average_closures":0.0,"total":2.0,"average":2.0,"functions_min":2.0,"functions_max":2.0,"closures_min":0.0,"closures_max":0.0},"nexits":{"sum":1.0,"average":1.0,"min":1.0,"max":1.0},"cognitive":{"sum":4.0,"average":4.0,"min":4.0,"max":4.0},"cyclomatic":{"sum":5.0,"average":5.0,"min":5.0,"max":5.0},"halstead":{"n1":14.0,"N1":45.0,"n2":18.0,"N2":32.0,"length":77.0,"estimated_program_length":128.36161893476807,"purity_ratio":1.667034012139845,"vocabulary":32.0,"volume":385.0,"difficulty":12.444444444444445,"level":0.08035714285714285,"effort":4791.111111111111,"time":266.17283950617286,"bugs":0.09473335258012718},"loc":{"sloc":15.0,"ploc":11.0,"lloc":9.0,"cloc":0.0,"blank":4.0,"sloc_average":15.0,"ploc_average":11.0,"lloc_average":9.0,"cloc_average":0.0,"blank_average":4.0,"sloc_min":15.0,"sloc_max":15.0,"cloc_min":0.0,"cloc_max":0.0,"ploc_min":11.0,"ploc_max":11.0,"lloc_min":9.0,"lloc_max":9.0,"blank_min":4.0,"blank_max":4.0},"nom":{"functions":1.0,"closures":0.0,"functions_average":1.0,"closures_average":0.0,"total":1.0,"average":1.0,"functions_min":1.0,"functions_max":1.0,"closures_min":0.0,"closures_max":0.0},"mi":{"mi_original":95.0227214038477,"mi_sei":61.89705624611423,"mi_visual_studio":55.56884292622672},"abc":{"assignments":0.0,"branches":0.0,"conditions":0.0,"magnitude":0.0,"assignments_average":0.0,"branches_average":0.0,"conditions_average":0.0,"assignments_min":0.0,"assignments_max":0.0,"branches_min":0.0,"branches_max":0.0,"conditions_min":0.0,"conditions_max":0.0}}},{"name":"CBORCodec<C509PEM>::decode","start_line":60,"end_line":78,"kind":"function","spaces":[],"metrics":{"nargs":{"total_functions":2.0,"total_closures":0.0,"average_functions":2.0,"average_closures":0.0,"total":2.0,"average":2.0,"functions_min":2.0,"functions_max":2.0,"closures_min":0.0,"closures_max":0.0},"nexits":{"sum":1.0,"average":1.0,"min":1.0,"max":1.0},"cognitive":{"sum":7.0,"average":7.0,"min":7.0,"max":7.0},"cyclomatic":{"sum":6.0,"average":6.0,"min":6.0,"max":6.0},"halstead":{"n1":15.0,"N1":58.0,"n2":23.0,"N2":39.0,"length":97.0,"estimated_program_length":162.64528392343908,"purity_ratio":1.6767555043653513,"vocabulary":38.0,"volume":509.04896880402777,"difficulty":12.717391304347826,"level":0.07863247863247863,"effort":6473.774929355571,"time":359.65416274197617,"bugs":0.11578451377816659},"loc":{"sloc":19.0,"ploc":14.0,"lloc":11.0,"cloc":0.0,"blank":5.0,"sloc_average":19.0,"ploc_average":14.0,"lloc_average":11.0,"cloc_average":0.0,"blank_average":5.0,"sloc_min":19.0,"sloc_max":19.0,"cloc_min":0.0,"cloc_max":0.0,"ploc_min":14.0,"ploc_max":14.0,"lloc_min":11.0,"lloc_max":11.0,"blank_min":5.0,"blank_max":5.0},"nom":{"functions":1.0,"closures":0.0,"functions_average":1.0,"closures_average":0.0,"total":1.0,"average":1.0,"functions_min":1.0,"functions_max":1.0,"closures_min":0.0,"closures_max":0.0},"mi":{"mi_original":89.51085860481443,"mi_sei":54.046938979293,"mi_visual_studio":52.3455313478447},"abc":{"assignments":0.0,"branches":0.0,"conditions":0.0,"magnitude":0.0,"assignments_average":0.0,"branches_average":0.0,"conditions_average":0.0,"assignments_min":0.0,"assignments_max":0.0,"branches_min":0.0,"branches_max":0.0,"conditions_min":0.0,"conditions_max":0.0}}}],"metrics":{"nargs":{"total_functions":8.0,"total_closures":0.0,"average_functions":2.0,"average_closures":0.0,"total":8.0,"average":2.0,"functions_min":0.0,"functions_max":2.0,"closures_min":0.0,"closures_max":0.0},"nexits":{"sum":4.0,"average":1.0,"min":0.0,"max":1.0},"cognitive":{"sum":18.0,"average":4.5,"min":0.0,"max":7.0},"cyclomatic":{"sum":21.0,"average":4.2,"min":1.0,"max":6.0},"halstead":{"n1":16.0,"N1":187.0,"n2":51.0,"N2":134.0,"length":321.0,"estimated_program_length":353.29369244054624,"purity_ratio":1.100603403241577,"vocabulary":67.0,"volume":1947.2146301369448,"difficulty":21.019607843137255,"level":0.04757462686567164,"effort":40929.68791189814,"time":2273.871550661008,"bugs":0.3958868115670804},"loc":{"sloc":78.0,"ploc":48.0,"lloc":37.0,"cloc":0.0,"blank":30.0,"sloc_average":15.6,"ploc_average":9.6,"lloc_average":7.4,"cloc_average":0.0,"blank_average":6.0,"sloc_min":14.0,"sloc_max":19.0,"cloc_min":0.0,"cloc_max":0.0,"ploc_min":10.0,"ploc_max":14.0,"lloc_min":8.0,"lloc_max":11.0,"blank_min":4.0,"blank_max":5.0},"nom":{"functions":4.0,"closures":0.0,"functions_average":0.8,"closures_average":0.0,"total":4.0,"average":0.8,"functions_min":0.0,"functions_max":1.0,"closures_min":0.0,"closures_max":0.0},"mi":{"mi_original":56.20570978236367,"mi_sei":7.525063828141313,"mi_visual_studio":32.86883613003723},"abc":{"assignments":0.0,"branches":0.0,"conditions":0.0,"magnitude":0.0,"assignments_average":0.0,"branches_average":0.0,"conditions_average":0.0,"assignments_min":0.0,"assignments_max":0.0,"branches_min":0.0,"branches_max":0.0,"conditions_min":0.0,"conditions_max":0.0}}}