{"name":"./merged/priv.hpp","start_line":1,"end_line":67,"kind":"unit","spaces":[{"name":"C509","start_line":32,"end_line":65,"kind":"namespace","spaces":[{"name":"PrivateKey","start_line":35,"end_line":39,"kind":"struct","spaces":[],"metrics":{"nargs":{"total_functions":0.0,"total_closures":0.0,"average_functions":0.0,"average_closures":0.0,"total":0.0,"average":0.0,"functions_min":0.0,"functions_max":0.0,"closures_min":0.0,"closures_max":0.0},"nexits":{"sum":0.0,"average":null,"min":0.0,"max":0.0},"cognitive":{"sum":0.0,"average":null,"min":0.0,"max":0.0},"cyclomatic":{"sum":1.0,"average":1.0,"min":1.0,"max":1.0},"halstead":{"n1":8.0,"N1":9.0,"n2":6.0,"N2":6.0,"length":15.0,"estimated_program_length":39.50977500432694,"purity_ratio":2.6339850002884626,"vocabulary":14.0,"volume":57.11032383086406,"difficulty":4.0,"level":0.25,"effort":228.44129532345625,"time":12.691183073525346,"bugs":0.012456474825802914},"loc":{"sloc":5.0,"ploc":4.0,"lloc":0.0,"cloc":0.0,"blank":1.0,"sloc_average":5.0,"ploc_average":4.0,"lloc_average":0.0,"cloc_average":0.0,"blank_average":1.0,"sloc_min":5.0,"sloc_max":5.0,"cloc_min":0.0,"cloc_max":0.0,"ploc_min":4.0,"ploc_max":4.0,"lloc_min":0.0,"lloc_max":0.0,"blank_min":1.0,"blank_max":1.0},"nom":{"functions":0.0,"closures":0.0,"functions_average":0.0,"closures_average":0.0,"total":0.0,"average":0.0,"functions_min":0.0,"functions_max":0.0,"closures_min":0.0,"closures_max":0.0},"mi":{"mi_original":123.66318432316916,"mi_sei":102.80923063096563,"mi_visual_studio":72.31765165097612},"abc":{"assignments":0.0,"branches":0.0,"conditions":0.0,"magnitude":0.0,"assignments_average":0.0,"branches_average":0.0,"conditions_average":0.0,"assignments_min":0.0,"assignments_max":0.0,"branches_min":0.0,"branches_max":0.0,"conditions_min":0.0,"conditions_max":0.0}}},{"name":"PrivateKeyInfo","start_line":45,"end_line":50,"kind":"struct","spaces":[],"metrics":{"nargs":{"total_functions":0.0,"total_closures":0.0,"average_functions":0.0,"average_closures":0.0,"total":0.0,"average":0.0,"functions_min":0.0,"functions_max":0.0,"closures_min":0.0,"closures_max":0.0},"nexits":{"sum":0.0,"average":null,"min":0.0,"max":0.0},"cognitive":{"sum":0.0,"average":null,"min":0.0,"max":0.0},"cyclomatic":{"sum":1.0,"average":1.0,"min":1.0,"max":1.0},"halstead":{"n1":4.0,"N1":6.0,"n2":7.0,"N2":7.0,"length":13.0,"estimated_program_length":27.651484454403228,"purity_ratio":2.127037265723325,"vocabulary":11.0,"volume":44.97261104228487,"difficulty":2.0,"level":0.5,"effort":89.94522208456974,"time":4.996956782476096,"bugs":0.0066916129184236926},"loc":{"sloc":6.0,"ploc":5.0,"lloc":0.0,"cloc":0.0,"blank":1.0,"sloc_average":6.0,"ploc_average":5.0,"lloc_average":0.0,"cloc_average":0.0,"blank_average":1.0,"sloc_min":6.0,"sloc_max":6.0,"cloc_min":0.0,"cloc_max":0.0,"ploc_min":5.0,"ploc_max":5.0,"lloc_min":0.0,"lloc_max":0.0,"blank_min":1.0,"blank_max":1.0},"nom":{"functions":0.0,"closures":0.0,"functions_average":0.0,"closures_average":0.0,"total":0.0,"average":0.0,"functions_min":0.0,"functions_max":0.0,"closures_min":0.0,"closures_max":0.0},"mi":{"mi_original":121.95201756147767,"mi_sei":100.34053882973936,"mi_visual_studio":71.31696933419747},"abc":{"assignments":0.0,"branches":0.0,"conditions":0.0,"magnitude":0.0,"assignments_average":0.0,"branches_average":0.0,"conditions_average":0.0,"assignments_min":0.0,"assignments_max":0.0,"branches_min":0.0,"branches_max":0.0,"conditions_min":0.0,"conditions_max":0.0}}},{"name":"C509PrivateKey","start_line":52,"end_line":57,"kind":"struct","spaces":[],"metrics":{"nargs":{"total_functions":0.0,"total_closures":0.0,"average_functions":0.0,"average_closures":0.0,"total":0.0,"average":0.0,"functions_min":0.0,"functions_max":0.0,"closures_min":0.0,"closures_max":0.0},"nexits":{"sum":0.0,"average":null,"min":0.0,"max":0.0},"cognitive":{"sum":0.0,"average":null,"min":0.0,"max":0.0},"cyclomatic":{"sum":1.0,"average":1.0,"min":1.0,"max":1.0},"halstead":{"n1":4.0,"N1":6.0,"n2":7.0,"N2":7.0,"length":13.0,"estimated_program_length":27.651484454403228,"purity_ratio":2.127037265723325,"vocabulary":11.0,"volume":44.97261104228487,"difficulty":2.0,"level":0.5,"effort":89.94522208456974,"time":4.996956782476096,"bugs":0.0066916129184236926},"loc":{"sloc":6.0,"ploc":5.0,"lloc":0.0,"cloc":0.0,"blank":1.0,"sloc_average":6.0,"ploc_average":5.0,"lloc_average":0.0,"cloc_average":0.0,"blank_average":1.0,"sloc_min":6.0,"sloc_max":6.0,"cloc_min":0.0,"cloc_max":0.0,"ploc_min":5.0,"ploc_max":5.0,"lloc_min":0.0,"lloc_max":0.0,"blank_min":1.0,"blank_max":1.0},"nom":{"functions":0.0,"closures":0.0,"functions_average":0.0,"closures_average":0.0,"total":0.0,"average":0.0,"functions_min":0.0,"functions_max":0.0,"closures_min":0.0,"closures_max":0.0},"mi":{"mi_original":121.95201756147767,"mi_sei":100.34053882973936,"mi_visual_studio":71.31696933419747},"abc":{"assignments":0.0,"branches":0.0,"conditions":0.0,"magnitude":0.0,"assignments_average":0.0,"branches_average":0.0,"conditions_average":0.0,"assignments_min":0.0,"assignments_max":0.0,"branches_min":0.0,"branches_max":0.0,"conditions_min":0.0,"conditions_max":0.0}}},{"name":"C509PEM","start_line":59,"end_line":64,"kind":"struct","spaces":[],"metrics":{"nargs":{"total_functions":0.0,"total_closures":0.0,"average_functions":0.0,"average_closures":0.0,"total":0.0,"average":0.0,"functions_min":0.0,"functions_max":0.0,"closures_min":0.0,"closures_max":0.0},"nexits":{"sum":0.0,"average":null,"min":0.0,"max":0.0},"cognitive":{"sum":0.0,"average":null,"min":0.0,"max":0.0},"cyclomatic":{"sum":1.0,"average":1.0,"min":1.0,"max":1.0},"halstead":{"n1":6.0,"N1":8.0,"n2":8.0,"N2":8.0,"length":16.0,"estimated_program_length":39.50977500432694,"purity_ratio":2.4693609377704338,"vocabulary":14.0,"volume":60.91767875292167,"difficulty":3.0,"level":0.3333333333333333,"effort":182.753036258765,"time":10.152946458820278,"bugs":0.010734664592087467},"loc":{"sloc":6.0,"ploc":5.0,"lloc":0.0,"cloc":0.0,"blank":1.0,"sloc_average":6.0,"ploc_average":5.0,"lloc_average":0.0,"cloc_average":0.0,"blank_average":1.0,"sloc_min":6.0,"sloc_max":6.0,"cloc_min":0.0,"cloc_max":0.0,"ploc_min":5.0,"ploc_max":5.0,"lloc_min":0.0,"lloc_max":0.0,"blank_min":1.0,"blank_max":1.0},"nom":{"functions":0.0,"closures":0.0,"functions_average":0.0,"closures_average":0.0,"total":0.0,"average":0.0,"functions_min":0.0,"functions_max":0.0,"closures_min":0.0,"closures_max":0.0},"mi":{"mi_original":120.3739747931917,"mi_sei":98.06390435362246,"mi_visual_studio":70.39413730596006},"abc":{"assignments":0.0,"branches":0.0,"conditions":0.0,"magnitude":0.0,"assignments_average":0.0,"branches_average":0.0,"conditions_average":0.0,"assignments_min":0.0,"assignments_max":0.0,"branches_min":0.0,"branches_max":0.0,"conditions_min":0.0,"conditions_max":0.0}}}],"metrics":{"nargs":{"total_functions":0.0,"total_closures":0.0,"average_functions":0.0,"average_closures":0.0,"total":0.0,"average":0.0,"functions_min":0.0,"functions_max":0.0,"closures_min":0.0,"closures_max":0.0},"nexits":{"sum":0.0,"average":null,"min":0.0,"max":0.0},"cognitive":{"sum":0.0,"average":null,"min":0.0,"max":0.0},"cyclomatic":{"sum":5.0,"average":1.0,"min":1.0,"max":1.0},"halstead":{"n1":8.0,"N1":34.0,"n2":19.0,"N2":29.0,"length":63.0,"estimated_program_length":104.71062275542812,"purity_ratio":1.6620733770702876,"vocabulary":27.0,"volume":299.5579126362985,"difficulty":6.105263157894737,"level":0.16379310344827586,"effort":1828.8798876742437,"time":101.60443820412465,"bugs":0.049850425308189034},"loc":{"sloc":34.0,"ploc":21.0,"lloc":0.0,"cloc":6.0,"blank":7.0,"sloc_average":6.8,"ploc_average":4.2,"lloc_average":0.0,"cloc_average":1.2,"blank_average":1.4,"sloc_min":5.0,"sloc_max":6.0,"cloc_min":0.0,"cloc_max":0.0,"ploc_min":4.0,"ploc_max":5.0,"lloc_min":0.0,"lloc_max":0.0,"blank_min":1.0,"blank_max":1.0},"nom":{"functions":0.0,"closures":0.0,"functions_average":0.0,"closures_average":0.0,"total":0.0,"average":0.0,"functions_min":0.0,"functions_max":0.0,"closures_min":0.0,"closures_max":0.0},"mi":{"mi_original":83.07095913227656,"mi_sei":74.94511887461246,"mi_visual_studio":48.579508264489206},"abc":{"assignments":0.0,"branches":0.0,"conditions":0.0,"magnitude":0.0,"assignments_average":0.0,"branches_average":0.0,"conditions_average":0.0,"assignments_min":0.0,"assignments_max":0.0,"branches_min":0.0,"branches_max":0.0,"conditions_min":0.0,"conditions_max":0.0}}}],"metrics":{"nargs":{"total_functions":0.0,"total_closures":0.0,"average_functions":0.0,"average_closures":0.0,"total":0.0,"average":0.0,"functions_min":0.0,"functions_max":0.0,"closures_min":0.0,"closures_max":0.0},"nexits":{"sum":0.0,"average":null,"min":0.0,"max":0.0},"cognitive":{"sum":0.0,"average":null,"min":0.0,"max":0.0},"cyclomatic":{"sum":6.0,"average":1.0,"min":1.0,"max":1.0},"halstead":{"n1":8.0,"N1":34.0,"n2":23.0,"N2":35.0,"length":69.0,"estimated_program_length":128.0419249893113,"purity_ratio":1.8556800723088593,"vocabulary":31.0,"volume":341.83954541669436,"difficulty":6.086956521739131,"level":0.16428571428571428,"effort":2080.7624503624875,"time":115.59791390902708,"bugs":0.05432842062648172},"loc":{"sloc":67.0,"ploc":29.0,"lloc":0.0,"cloc":25.0,"blank":14.0,"sloc_average":11.166666666666666,"ploc_average":4.833333333333333,"lloc_average":0.0,"cloc_average":4.166666666666667,"blank_average":2.3333333333333335,"sloc_min":34.0,"sloc_max":34.0,"cloc_min":6.0,"cloc_max":6.0,"ploc_min":21.0,"ploc_max":21.0,"lloc_min":0.0,"lloc_max":0.0,"blank_min":7.0,"blank_max":7.0},"nom":{"functions":0.0,"closures":0.0,"functions_average":0.0,"closures_average":0.0,"total":0.0,"average":0.0,"functions_min":0.0,"functions_max":0.0,"closures_min":0.0,"closures_max":0.0},"mi":{"mi_original":71.165403965953,"mi_sei":68.1435260139036,"mi_visual_studio":41.6171953017269},"abc":{"assignments":0.0,"branches":0.0,"conditions":0.0,"magnitude":0.0,"assignments_average":0.0,"branches_average":0.0,"conditions_average":0.0,"assignments_min":0.0,"assignments_max":0.0,"branches_min":0.0,"branches_max":0.0,"conditions_min":0.0,"conditions_max":0.0}}}