{"name":"./merged/sig.hpp","start_line":1,"end_line":35,"kind":"unit","spaces":[{"name":"C509","start_line":24,"end_line":33,"kind":"namespace","spaces":[{"name":"SignatureValue","start_line":28,"end_line":32,"kind":"struct","spaces":[],"metrics":{"nargs":{"total_functions":0.0,"total_closures":0.0,"average_functions":0.0,"average_closures":0.0,"total":0.0,"average":0.0,"functions_min":0.0,"functions_max":0.0,"closures_min":0.0,"closures_max":0.0},"nexits":{"sum":0.0,"average":null,"min":0.0,"max":0.0},"cognitive":{"sum":0.0,"average":null,"min":0.0,"max":0.0},"cyclomatic":{"sum":1.0,"average":1.0,"min":1.0,"max":1.0},"halstead":{"n1":8.0,"N1":9.0,"n2":6.0,"N2":6.0,"length":15.0,"estimated_program_length":39.50977500432694,"purity_ratio":2.6339850002884626,"vocabulary":14.0,"volume":57.11032383086406,"difficulty":4.0,"level":0.25,"effort":228.44129532345625,"time":12.691183073525346,"bugs":0.012456474825802914},"loc":{"sloc":5.0,"ploc":4.0,"lloc":0.0,"cloc":0.0,"blank":1.0,"sloc_average":5.0,"ploc_average":4.0,"lloc_average":0.0,"cloc_average":0.0,"blank_average":1.0,"sloc_min":5.0,"sloc_max":5.0,"cloc_min":0.0,"cloc_max":0.0,"ploc_min":4.0,"ploc_max":4.0,"lloc_min":0.0,"lloc_max":0.0,"blank_min":1.0,"blank_max":1.0},"nom":{"functions":0.0,"closures":0.0,"functions_average":0.0,"closures_average":0.0,"total":0.0,"average":0.0,"functions_min":0.0,"functions_max":0.0,"closures_min":0.0,"closures_max":0.0},"mi":{"mi_original":123.66318432316916,"mi_sei":102.80923063096563,"mi_visual_studio":72.31765165097612},"abc":{"assignments":0.0,"branches":0.0,"conditions":0.0,"magnitude":0.0,"assignments_average":0.0,"branches_average":0.0,"conditions_average":0.0,"assignments_min":0.0,"assignments_max":0.0,"branches_min":0.0,"branches_max":0.0,"conditions_min":0.0,"conditions_max":0.0}}}],"metrics":{"nargs":{"total_functions":0.0,"total_closures":0.0,"average_functions":0.0,"average_closures":0.0,"total":0.0,"average":0.0,"functions_min":0.0,"functions_max":0.0,"closures_min":0.0,"closures_max":0.0},"nexits":{"sum":0.0,"average":null,"min":0.0,"max":0.0},"cognitive":{"sum":0.0,"average":null,"min":0.0,"max":0.0},"cyclomatic":{"sum":2.0,"average":1.0,"min":1.0,"max":1.0},"halstead":{"n1":8.0,"N1":11.0,"n2":7.0,"N2":7.0,"length":18.0,"estimated_program_length":43.65148445440323,"purity_ratio":2.4250824696890683,"vocabulary":15.0,"volume":70.32403072095333,"difficulty":4.0,"level":0.25,"effort":281.2961228838133,"time":15.627562382434073,"bugs":0.014310492360184729},"loc":{"sloc":10.0,"ploc":6.0,"lloc":0.0,"cloc":3.0,"blank":1.0,"sloc_average":5.0,"ploc_average":3.0,"lloc_average":0.0,"cloc_average":1.5,"blank_average":0.5,"sloc_min":5.0,"sloc_max":5.0,"cloc_min":0.0,"cloc_max":0.0,"ploc_min":4.0,"ploc_max":4.0,"lloc_min":0.0,"lloc_max":0.0,"blank_min":1.0,"blank_max":1.0},"nom":{"functions":0.0,"closures":0.0,"functions_average":0.0,"closures_average":0.0,"total":0.0,"average":0.0,"functions_min":0.0,"functions_max":0.0,"closures_min":0.0,"closures_max":0.0},"mi":{"mi_original":111.1219309220645,"mi_sei":122.33325576299717,"mi_visual_studio":64.98358533454063},"abc":{"assignments":0.0,"branches":0.0,"conditions":0.0,"magnitude":0.0,"assignments_average":0.0,"branches_average":0.0,"conditions_average":0.0,"assignments_min":0.0,"assignments_max":0.0,"branches_min":0.0,"branches_max":0.0,"conditions_min":0.0,"conditions_max":0.0}}}],"metrics":{"nargs":{"total_functions":0.0,"total_closures":0.0,"average_functions":0.0,"average_closures":0.0,"total":0.0,"average":0.0,"functions_min":0.0,"functions_max":0.0,"closures_min":0.0,"closures_max":0.0},"nexits":{"sum":0.0,"average":null,"min":0.0,"max":0.0},"cognitive":{"sum":0.0,"average":null,"min":0.0,"max":0.0},"cyclomatic":{"sum":3.0,"average":1.0,"min":1.0,"max":1.0},"halstead":{"n1":8.0,"N1":11.0,"n2":9.0,"N2":11.0,"length":22.0,"estimated_program_length":52.529325012980806,"purity_ratio":2.3876965914991275,"vocabulary":17.0,"volume":89.92418250750745,"difficulty":4.888888888888889,"level":0.20454545454545453,"effort":439.6293367033698,"time":24.4238520390761,"bugs":0.019272432010179648},"loc":{"sloc":35.0,"ploc":12.0,"lloc":0.0,"cloc":18.0,"blank":6.0,"sloc_average":11.666666666666666,"ploc_average":4.0,"lloc_average":0.0,"cloc_average":6.0,"blank_average":2.0,"sloc_min":10.0,"sloc_max":10.0,"cloc_min":3.0,"cloc_max":3.0,"ploc_min":6.0,"ploc_max":6.0,"lloc_min":0.0,"lloc_max":0.0,"blank_min":1.0,"blank_max":1.0},"nom":{"functions":0.0,"closures":0.0,"functions_average":0.0,"closures_average":0.0,"total":0.0,"average":0.0,"functions_min":0.0,"functions_max":0.0,"closures_min":0.0,"closures_max":0.0},"mi":{"mi_original":89.31873353055475,"mi_sei":98.27109411129449,"mi_visual_studio":52.23317750324839},"abc":{"assignments":0.0,"branches":0.0,"conditions":0.0,"magnitude":0.0,"assignments_average":0.0,"branches_average":0.0,"conditions_average":0.0,"assignments_min":0.0,"assignments_max":0.0,"branches_min":0.0,"branches_max":0.0,"conditions_min":0.0,"conditions_max":0.0}}}