{"name":"./merged/structures.hpp","start_line":1,"end_line":57,"kind":"unit","spaces":[{"name":"bounded_array","start_line":8,"end_line":37,"kind":"class","spaces":[{"name":"bounded_array","start_line":13,"end_line":13,"kind":"function","spaces":[],"metrics":{"nargs":{"total_functions":0.0,"total_closures":0.0,"average_functions":0.0,"average_closures":0.0,"total":0.0,"average":0.0,"functions_min":0.0,"functions_max":0.0,"closures_min":0.0,"closures_max":0.0},"nexits":{"sum":0.0,"average":0.0,"min":0.0,"max":0.0},"cognitive":{"sum":0.0,"average":0.0,"min":0.0,"max":0.0},"cyclomatic":{"sum":1.0,"average":1.0,"min":1.0,"max":1.0},"halstead":{"n1":4.0,"N1":4.0,"n2":1.0,"N2":1.0,"length":5.0,"estimated_program_length":8.0,"purity_ratio":1.6,"vocabulary":5.0,"volume":11.60964047443681,"difficulty":2.0,"level":0.5,"effort":23.21928094887362,"time":1.289960052715201,"bugs":0.002712967490108627},"loc":{"sloc":1.0,"ploc":1.0,"lloc":0.0,"cloc":0.0,"blank":0.0,"sloc_average":1.0,"ploc_average":1.0,"lloc_average":0.0,"cloc_average":0.0,"blank_average":0.0,"sloc_min":1.0,"sloc_max":1.0,"cloc_min":0.0,"cloc_max":0.0,"ploc_min":1.0,"ploc_max":1.0,"lloc_min":0.0,"lloc_max":0.0,"blank_min":0.0,"blank_max":0.0},"nom":{"functions":1.0,"closures":0.0,"functions_average":1.0,"closures_average":0.0,"total":1.0,"average":1.0,"functions_min":1.0,"functions_max":1.0,"closures_min":0.0,"closures_max":0.0},"mi":{"mi_original":158.02045369261705,"mi_sei":152.37629276875444,"mi_visual_studio":92.40962204246611},"abc":{"assignments":0.0,"branches":0.0,"conditions":0.0,"magnitude":0.0,"assignments_average":0.0,"branches_average":0.0,"conditions_average":0.0,"assignments_min":0.0,"assignments_max":0.0,"branches_min":0.0,"branches_max":0.0,"conditions_min":0.0,"conditions_max":0.0}}}],"metrics":{"nargs":{"total_functions":0.0,"total_closures":0.0,"average_functions":0.0,"average_closures":0.0,"total":0.0,"average":0.0,"functions_min":0.0,"functions_max":0.0,"closures_min":0.0,"closures_max":0.0},"nexits":{"sum":0.0,"average":0.0,"min":0.0,"max":0.0},"cognitive":{"sum":0.0,"average":0.0,"min":0.0,"max":0.0},"cyclomatic":{"sum":2.0,"average":1.0,"min":1.0,"max":1.0},"halstead":{"n1":14.0,"N1":80.0,"n2":22.0,"N2":43.0,"length":123.0,"estimated_program_length":151.41046451882698,"purity_ratio":1.2309793863319267,"vocabulary":36.0,"volume":635.9007751774044,"difficulty":13.681818181818182,"level":0.07308970099667775,"effort":8700.278787654488,"time":483.34882153636045,"bugs":0.14100489561606352},"loc":{"sloc":30.0,"ploc":24.0,"lloc":2.0,"cloc":0.0,"blank":6.0,"sloc_average":15.0,"ploc_average":12.0,"lloc_average":1.0,"cloc_average":0.0,"blank_average":3.0,"sloc_min":1.0,"sloc_max":1.0,"cloc_min":0.0,"cloc_max":0.0,"ploc_min":1.0,"ploc_max":1.0,"lloc_min":0.0,"lloc_max":0.0,"blank_min":0.0,"blank_max":0.0},"nom":{"functions":1.0,"closures":0.0,"functions_average":0.5,"closures_average":0.0,"total":1.0,"average":0.5,"functions_min":0.0,"functions_max":1.0,"closures_min":0.0,"closures_max":0.0},"mi":{"mi_original":81.87438122313031,"mi_sei":42.622551493258754,"mi_visual_studio":47.8797551012458},"abc":{"assignments":0.0,"branches":0.0,"conditions":0.0,"magnitude":0.0,"assignments_average":0.0,"branches_average":0.0,"conditions_average":0.0,"assignments_min":0.0,"assignments_max":0.0,"branches_min":0.0,"branches_max":0.0,"conditions_min":0.0,"conditions_max":0.0}}},{"name":"optional","start_line":40,"end_line":53,"kind":"class","spaces":[{"name":"optional","start_line":45,"end_line":45,"kind":"function","spaces":[],"metrics":{"nargs":{"total_functions":0.0,"total_closures":0.0,"average_functions":0.0,"average_closures":0.0,"total":0.0,"average":0.0,"functions_min":0.0,"functions_max":0.0,"closures_min":0.0,"closures_max":0.0},"nexits":{"sum":0.0,"average":0.0,"min":0.0,"max":0.0},"cognitive":{"sum":0.0,"average":0.0,"min":0.0,"max":0.0},"cyclomatic":{"sum":1.0,"average":1.0,"min":1.0,"max":1.0},"halstead":{"n1":4.0,"N1":4.0,"n2":1.0,"N2":1.0,"length":5.0,"estimated_program_length":8.0,"purity_ratio":1.6,"vocabulary":5.0,"volume":11.60964047443681,"difficulty":2.0,"level":0.5,"effort":23.21928094887362,"time":1.289960052715201,"bugs":0.002712967490108627},"loc":{"sloc":1.0,"ploc":1.0,"lloc":0.0,"cloc":0.0,"blank":0.0,"sloc_average":1.0,"ploc_average":1.0,"lloc_average":0.0,"cloc_average":0.0,"blank_average":0.0,"sloc_min":1.0,"sloc_max":1.0,"cloc_min":0.0,"cloc_max":0.0,"ploc_min":1.0,"ploc_max":1.0,"lloc_min":0.0,"lloc_max":0.0,"blank_min":0.0,"blank_max":0.0},"nom":{"functions":1.0,"closures":0.0,"functions_average":1.0,"closures_average":0.0,"total":1.0,"average":1.0,"functions_min":1.0,"functions_max":1.0,"closures_min":0.0,"closures_max":0.0},"mi":{"mi_original":158.02045369261705,"mi_sei":152.37629276875444,"mi_visual_studio":92.40962204246611},"abc":{"assignments":0.0,"branches":0.0,"conditions":0.0,"magnitude":0.0,"assignments_average":0.0,"branches_average":0.0,"conditions_average":0.0,"assignments_min":0.0,"assignments_max":0.0,"branches_min":0.0,"branches_max":0.0,"conditions_min":0.0,"conditions_max":0.0}}}],"metrics":{"nargs":{"total_functions":0.0,"total_closures":0.0,"average_functions":0.0,"average_closures":0.0,"total":0.0,"average":0.0,"functions_min":0.0,"functions_max":0.0,"closures_min":0.0,"closures_max":0.0},"nexits":{"sum":0.0,"average":0.0,"min":0.0,"max":0.0},"cognitive":{"sum":0.0,"average":0.0,"min":0.0,"max":0.0},"cyclomatic":{"sum":2.0,"average":1.0,"min":1.0,"max":1.0},"halstead":{"n1":8.0,"N1":32.0,"n2":11.0,"N2":19.0,"length":51.0,"estimated_program_length":62.05374780501027,"purity_ratio":1.216740153039417,"vocabulary":19.0,"volume":216.64430318562285,"difficulty":6.909090909090909,"level":0.14473684210526316,"effort":1496.8151856461216,"time":83.15639920256231,"bugs":0.043617174857640086},"loc":{"sloc":14.0,"ploc":13.0,"lloc":1.0,"cloc":0.0,"blank":1.0,"sloc_average":7.0,"ploc_average":6.5,"lloc_average":0.5,"cloc_average":0.0,"blank_average":0.5,"sloc_min":1.0,"sloc_max":1.0,"cloc_min":0.0,"cloc_max":0.0,"ploc_min":1.0,"ploc_max":1.0,"lloc_min":0.0,"lloc_max":0.0,"blank_min":0.0,"blank_max":0.0},"nom":{"functions":1.0,"closures":0.0,"functions_average":0.5,"closures_average":0.0,"total":1.0,"average":0.5,"functions_min":0.0,"functions_max":1.0,"closures_min":0.0,"closures_max":0.0},"mi":{"mi_original":99.82033562552684,"mi_sei":68.51309091361566,"mi_visual_studio":58.37446527808587},"abc":{"assignments":0.0,"branches":0.0,"conditions":0.0,"magnitude":0.0,"assignments_average":0.0,"branches_average":0.0,"conditions_average":0.0,"assignments_min":0.0,"assignments_max":0.0,"branches_min":0.0,"branches_max":0.0,"conditions_min":0.0,"conditions_max":0.0}}}],"metrics":{"nargs":{"total_functions":0.0,"total_closures":0.0,"average_functions":0.0,"average_closures":0.0,"total":0.0,"average":0.0,"functions_min":0.0,"functions_max":0.0,"closures_min":0.0,"closures_max":0.0},"nexits":{"sum":0.0,"average":0.0,"min":0.0,"max":0.0},"cognitive":{"sum":0.0,"average":0.0,"min":0.0,"max":0.0},"cyclomatic":{"sum":5.0,"average":1.0,"min":1.0,"max":1.0},"halstead":{"n1":14.0,"N1":120.0,"n2":34.0,"N2":68.0,"length":188.0,"estimated_program_length":226.276705511318,"purity_ratio":1.2035994974006277,"vocabulary":48.0,"volume":1049.9729501355773,"difficulty":14.0,"level":0.07142857142857142,"effort":14699.621301898082,"time":816.6456278832268,"bugs":0.20002433852547297},"loc":{"sloc":57.0,"ploc":45.0,"lloc":3.0,"cloc":1.0,"blank":12.0,"sloc_average":11.4,"ploc_average":9.0,"lloc_average":0.6,"cloc_average":0.2,"blank_average":2.4,"sloc_min":14.0,"sloc_max":30.0,"cloc_min":0.0,"cloc_max":0.0,"ploc_min":13.0,"ploc_max":24.0,"lloc_min":1.0,"lloc_max":2.0,"blank_min":1.0,"blank_max":6.0},"nom":{"functions":2.0,"closures":0.0,"functions_average":0.4,"closures_average":0.0,"total":2.0,"average":0.4,"functions_min":0.0,"functions_max":1.0,"closures_min":0.0,"closures_max":0.0},"mi":{"mi_original":68.17866711965102,"mi_sei":33.35720871683533,"mi_visual_studio":39.870565567047386},"abc":{"assignments":0.0,"branches":0.0,"conditions":0.0,"magnitude":0.0,"assignments_average":0.0,"branches_average":0.0,"conditions_average":0.0,"assignments_min":0.0,"assignments_max":0.0,"branches_min":0.0,"branches_max":0.0,"conditions_min":0.0,"conditions_max":0.0}}}