{"name":"./merged/time_codec.cpp","start_line":1,"end_line":13,"kind":"unit","spaces":[{"name":"CBORCodec<Time>::decode_unwrapped","start_line":5,"end_line":13,"kind":"function","spaces":[],"metrics":{"nargs":{"total_functions":2.0,"total_closures":0.0,"average_functions":2.0,"average_closures":0.0,"total":2.0,"average":2.0,"functions_min":2.0,"functions_max":2.0,"closures_min":0.0,"closures_max":0.0},"nexits":{"sum":1.0,"average":1.0,"min":1.0,"max":1.0},"cognitive":{"sum":1.0,"average":1.0,"min":1.0,"max":1.0},"cyclomatic":{"sum":2.0,"average":2.0,"min":2.0,"max":2.0},"halstead":{"n1":15.0,"N1":24.0,"n2":11.0,"N2":17.0,"length":41.0,"estimated_program_length":96.65710673913804,"purity_ratio":2.3574904082716595,"vocabulary":26.0,"volume":192.71802844378476,"difficulty":11.590909090909092,"level":0.08627450980392157,"effort":2233.7771478711416,"time":124.09873043728564,"bugs":0.05696026149400339},"loc":{"sloc":9.0,"ploc":7.0,"lloc":5.0,"cloc":0.0,"blank":2.0,"sloc_average":9.0,"ploc_average":7.0,"lloc_average":5.0,"cloc_average":0.0,"blank_average":2.0,"sloc_min":9.0,"sloc_max":9.0,"cloc_min":0.0,"cloc_max":0.0,"ploc_min":7.0,"ploc_max":7.0,"lloc_min":5.0,"lloc_max":5.0,"blank_min":2.0,"blank_max":2.0},"nom":{"functions":1.0,"closures":0.0,"functions_average":1.0,"closures_average":0.0,"total":1.0,"average":1.0,"functions_min":1.0,"functions_max":1.0,"closures_min":0.0,"closures_max":0.0},"mi":{"mi_original":107.586575581057,"mi_sei":79.71740678381279,"mi_visual_studio":62.91612607079357},"abc":{"assignments":0.0,"branches":0.0,"conditions":0.0,"magnitude":0.0,"assignments_average":0.0,"branches_average":0.0,"conditions_average":0.0,"assignments_min":0.0,"assignments_max":0.0,"branches_min":0.0,"branches_max":0.0,"conditions_min":0.0,"conditions_max":0.0}}}],"metrics":{"nargs":{"total_functions":2.0,"total_closures":0.0,"average_functions":2.0,"average_closures":0.0,"total":2.0,"average":2.0,"functions_min":0.0,"functions_max":2.0,"closures_min":0.0,"closures_max":0.0},"nexits":{"sum":1.0,"average":1.0,"min":0.0,"max":1.0},"cognitive":{"sum":1.0,"average":1.0,"min":0.0,"max":1.0},"cyclomatic":{"sum":3.0,"average":1.5,"min":1.0,"max":2.0},"halstead":{"n1":15.0,"N1":25.0,"n2":13.0,"N2":19.0,"length":44.0,"estimated_program_length":106.70907526996197,"purity_ratio":2.4252062561354992,"vocabulary":28.0,"volume":211.52361657053456,"difficulty":10.961538461538462,"level":0.09122807017543859,"effort":2318.6242585616287,"time":128.8124588089794,"bugs":0.05839365534111823},"loc":{"sloc":13.0,"ploc":9.0,"lloc":5.0,"cloc":0.0,"blank":4.0,"sloc_average":6.5,"ploc_average":4.5,"lloc_average":2.5,"cloc_average":0.0,"blank_average":2.0,"sloc_min":9.0,"sloc_max":9.0,"cloc_min":0.0,"cloc_max":0.0,"ploc_min":7.0,"ploc_max":7.0,"lloc_min":5.0,"lloc_max":5.0,"blank_min":2.0,"blank_max":2.0},"nom":{"functions":1.0,"closures":0.0,"functions_average":0.5,"closures_average":0.0,"total":1.0,"average":0.5,"functions_min":0.0,"functions_max":1.0,"closures_min":0.0,"closures_max":0.0},"mi":{"mi_original":100.91526980559519,"mi_sei":70.1945668847046,"mi_visual_studio":59.01477766409075},"abc":{"assignments":0.0,"branches":0.0,"conditions":0.0,"magnitude":0.0,"assignments_average":0.0,"branches_average":0.0,"conditions_average":0.0,"assignments_min":0.0,"assignments_max":0.0,"branches_min":0.0,"branches_max":0.0,"conditions_min":0.0,"conditions_max":0.0}}}