{"name":"./merged/time.hpp","start_line":1,"end_line":14,"kind":"unit","spaces":[{"name":"C509","start_line":6,"end_line":12,"kind":"namespace","spaces":[{"name":"Time","start_line":7,"end_line":11,"kind":"struct","spaces":[],"metrics":{"nargs":{"total_functions":0.0,"total_closures":0.0,"average_functions":0.0,"average_closures":0.0,"total":0.0,"average":0.0,"functions_min":0.0,"functions_max":0.0,"closures_min":0.0,"closures_max":0.0},"nexits":{"sum":0.0,"average":null,"min":0.0,"max":0.0},"cognitive":{"sum":0.0,"average":null,"min":0.0,"max":0.0},"cyclomatic":{"sum":1.0,"average":1.0,"min":1.0,"max":1.0},"halstead":{"n1":5.0,"N1":6.0,"n2":4.0,"N2":4.0,"length":10.0,"estimated_program_length":19.60964047443681,"purity_ratio":1.960964047443681,"vocabulary":9.0,"volume":31.69925001442312,"difficulty":2.5,"level":0.4,"effort":79.2481250360578,"time":4.402673613114322,"bugs":0.006149947511600477},"loc":{"sloc":5.0,"ploc":4.0,"lloc":0.0,"cloc":0.0,"blank":1.0,"sloc_average":5.0,"ploc_average":4.0,"lloc_average":0.0,"cloc_average":0.0,"blank_average":1.0,"sloc_min":5.0,"sloc_max":5.0,"cloc_min":0.0,"cloc_max":0.0,"ploc_min":4.0,"ploc_max":4.0,"lloc_min":0.0,"lloc_max":0.0,"blank_min":1.0,"blank_max":1.0},"nom":{"functions":0.0,"closures":0.0,"functions_average":0.0,"closures_average":0.0,"total":0.0,"average":0.0,"functions_min":0.0,"functions_max":0.0,"closures_min":0.0,"closures_max":0.0},"mi":{"mi_original":126.72438210545536,"mi_sei":107.22560549065022,"mi_visual_studio":74.10782579266396},"abc":{"assignments":0.0,"branches":0.0,"conditions":0.0,"magnitude":0.0,"assignments_average":0.0,"branches_average":0.0,"conditions_average":0.0,"assignments_min":0.0,"assignments_max":0.0,"branches_min":0.0,"branches_max":0.0,"conditions_min":0.0,"conditions_max":0.0}}}],"metrics":{"nargs":{"total_functions":0.0,"total_closures":0.0,"average_functions":0.0,"average_closures":0.0,"total":0.0,"average":0.0,"functions_min":0.0,"functions_max":0.0,"closures_min":0.0,"closures_max":0.0},"nexits":{"sum":0.0,"average":null,"min":0.0,"max":0.0},"cognitive":{"sum":0.0,"average":null,"min":0.0,"max":0.0},"cyclomatic":{"sum":2.0,"average":1.0,"min":1.0,"max":1.0},"halstead":{"n1":5.0,"N1":8.0,"n2":5.0,"N2":5.0,"length":13.0,"estimated_program_length":23.21928094887362,"purity_ratio":1.7860985345287401,"vocabulary":10.0,"volume":43.18506523353571,"difficulty":2.5,"level":0.4,"effort":107.96266308383927,"time":5.997925726879959,"bugs":0.0075577839187211115},"loc":{"sloc":7.0,"ploc":6.0,"lloc":0.0,"cloc":0.0,"blank":1.0,"sloc_average":3.5,"ploc_average":3.0,"lloc_average":0.0,"cloc_average":0.0,"blank_average":0.5,"sloc_min":5.0,"sloc_max":5.0,"cloc_min":0.0,"cloc_max":0.0,"ploc_min":4.0,"ploc_max":4.0,"lloc_min":0.0,"lloc_max":0.0,"blank_min":1.0,"blank_max":1.0},"nom":{"functions":0.0,"closures":0.0,"functions_average":0.0,"closures_average":0.0,"total":0.0,"average":0.0,"functions_min":0.0,"functions_max":0.0,"closures_min":0.0,"closures_max":0.0},"mi":{"mi_original":119.4356830241899,"mi_sei":96.81205533098111,"mi_visual_studio":69.8454286691169},"abc":{"assignments":0.0,"branches":0.0,"conditions":0.0,"magnitude":0.0,"assignments_average":0.0,"branches_average":0.0,"conditions_average":0.0,"assignments_min":0.0,"assignments_max":0.0,"branches_min":0.0,"branches_max":0.0,"conditions_min":0.0,"conditions_max":0.0}}}],"metrics":{"nargs":{"total_functions":0.0,"total_closures":0.0,"average_functions":0.0,"average_closures":0.0,"total":0.0,"average":0.0,"functions_min":0.0,"functions_max":0.0,"closures_min":0.0,"closures_max":0.0},"nexits":{"sum":0.0,"average":null,"min":0.0,"max":0.0},"cognitive":{"sum":0.0,"average":null,"min":0.0,"max":0.0},"cyclomatic":{"sum":3.0,"average":1.0,"min":1.0,"max":1.0},"halstead":{"n1":5.0,"N1":8.0,"n2":6.0,"N2":7.0,"length":15.0,"estimated_program_length":27.11941547876375,"purity_ratio":1.8079610319175832,"vocabulary":11.0,"volume":51.89147427955946,"difficulty":2.9166666666666665,"level":0.34285714285714286,"effort":151.35013331538175,"time":8.40834073974343,"bugs":0.009466743653436131},"loc":{"sloc":14.0,"ploc":10.0,"lloc":0.0,"cloc":1.0,"blank":4.0,"sloc_average":4.666666666666667,"ploc_average":3.3333333333333335,"lloc_average":0.0,"cloc_average":0.3333333333333333,"blank_average":1.3333333333333333,"sloc_min":7.0,"sloc_max":7.0,"cloc_min":0.0,"cloc_max":0.0,"ploc_min":6.0,"ploc_max":6.0,"lloc_min":0.0,"lloc_max":0.0,"blank_min":1.0,"blank_max":1.0},"nom":{"functions":0.0,"closures":0.0,"functions_average":0.0,"closures_average":0.0,"total":0.0,"average":0.0,"functions_min":0.0,"functions_max":0.0,"closures_min":0.0,"closures_max":0.0},"mi":{"mi_original":107.02166783627348,"mi_sei":99.11976828164251,"mi_visual_studio":62.58577066448742},"abc":{"assignments":0.0,"branches":0.0,"conditions":0.0,"magnitude":0.0,"assignments_average":0.0,"branches_average":0.0,"conditions_average":0.0,"assignments_min":0.0,"assignments_max":0.0,"branches_min":0.0,"branches_max":0.0,"conditions_min":0.0,"conditions_max":0.0}}}