{"name":"./merged/types.hpp","start_line":1,"end_line":10,"kind":"unit","spaces":[],"metrics":{"nargs":{"total_functions":0.0,"total_closures":0.0,"average_functions":0.0,"average_closures":0.0,"total":0.0,"average":0.0,"functions_min":0.0,"functions_max":0.0,"closures_min":0.0,"closures_max":0.0},"nexits":{"sum":0.0,"average":null,"min":0.0,"max":0.0},"cognitive":{"sum":0.0,"average":null,"min":0.0,"max":0.0},"cyclomatic":{"sum":1.0,"average":1.0,"min":1.0,"max":1.0},"halstead":{"n1":0.0,"N1":0.0,"n2":6.0,"N2":7.0,"length":7.0,"estimated_program_length":null,"purity_ratio":null,"vocabulary":6.0,"volume":18.094737505048094,"difficulty":0.0,"level":null,"effort":0.0,"time":0.0,"bugs":0.0},"loc":{"sloc":10.0,"ploc":8.0,"lloc":0.0,"cloc":1.0,"blank":2.0,"sloc_average":10.0,"ploc_average":8.0,"lloc_average":0.0,"cloc_average":1.0,"blank_average":2.0,"sloc_min":10.0,"sloc_max":10.0,"cloc_min":1.0,"cloc_max":1.0,"ploc_min":8.0,"ploc_max":8.0,"lloc_min":0.0,"lloc_max":0.0,"blank_min":2.0,"blank_max":2.0},"nom":{"functions":0.0,"closures":0.0,"functions_average":0.0,"closures_average":0.0,"total":0.0,"average":0.0,"functions_min":0.0,"functions_max":0.0,"closures_min":0.0,"closures_max":0.0},"mi":{"mi_original":118.41089151131435,"mi_sei":118.75856595695096,"mi_visual_studio":69.24613538673354},"abc":{"assignments":0.0,"branches":0.0,"conditions":0.0,"magnitude":0.0,"assignments_average":0.0,"branches_average":0.0,"conditions_average":0.0,"assignments_min":0.0,"assignments_max":0.0,"branches_min":0.0,"branches_max":0.0,"conditions_min":0.0,"conditions_max":0.0}}}