{"name":"./merged/zcbor_common.h","start_line":1,"end_line":542,"kind":"unit","spaces":[{"name":"zcbor_string","start_line":40,"end_line":43,"kind":"struct","spaces":[],"metrics":{"nargs":{"total_functions":0.0,"total_closures":0.0,"average_functions":0.0,"average_closures":0.0,"total":0.0,"average":0.0,"functions_min":0.0,"functions_max":0.0,"closures_min":0.0,"closures_max":0.0},"nexits":{"sum":0.0,"average":null,"min":0.0,"max":0.0},"cognitive":{"sum":0.0,"average":null,"min":0.0,"max":0.0},"cyclomatic":{"sum":1.0,"average":1.0,"min":1.0,"max":1.0},"halstead":{"n1":4.0,"N1":6.0,"n2":3.0,"N2":3.0,"length":9.0,"estimated_program_length":12.754887502163468,"purity_ratio":1.4172097224626077,"vocabulary":7.0,"volume":25.26619429851844,"difficulty":2.0,"level":0.5,"effort":50.53238859703688,"time":2.807354922057604,"bugs":0.004556086527391188},"loc":{"sloc":4.0,"ploc":4.0,"lloc":0.0,"cloc":0.0,"blank":0.0,"sloc_average":4.0,"ploc_average":4.0,"lloc_average":0.0,"cloc_average":0.0,"blank_average":0.0,"sloc_min":4.0,"sloc_max":4.0,"cloc_min":0.0,"cloc_max":0.0,"ploc_min":4.0,"ploc_max":4.0,"lloc_min":0.0,"lloc_max":0.0,"blank_min":0.0,"blank_max":0.0},"nom":{"functions":0.0,"closures":0.0,"functions_average":0.0,"closures_average":0.0,"total":0.0,"average":0.0,"functions_min":0.0,"functions_max":0.0,"closures_min":0.0,"closures_max":0.0},"mi":{"mi_original":131.51880134567776,"mi_sei":114.14249035246172,"mi_visual_studio":76.91157973431449},"abc":{"assignments":0.0,"branches":0.0,"conditions":0.0,"magnitude":0.0,"assignments_average":0.0,"branches_average":0.0,"conditions_average":0.0,"assignments_min":0.0,"assignments_max":0.0,"branches_min":0.0,"branches_max":0.0,"conditions_min":0.0,"conditions_max":0.0}}},{"name":"zcbor_string_fragment","start_line":50,"end_line":54,"kind":"struct","spaces":[{"name":"zcbor_string","start_line":51,"end_line":51,"kind":"struct","spaces":[],"metrics":{"nargs":{"total_functions":0.0,"total_closures":0.0,"average_functions":0.0,"average_closures":0.0,"total":0.0,"average":0.0,"functions_min":0.0,"functions_max":0.0,"closures_min":0.0,"closures_max":0.0},"nexits":{"sum":0.0,"average":null,"min":0.0,"max":0.0},"cognitive":{"sum":0.0,"average":null,"min":0.0,"max":0.0},"cyclomatic":{"sum":1.0,"average":1.0,"min":1.0,"max":1.0},"halstead":{"n1":0.0,"N1":0.0,"n2":1.0,"N2":1.0,"length":1.0,"estimated_program_length":null,"purity_ratio":null,"vocabulary":1.0,"volume":0.0,"difficulty":0.0,"level":null,"effort":0.0,"time":0.0,"bugs":0.0},"loc":{"sloc":1.0,"ploc":1.0,"lloc":0.0,"cloc":0.0,"blank":0.0,"sloc_average":1.0,"ploc_average":1.0,"lloc_average":0.0,"cloc_average":0.0,"blank_average":0.0,"sloc_min":1.0,"sloc_max":1.0,"cloc_min":0.0,"cloc_max":0.0,"ploc_min":1.0,"ploc_max":1.0,"lloc_min":0.0,"lloc_max":0.0,"blank_min":0.0,"blank_max":0.0},"nom":{"functions":0.0,"closures":0.0,"functions_average":0.0,"closures_average":0.0,"total":0.0,"average":0.0,"functions_min":0.0,"functions_max":0.0,"closures_min":0.0,"closures_max":0.0},"mi":{"mi_original":null,"mi_sei":null,"mi_visual_studio":null},"abc":{"assignments":0.0,"branches":0.0,"conditions":0.0,"magnitude":0.0,"assignments_average":0.0,"branches_average":0.0,"conditions_average":0.0,"assignments_min":0.0,"assignments_max":0.0,"branches_min":0.0,"branches_max":0.0,"conditions_min":0.0,"conditions_max":0.0}}}],"metrics":{"nargs":{"total_functions":0.0,"total_closures":0.0,"average_functions":0.0,"average_closures":0.0,"total":0.0,"average":0.0,"functions_min":0.0,"functions_max":0.0,"closures_min":0.0,"closures_max":0.0},"nexits":{"sum":0.0,"average":null,"min":0.0,"max":0.0},"cognitive":{"sum":0.0,"average":null,"min":0.0,"max":0.0},"cyclomatic":{"sum":2.0,"average":1.0,"min":1.0,"max":1.0},"halstead":{"n1":3.0,"N1":6.0,"n2":5.0,"N2":5.0,"length":11.0,"estimated_program_length":16.36452797660028,"purity_ratio":1.4876843615091162,"vocabulary":8.0,"volume":33.0,"difficulty":1.5,"level":0.6666666666666666,"effort":49.5,"time":2.75,"bugs":0.00449381867353784},"loc":{"sloc":5.0,"ploc":5.0,"lloc":0.0,"cloc":3.0,"blank":0.0,"sloc_average":2.5,"ploc_average":2.5,"lloc_average":0.0,"cloc_average":1.5,"blank_average":0.0,"sloc_min":1.0,"sloc_max":1.0,"cloc_min":0.0,"cloc_max":0.0,"ploc_min":1.0,"ploc_max":1.0,"lloc_min":0.0,"lloc_max":0.0,"blank_min":0.0,"blank_max":0.0},"nom":{"functions":0.0,"closures":0.0,"functions_average":0.0,"closures_average":0.0,"total":0.0,"average":0.0,"functions_min":0.0,"functions_max":0.0,"closures_min":0.0,"closures_max":0.0},"mi":{"mi_original":126.28526649894187,"mi_sei":153.29586974052208,"mi_visual_studio":73.85103304031689},"abc":{"assignments":0.0,"branches":0.0,"conditions":0.0,"magnitude":0.0,"assignments_average":0.0,"branches_average":0.0,"conditions_average":0.0,"assignments_min":0.0,"assignments_max":0.0,"branches_min":0.0,"branches_max":0.0,"conditions_min":0.0,"conditions_max":0.0}}},{"name":"zcbor_state_constant","start_line":88,"end_line":88,"kind":"struct","spaces":[],"metrics":{"nargs":{"total_functions":0.0,"total_closures":0.0,"average_functions":0.0,"average_closures":0.0,"total":0.0,"average":0.0,"functions_min":0.0,"functions_max":0.0,"closures_min":0.0,"closures_max":0.0},"nexits":{"sum":0.0,"average":null,"min":0.0,"max":0.0},"cognitive":{"sum":0.0,"average":null,"min":0.0,"max":0.0},"cyclomatic":{"sum":1.0,"average":1.0,"min":1.0,"max":1.0},"halstead":{"n1":0.0,"N1":0.0,"n2":1.0,"N2":1.0,"length":1.0,"estimated_program_length":null,"purity_ratio":null,"vocabulary":1.0,"volume":0.0,"difficulty":0.0,"level":null,"effort":0.0,"time":0.0,"bugs":0.0},"loc":{"sloc":1.0,"ploc":1.0,"lloc":0.0,"cloc":0.0,"blank":0.0,"sloc_average":1.0,"ploc_average":1.0,"lloc_average":0.0,"cloc_average":0.0,"blank_average":0.0,"sloc_min":1.0,"sloc_max":1.0,"cloc_min":0.0,"cloc_max":0.0,"ploc_min":1.0,"ploc_max":1.0,"lloc_min":0.0,"lloc_max":0.0,"blank_min":0.0,"blank_max":0.0},"nom":{"functions":0.0,"closures":0.0,"functions_average":0.0,"closures_average":0.0,"total":0.0,"average":0.0,"functions_min":0.0,"functions_max":0.0,"closures_min":0.0,"closures_max":0.0},"mi":{"mi_original":null,"mi_sei":null,"mi_visual_studio":null},"abc":{"assignments":0.0,"branches":0.0,"conditions":0.0,"magnitude":0.0,"assignments_average":0.0,"branches_average":0.0,"conditions_average":0.0,"assignments_min":0.0,"assignments_max":0.0,"branches_min":0.0,"branches_max":0.0,"conditions_min":0.0,"conditions_max":0.0}}},{"name":null,"start_line":91,"end_line":138,"kind":"struct","spaces":[{"name":null,"start_line":112,"end_line":135,"kind":"struct","spaces":[],"metrics":{"nargs":{"total_functions":0.0,"total_closures":0.0,"average_functions":0.0,"average_closures":0.0,"total":0.0,"average":0.0,"functions_min":0.0,"functions_max":0.0,"closures_min":0.0,"closures_max":0.0},"nexits":{"sum":0.0,"average":null,"min":0.0,"max":0.0},"cognitive":{"sum":0.0,"average":null,"min":0.0,"max":0.0},"cyclomatic":{"sum":1.0,"average":1.0,"min":1.0,"max":1.0},"halstead":{"n1":4.0,"N1":12.0,"n2":6.0,"N2":6.0,"length":18.0,"estimated_program_length":23.509775004326936,"purity_ratio":1.3060986113514965,"vocabulary":10.0,"volume":59.79470570797252,"difficulty":2.0,"level":0.5,"effort":119.58941141594504,"time":6.643856189774724,"bugs":0.008091093705353408},"loc":{"sloc":24.0,"ploc":10.0,"lloc":0.0,"cloc":19.0,"blank":0.0,"sloc_average":24.0,"ploc_average":10.0,"lloc_average":0.0,"cloc_average":19.0,"blank_average":0.0,"sloc_min":24.0,"sloc_max":24.0,"cloc_min":19.0,"cloc_max":19.0,"ploc_min":10.0,"ploc_max":10.0,"lloc_min":0.0,"lloc_max":0.0,"blank_min":0.0,"blank_max":0.0},"nom":{"functions":0.0,"closures":0.0,"functions_average":0.0,"closures_average":0.0,"total":0.0,"average":0.0,"functions_min":0.0,"functions_max":0.0,"closures_min":0.0,"closures_max":0.0},"mi":{"mi_original":98.01275890498923,"mi_sei":114.88097811267124,"mi_visual_studio":57.31740286841475},"abc":{"assignments":0.0,"branches":0.0,"conditions":0.0,"magnitude":0.0,"assignments_average":0.0,"branches_average":0.0,"conditions_average":0.0,"assignments_min":0.0,"assignments_max":0.0,"branches_min":0.0,"branches_max":0.0,"conditions_min":0.0,"conditions_max":0.0}}},{"name":"zcbor_state_constant","start_line":136,"end_line":136,"kind":"struct","spaces":[],"metrics":{"nargs":{"total_functions":0.0,"total_closures":0.0,"average_functions":0.0,"average_closures":0.0,"total":0.0,"average":0.0,"functions_min":0.0,"functions_max":0.0,"closures_min":0.0,"closures_max":0.0},"nexits":{"sum":0.0,"average":null,"min":0.0,"max":0.0},"cognitive":{"sum":0.0,"average":null,"min":0.0,"max":0.0},"cyclomatic":{"sum":1.0,"average":1.0,"min":1.0,"max":1.0},"halstead":{"n1":0.0,"N1":0.0,"n2":1.0,"N2":1.0,"length":1.0,"estimated_program_length":null,"purity_ratio":null,"vocabulary":1.0,"volume":0.0,"difficulty":0.0,"level":null,"effort":0.0,"time":0.0,"bugs":0.0},"loc":{"sloc":1.0,"ploc":1.0,"lloc":0.0,"cloc":0.0,"blank":0.0,"sloc_average":1.0,"ploc_average":1.0,"lloc_average":0.0,"cloc_average":0.0,"blank_average":0.0,"sloc_min":1.0,"sloc_max":1.0,"cloc_min":0.0,"cloc_max":0.0,"ploc_min":1.0,"ploc_max":1.0,"lloc_min":0.0,"lloc_max":0.0,"blank_min":0.0,"blank_max":0.0},"nom":{"functions":0.0,"closures":0.0,"functions_average":0.0,"closures_average":0.0,"total":0.0,"average":0.0,"functions_min":0.0,"functions_max":0.0,"closures_min":0.0,"closures_max":0.0},"mi":{"mi_original":null,"mi_sei":null,"mi_visual_studio":null},"abc":{"assignments":0.0,"branches":0.0,"conditions":0.0,"magnitude":0.0,"assignments_average":0.0,"branches_average":0.0,"conditions_average":0.0,"assignments_min":0.0,"assignments_max":0.0,"branches_min":0.0,"branches_max":0.0,"conditions_min":0.0,"conditions_max":0.0}}}],"metrics":{"nargs":{"total_functions":0.0,"total_closures":0.0,"average_functions":0.0,"average_closures":0.0,"total":0.0,"average":0.0,"functions_min":0.0,"functions_max":0.0,"closures_min":0.0,"closures_max":0.0},"nexits":{"sum":0.0,"average":null,"min":0.0,"max":0.0},"cognitive":{"sum":0.0,"average":null,"min":0.0,"max":0.0},"cyclomatic":{"sum":3.0,"average":1.0,"min":1.0,"max":1.0},"halstead":{"n1":4.0,"N1":34.0,"n2":15.0,"N2":15.0,"length":49.0,"estimated_program_length":66.60335893412778,"purity_ratio":1.359252223145465,"vocabulary":19.0,"volume":208.14844815873568,"difficulty":2.0,"level":0.5,"effort":416.29689631747135,"time":23.12760535097063,"bugs":0.018584356476379384},"loc":{"sloc":48.0,"ploc":21.0,"lloc":0.0,"cloc":37.0,"blank":1.0,"sloc_average":16.0,"ploc_average":7.0,"lloc_average":0.0,"cloc_average":12.333333333333334,"blank_average":0.3333333333333333,"sloc_min":1.0,"sloc_max":24.0,"cloc_min":0.0,"cloc_max":19.0,"ploc_min":1.0,"ploc_max":10.0,"lloc_min":0.0,"lloc_max":0.0,"blank_min":0.0,"blank_max":0.0},"nom":{"functions":0.0,"closures":0.0,"functions_average":0.0,"closures_average":0.0,"total":0.0,"average":0.0,"functions_min":0.0,"functions_max":0.0,"closures_min":0.0,"closures_max":0.0},"mi":{"mi_original":79.83763572857742,"mi_sei":88.68073675767641,"mi_visual_studio":46.68867586466516},"abc":{"assignments":0.0,"branches":0.0,"conditions":0.0,"magnitude":0.0,"assignments_average":0.0,"branches_average":0.0,"conditions_average":0.0,"assignments_min":0.0,"assignments_max":0.0,"branches_min":0.0,"branches_max":0.0,"conditions_min":0.0,"conditions_max":0.0}}},{"name":"zcbor_state_constant","start_line":140,"end_line":155,"kind":"struct","spaces":[],"metrics":{"nargs":{"total_functions":0.0,"total_closures":0.0,"average_functions":0.0,"average_closures":0.0,"total":0.0,"average":0.0,"functions_min":0.0,"functions_max":0.0,"closures_min":0.0,"closures_max":0.0},"nexits":{"sum":0.0,"average":null,"min":0.0,"max":0.0},"cognitive":{"sum":0.0,"average":null,"min":0.0,"max":0.0},"cyclomatic":{"sum":1.0,"average":1.0,"min":1.0,"max":1.0},"halstead":{"n1":4.0,"N1":18.0,"n2":12.0,"N2":12.0,"length":30.0,"estimated_program_length":51.01955000865387,"purity_ratio":1.700651666955129,"vocabulary":16.0,"volume":120.0,"difficulty":2.0,"level":0.5,"effort":240.0,"time":13.333333333333334,"bugs":0.012873191794741726},"loc":{"sloc":16.0,"ploc":14.0,"lloc":0.0,"cloc":5.0,"blank":0.0,"sloc_average":16.0,"ploc_average":14.0,"lloc_average":0.0,"cloc_average":5.0,"blank_average":0.0,"sloc_min":16.0,"sloc_max":16.0,"cloc_min":5.0,"cloc_max":5.0,"ploc_min":14.0,"ploc_max":14.0,"lloc_min":0.0,"lloc_max":0.0,"blank_min":0.0,"blank_max":0.0},"nom":{"functions":0.0,"closures":0.0,"functions_average":0.0,"closures_average":0.0,"total":0.0,"average":0.0,"functions_min":0.0,"functions_max":0.0,"closures_min":0.0,"closures_max":0.0},"mi":{"mi_original":100.95910563724892,"mi_sei":108.14216797365017,"mi_visual_studio":59.04041265336194},"abc":{"assignments":0.0,"branches":0.0,"conditions":0.0,"magnitude":0.0,"assignments_average":0.0,"branches_average":0.0,"conditions_average":0.0,"assignments_min":0.0,"assignments_max":0.0,"branches_min":0.0,"branches_max":0.0,"conditions_min":0.0,"conditions_max":0.0}}},{"name":"zcbor_check_error","start_line":353,"end_line":357,"kind":"function","spaces":[{"name":"zcbor_state_constant","start_line":355,"end_line":355,"kind":"struct","spaces":[],"metrics":{"nargs":{"total_functions":0.0,"total_closures":0.0,"average_functions":0.0,"average_closures":0.0,"total":0.0,"average":0.0,"functions_min":0.0,"functions_max":0.0,"closures_min":0.0,"closures_max":0.0},"nexits":{"sum":0.0,"average":null,"min":0.0,"max":0.0},"cognitive":{"sum":0.0,"average":null,"min":0.0,"max":0.0},"cyclomatic":{"sum":1.0,"average":1.0,"min":1.0,"max":1.0},"halstead":{"n1":0.0,"N1":0.0,"n2":1.0,"N2":1.0,"length":1.0,"estimated_program_length":null,"purity_ratio":null,"vocabulary":1.0,"volume":0.0,"difficulty":0.0,"level":null,"effort":0.0,"time":0.0,"bugs":0.0},"loc":{"sloc":1.0,"ploc":1.0,"lloc":0.0,"cloc":0.0,"blank":0.0,"sloc_average":1.0,"ploc_average":1.0,"lloc_average":0.0,"cloc_average":0.0,"blank_average":0.0,"sloc_min":1.0,"sloc_max":1.0,"cloc_min":0.0,"cloc_max":0.0,"ploc_min":1.0,"ploc_max":1.0,"lloc_min":0.0,"lloc_max":0.0,"blank_min":0.0,"blank_max":0.0},"nom":{"functions":0.0,"closures":0.0,"functions_average":0.0,"closures_average":0.0,"total":0.0,"average":0.0,"functions_min":0.0,"functions_max":0.0,"closures_min":0.0,"closures_max":0.0},"mi":{"mi_original":null,"mi_sei":null,"mi_visual_studio":null},"abc":{"assignments":0.0,"branches":0.0,"conditions":0.0,"magnitude":0.0,"assignments_average":0.0,"branches_average":0.0,"conditions_average":0.0,"assignments_min":0.0,"assignments_max":0.0,"branches_min":0.0,"branches_max":0.0,"conditions_min":0.0,"conditions_max":0.0}}}],"metrics":{"nargs":{"total_functions":1.0,"total_closures":0.0,"average_functions":1.0,"average_closures":0.0,"total":1.0,"average":1.0,"functions_min":0.0,"functions_max":1.0,"closures_min":0.0,"closures_max":0.0},"nexits":{"sum":1.0,"average":1.0,"min":0.0,"max":1.0},"cognitive":{"sum":2.0,"average":2.0,"min":0.0,"max":2.0},"cyclomatic":{"sum":4.0,"average":2.0,"min":1.0,"max":3.0},"halstead":{"n1":10.0,"N1":16.0,"n2":8.0,"N2":12.0,"length":28.0,"estimated_program_length":57.219280948873624,"purity_ratio":2.043545748174058,"vocabulary":18.0,"volume":116.75790004038474,"difficulty":7.5,"level":0.13333333333333333,"effort":875.6842503028855,"time":48.64912501682697,"bugs":0.03051010983631521},"loc":{"sloc":5.0,"ploc":5.0,"lloc":2.0,"cloc":0.0,"blank":0.0,"sloc_average":2.5,"ploc_average":2.5,"lloc_average":1.0,"cloc_average":0.0,"blank_average":0.0,"sloc_min":1.0,"sloc_max":1.0,"cloc_min":0.0,"cloc_max":0.0,"ploc_min":1.0,"ploc_max":1.0,"lloc_min":0.0,"lloc_max":0.0,"blank_min":0.0,"blank_max":0.0},"nom":{"functions":1.0,"closures":0.0,"functions_average":0.5,"closures_average":0.0,"total":1.0,"average":0.5,"functions_min":0.0,"functions_max":1.0,"closures_min":0.0,"closures_max":0.0},"mi":{"mi_original":119.25457250366316,"mi_sei":96.75440779997328,"mi_visual_studio":69.73951608401353},"abc":{"assignments":0.0,"branches":0.0,"conditions":0.0,"magnitude":0.0,"assignments_average":0.0,"branches_average":0.0,"conditions_average":0.0,"assignments_min":0.0,"assignments_max":0.0,"branches_min":0.0,"branches_max":0.0,"conditions_min":0.0,"conditions_max":0.0}}},{"name":"zcbor_pop_error","start_line":361,"end_line":370,"kind":"function","spaces":[],"metrics":{"nargs":{"total_functions":1.0,"total_closures":0.0,"average_functions":1.0,"average_closures":0.0,"total":1.0,"average":1.0,"functions_min":1.0,"functions_max":1.0,"closures_min":0.0,"closures_max":0.0},"nexits":{"sum":2.0,"average":2.0,"min":2.0,"max":2.0},"cognitive":{"sum":1.0,"average":1.0,"min":1.0,"max":1.0},"cyclomatic":{"sum":2.0,"average":2.0,"min":2.0,"max":2.0},"halstead":{"n1":10.0,"N1":22.0,"n2":7.0,"N2":15.0,"length":37.0,"estimated_program_length":52.87076540327685,"purity_ratio":1.428939605493969,"vocabulary":17.0,"volume":151.23612512626255,"difficulty":10.714285714285714,"level":0.09333333333333334,"effort":1620.3870549242415,"time":90.02150305134676,"bugs":0.04598588920360458},"loc":{"sloc":10.0,"ploc":9.0,"lloc":5.0,"cloc":0.0,"blank":1.0,"sloc_average":10.0,"ploc_average":9.0,"lloc_average":5.0,"cloc_average":0.0,"blank_average":1.0,"sloc_min":10.0,"sloc_max":10.0,"cloc_min":0.0,"cloc_max":0.0,"ploc_min":9.0,"ploc_max":9.0,"lloc_min":5.0,"lloc_max":5.0,"blank_min":1.0,"blank_max":1.0},"nom":{"functions":1.0,"closures":0.0,"functions_average":1.0,"closures_average":0.0,"total":1.0,"average":1.0,"functions_min":1.0,"functions_max":1.0,"closures_min":0.0,"closures_max":0.0},"mi":{"mi_original":107.14014123189297,"mi_sei":79.07333816219132,"mi_visual_studio":62.65505335198419},"abc":{"assignments":0.0,"branches":0.0,"conditions":0.0,"magnitude":0.0,"assignments_average":0.0,"branches_average":0.0,"conditions_average":0.0,"assignments_min":0.0,"assignments_max":0.0,"branches_min":0.0,"branches_max":0.0,"conditions_min":0.0,"conditions_max":0.0}}},{"name":"zcbor_peek_error","start_line":373,"end_line":380,"kind":"function","spaces":[],"metrics":{"nargs":{"total_functions":1.0,"total_closures":0.0,"average_functions":1.0,"average_closures":0.0,"total":1.0,"average":1.0,"functions_min":1.0,"functions_max":1.0,"closures_min":0.0,"closures_max":0.0},"nexits":{"sum":2.0,"average":2.0,"min":2.0,"max":2.0},"cognitive":{"sum":2.0,"average":2.0,"min":2.0,"max":2.0},"cyclomatic":{"sum":2.0,"average":2.0,"min":2.0,"max":2.0},"halstead":{"n1":10.0,"N1":17.0,"n2":6.0,"N2":9.0,"length":26.0,"estimated_program_length":48.72905595320056,"purity_ratio":1.874194459738483,"vocabulary":16.0,"volume":104.0,"difficulty":7.5,"level":0.13333333333333333,"effort":780.0,"time":43.333333333333336,"bugs":0.02824501526201352},"loc":{"sloc":8.0,"ploc":8.0,"lloc":3.0,"cloc":0.0,"blank":0.0,"sloc_average":8.0,"ploc_average":8.0,"lloc_average":3.0,"cloc_average":0.0,"blank_average":0.0,"sloc_min":8.0,"sloc_max":8.0,"cloc_min":0.0,"cloc_max":0.0,"ploc_min":8.0,"ploc_max":8.0,"lloc_min":3.0,"lloc_max":3.0,"blank_min":0.0,"blank_max":0.0},"nom":{"functions":1.0,"closures":0.0,"functions_average":1.0,"closures_average":0.0,"total":1.0,"average":1.0,"functions_min":1.0,"functions_max":1.0,"closures_min":0.0,"closures_max":0.0},"mi":{"mi_original":112.70221434925153,"mi_sei":87.09771346566632,"mi_visual_studio":65.90772768962078},"abc":{"assignments":0.0,"branches":0.0,"conditions":0.0,"magnitude":0.0,"assignments_average":0.0,"branches_average":0.0,"conditions_average":0.0,"assignments_min":0.0,"assignments_max":0.0,"branches_min":0.0,"branches_max":0.0,"conditions_min":0.0,"conditions_max":0.0}}},{"name":"zcbor_error","start_line":383,"end_line":393,"kind":"function","spaces":[],"metrics":{"nargs":{"total_functions":2.0,"total_closures":0.0,"average_functions":2.0,"average_closures":0.0,"total":2.0,"average":2.0,"functions_min":2.0,"functions_max":2.0,"closures_min":0.0,"closures_max":0.0},"nexits":{"sum":0.0,"average":0.0,"min":0.0,"max":0.0},"cognitive":{"sum":2.0,"average":2.0,"min":2.0,"max":2.0},"cyclomatic":{"sum":3.0,"average":3.0,"min":3.0,"max":3.0},"halstead":{"n1":9.0,"N1":19.0,"n2":8.0,"N2":13.0,"length":32.0,"estimated_program_length":52.529325012980806,"purity_ratio":1.6415414066556502,"vocabulary":17.0,"volume":130.79881092001085,"difficulty":7.3125,"level":0.13675213675213677,"effort":956.4663048525794,"time":53.13701693625441,"bugs":0.032358759329012714},"loc":{"sloc":11.0,"ploc":11.0,"lloc":4.0,"cloc":0.0,"blank":0.0,"sloc_average":11.0,"ploc_average":11.0,"lloc_average":4.0,"cloc_average":0.0,"blank_average":0.0,"sloc_min":11.0,"sloc_max":11.0,"cloc_min":0.0,"cloc_max":0.0,"ploc_min":11.0,"ploc_max":11.0,"lloc_min":4.0,"lloc_max":4.0,"blank_min":0.0,"blank_max":0.0},"nom":{"functions":1.0,"closures":0.0,"functions_average":1.0,"closures_average":0.0,"total":1.0,"average":1.0,"functions_min":1.0,"functions_max":1.0,"closures_min":0.0,"closures_max":0.0},"mi":{"mi_original":106.1210627702543,"mi_sei":77.70493857871294,"mi_visual_studio":62.05910103523643},"abc":{"assignments":0.0,"branches":0.0,"conditions":0.0,"magnitude":0.0,"assignments_average":0.0,"branches_average":0.0,"conditions_average":0.0,"assignments_min":0.0,"assignments_max":0.0,"branches_min":0.0,"branches_max":0.0,"conditions_min":0.0,"conditions_max":0.0}}},{"name":"zcbor_payload_at_end","start_line":396,"end_line":399,"kind":"function","spaces":[],"metrics":{"nargs":{"total_functions":1.0,"total_closures":0.0,"average_functions":1.0,"average_closures":0.0,"total":1.0,"average":1.0,"functions_min":1.0,"functions_max":1.0,"closures_min":0.0,"closures_max":0.0},"nexits":{"sum":1.0,"average":1.0,"min":1.0,"max":1.0},"cognitive":{"sum":0.0,"average":0.0,"min":0.0,"max":0.0},"cyclomatic":{"sum":1.0,"average":1.0,"min":1.0,"max":1.0},"halstead":{"n1":8.0,"N1":10.0,"n2":5.0,"N2":7.0,"length":17.0,"estimated_program_length":35.60964047443681,"purity_ratio":2.0946847337904004,"vocabulary":13.0,"volume":62.907475208398566,"difficulty":5.6,"level":0.17857142857142858,"effort":352.28186116703193,"time":19.571214509279553,"bugs":0.016626682361242505},"loc":{"sloc":4.0,"ploc":4.0,"lloc":1.0,"cloc":0.0,"blank":0.0,"sloc_average":4.0,"ploc_average":4.0,"lloc_average":1.0,"cloc_average":0.0,"blank_average":0.0,"sloc_min":4.0,"sloc_max":4.0,"cloc_min":0.0,"cloc_max":0.0,"ploc_min":4.0,"ploc_max":4.0,"lloc_min":1.0,"lloc_max":1.0,"blank_min":0.0,"blank_max":0.0},"nom":{"functions":1.0,"closures":0.0,"functions_average":1.0,"closures_average":0.0,"total":1.0,"average":1.0,"functions_min":1.0,"functions_max":1.0,"closures_min":0.0,"closures_max":0.0},"mi":{"mi_original":126.77537335305064,"mi_sei":107.29917031068467,"mi_visual_studio":74.13764523570212},"abc":{"assignments":0.0,"branches":0.0,"conditions":0.0,"magnitude":0.0,"assignments_average":0.0,"branches_average":0.0,"conditions_average":0.0,"assignments_min":0.0,"assignments_max":0.0,"branches_min":0.0,"branches_max":0.0,"conditions_min":0.0,"conditions_max":0.0}}},{"name":"zcbor_string_fragment","start_line":432,"end_line":432,"kind":"struct","spaces":[],"metrics":{"nargs":{"total_functions":0.0,"total_closures":0.0,"average_functions":0.0,"average_closures":0.0,"total":0.0,"average":0.0,"functions_min":0.0,"functions_max":0.0,"closures_min":0.0,"closures_max":0.0},"nexits":{"sum":0.0,"average":null,"min":0.0,"max":0.0},"cognitive":{"sum":0.0,"average":null,"min":0.0,"max":0.0},"cyclomatic":{"sum":1.0,"average":1.0,"min":1.0,"max":1.0},"halstead":{"n1":0.0,"N1":0.0,"n2":1.0,"N2":1.0,"length":1.0,"estimated_program_length":null,"purity_ratio":null,"vocabulary":1.0,"volume":0.0,"difficulty":0.0,"level":null,"effort":0.0,"time":0.0,"bugs":0.0},"loc":{"sloc":1.0,"ploc":1.0,"lloc":0.0,"cloc":0.0,"blank":0.0,"sloc_average":1.0,"ploc_average":1.0,"lloc_average":0.0,"cloc_average":0.0,"blank_average":0.0,"sloc_min":1.0,"sloc_max":1.0,"cloc_min":0.0,"cloc_max":0.0,"ploc_min":1.0,"ploc_max":1.0,"lloc_min":0.0,"lloc_max":0.0,"blank_min":0.0,"blank_max":0.0},"nom":{"functions":0.0,"closures":0.0,"functions_average":0.0,"closures_average":0.0,"total":0.0,"average":0.0,"functions_min":0.0,"functions_max":0.0,"closures_min":0.0,"closures_max":0.0},"mi":{"mi_original":null,"mi_sei":null,"mi_visual_studio":null},"abc":{"assignments":0.0,"branches":0.0,"conditions":0.0,"magnitude":0.0,"assignments_average":0.0,"branches_average":0.0,"conditions_average":0.0,"assignments_min":0.0,"assignments_max":0.0,"branches_min":0.0,"branches_max":0.0,"conditions_min":0.0,"conditions_max":0.0}}},{"name":"zcbor_string_fragment","start_line":451,"end_line":451,"kind":"struct","spaces":[],"metrics":{"nargs":{"total_functions":0.0,"total_closures":0.0,"average_functions":0.0,"average_closures":0.0,"total":0.0,"average":0.0,"functions_min":0.0,"functions_max":0.0,"closures_min":0.0,"closures_max":0.0},"nexits":{"sum":0.0,"average":null,"min":0.0,"max":0.0},"cognitive":{"sum":0.0,"average":null,"min":0.0,"max":0.0},"cyclomatic":{"sum":1.0,"average":1.0,"min":1.0,"max":1.0},"halstead":{"n1":0.0,"N1":0.0,"n2":1.0,"N2":1.0,"length":1.0,"estimated_program_length":null,"purity_ratio":null,"vocabulary":1.0,"volume":0.0,"difficulty":0.0,"level":null,"effort":0.0,"time":0.0,"bugs":0.0},"loc":{"sloc":1.0,"ploc":1.0,"lloc":0.0,"cloc":0.0,"blank":0.0,"sloc_average":1.0,"ploc_average":1.0,"lloc_average":0.0,"cloc_average":0.0,"blank_average":0.0,"sloc_min":1.0,"sloc_max":1.0,"cloc_min":0.0,"cloc_max":0.0,"ploc_min":1.0,"ploc_max":1.0,"lloc_min":0.0,"lloc_max":0.0,"blank_min":0.0,"blank_max":0.0},"nom":{"functions":0.0,"closures":0.0,"functions_average":0.0,"closures_average":0.0,"total":0.0,"average":0.0,"functions_min":0.0,"functions_max":0.0,"closures_min":0.0,"closures_max":0.0},"mi":{"mi_original":null,"mi_sei":null,"mi_visual_studio":null},"abc":{"assignments":0.0,"branches":0.0,"conditions":0.0,"magnitude":0.0,"assignments_average":0.0,"branches_average":0.0,"conditions_average":0.0,"assignments_min":0.0,"assignments_max":0.0,"branches_min":0.0,"branches_max":0.0,"conditions_min":0.0,"conditions_max":0.0}}},{"name":"zcbor_string","start_line":462,"end_line":462,"kind":"struct","spaces":[],"metrics":{"nargs":{"total_functions":0.0,"total_closures":0.0,"average_functions":0.0,"average_closures":0.0,"total":0.0,"average":0.0,"functions_min":0.0,"functions_max":0.0,"closures_min":0.0,"closures_max":0.0},"nexits":{"sum":0.0,"average":null,"min":0.0,"max":0.0},"cognitive":{"sum":0.0,"average":null,"min":0.0,"max":0.0},"cyclomatic":{"sum":1.0,"average":1.0,"min":1.0,"max":1.0},"halstead":{"n1":0.0,"N1":0.0,"n2":1.0,"N2":1.0,"length":1.0,"estimated_program_length":null,"purity_ratio":null,"vocabulary":1.0,"volume":0.0,"difficulty":0.0,"level":null,"effort":0.0,"time":0.0,"bugs":0.0},"loc":{"sloc":1.0,"ploc":1.0,"lloc":0.0,"cloc":0.0,"blank":0.0,"sloc_average":1.0,"ploc_average":1.0,"lloc_average":0.0,"cloc_average":0.0,"blank_average":0.0,"sloc_min":1.0,"sloc_max":1.0,"cloc_min":0.0,"cloc_max":0.0,"ploc_min":1.0,"ploc_max":1.0,"lloc_min":0.0,"lloc_max":0.0,"blank_min":0.0,"blank_max":0.0},"nom":{"functions":0.0,"closures":0.0,"functions_average":0.0,"closures_average":0.0,"total":0.0,"average":0.0,"functions_min":0.0,"functions_max":0.0,"closures_min":0.0,"closures_max":0.0},"mi":{"mi_original":null,"mi_sei":null,"mi_visual_studio":null},"abc":{"assignments":0.0,"branches":0.0,"conditions":0.0,"magnitude":0.0,"assignments_average":0.0,"branches_average":0.0,"conditions_average":0.0,"assignments_min":0.0,"assignments_max":0.0,"branches_min":0.0,"branches_max":0.0,"conditions_min":0.0,"conditions_max":0.0}}},{"name":"zcbor_string","start_line":463,"end_line":463,"kind":"struct","spaces":[],"metrics":{"nargs":{"total_functions":0.0,"total_closures":0.0,"average_functions":0.0,"average_closures":0.0,"total":0.0,"average":0.0,"functions_min":0.0,"functions_max":0.0,"closures_min":0.0,"closures_max":0.0},"nexits":{"sum":0.0,"average":null,"min":0.0,"max":0.0},"cognitive":{"sum":0.0,"average":null,"min":0.0,"max":0.0},"cyclomatic":{"sum":1.0,"average":1.0,"min":1.0,"max":1.0},"halstead":{"n1":0.0,"N1":0.0,"n2":1.0,"N2":1.0,"length":1.0,"estimated_program_length":null,"purity_ratio":null,"vocabulary":1.0,"volume":0.0,"difficulty":0.0,"level":null,"effort":0.0,"time":0.0,"bugs":0.0},"loc":{"sloc":1.0,"ploc":1.0,"lloc":0.0,"cloc":0.0,"blank":0.0,"sloc_average":1.0,"ploc_average":1.0,"lloc_average":0.0,"cloc_average":0.0,"blank_average":0.0,"sloc_min":1.0,"sloc_max":1.0,"cloc_min":0.0,"cloc_max":0.0,"ploc_min":1.0,"ploc_max":1.0,"lloc_min":0.0,"lloc_max":0.0,"blank_min":0.0,"blank_max":0.0},"nom":{"functions":0.0,"closures":0.0,"functions_average":0.0,"closures_average":0.0,"total":0.0,"average":0.0,"functions_min":0.0,"functions_max":0.0,"closures_min":0.0,"closures_max":0.0},"mi":{"mi_original":null,"mi_sei":null,"mi_visual_studio":null},"abc":{"assignments":0.0,"branches":0.0,"conditions":0.0,"magnitude":0.0,"assignments_average":0.0,"branches_average":0.0,"conditions_average":0.0,"assignments_min":0.0,"assignments_max":0.0,"branches_min":0.0,"branches_max":0.0,"conditions_min":0.0,"conditions_max":0.0}}},{"name":"zcbor_round_up","start_line":509,"end_line":512,"kind":"function","spaces":[],"metrics":{"nargs":{"total_functions":2.0,"total_closures":0.0,"average_functions":2.0,"average_closures":0.0,"total":2.0,"average":2.0,"functions_min":2.0,"functions_max":2.0,"closures_min":0.0,"closures_max":0.0},"nexits":{"sum":1.0,"average":1.0,"min":1.0,"max":1.0},"cognitive":{"sum":0.0,"average":0.0,"min":0.0,"max":0.0},"cyclomatic":{"sum":1.0,"average":1.0,"min":1.0,"max":1.0},"halstead":{"n1":10.0,"N1":18.0,"n2":4.0,"N2":8.0,"length":26.0,"estimated_program_length":41.219280948873624,"purity_ratio":1.5853569595720625,"vocabulary":14.0,"volume":98.99122797349771,"difficulty":10.0,"level":0.1,"effort":989.9122797349771,"time":54.995126651943174,"bugs":0.03310878317541994},"loc":{"sloc":4.0,"ploc":4.0,"lloc":1.0,"cloc":0.0,"blank":0.0,"sloc_average":4.0,"ploc_average":4.0,"lloc_average":1.0,"cloc_average":0.0,"blank_average":0.0,"sloc_min":4.0,"sloc_max":4.0,"cloc_min":0.0,"cloc_max":0.0,"ploc_min":4.0,"ploc_max":4.0,"lloc_min":1.0,"lloc_max":1.0,"blank_min":0.0,"blank_max":0.0},"nom":{"functions":1.0,"closures":0.0,"functions_average":1.0,"closures_average":0.0,"total":1.0,"average":1.0,"functions_min":1.0,"functions_max":1.0,"closures_min":0.0,"closures_max":0.0},"mi":{"mi_original":124.41786890247911,"mi_sei":103.89801033097152,"mi_visual_studio":72.75898766226848},"abc":{"assignments":0.0,"branches":0.0,"conditions":0.0,"magnitude":0.0,"assignments_average":0.0,"branches_average":0.0,"conditions_average":0.0,"assignments_min":0.0,"assignments_max":0.0,"branches_min":0.0,"branches_max":0.0,"conditions_min":0.0,"conditions_max":0.0}}},{"name":"zcbor_flags_to_bytes","start_line":517,"end_line":520,"kind":"function","spaces":[],"metrics":{"nargs":{"total_functions":1.0,"total_closures":0.0,"average_functions":1.0,"average_closures":0.0,"total":1.0,"average":1.0,"functions_min":1.0,"functions_max":1.0,"closures_min":0.0,"closures_max":0.0},"nexits":{"sum":1.0,"average":1.0,"min":1.0,"max":1.0},"cognitive":{"sum":0.0,"average":0.0,"min":0.0,"max":0.0},"cyclomatic":{"sum":1.0,"average":1.0,"min":1.0,"max":1.0},"halstead":{"n1":7.0,"N1":9.0,"n2":4.0,"N2":6.0,"length":15.0,"estimated_program_length":27.651484454403228,"purity_ratio":1.8434322969602153,"vocabulary":11.0,"volume":51.89147427955946,"difficulty":5.25,"level":0.19047619047619047,"effort":272.43023996768716,"time":15.135013331538175,"bugs":0.01400819850161732},"loc":{"sloc":4.0,"ploc":4.0,"lloc":1.0,"cloc":0.0,"blank":0.0,"sloc_average":4.0,"ploc_average":4.0,"lloc_average":1.0,"cloc_average":0.0,"blank_average":0.0,"sloc_min":4.0,"sloc_max":4.0,"cloc_min":0.0,"cloc_max":0.0,"ploc_min":4.0,"ploc_max":4.0,"lloc_min":1.0,"lloc_max":1.0,"blank_min":0.0,"blank_max":0.0},"nom":{"functions":1.0,"closures":0.0,"functions_average":1.0,"closures_average":0.0,"total":1.0,"average":1.0,"functions_min":1.0,"functions_max":1.0,"closures_min":0.0,"closures_max":0.0},"mi":{"mi_original":127.77642792589845,"mi_sei":108.74338677859146,"mi_visual_studio":74.72305726660727},"abc":{"assignments":0.0,"branches":0.0,"conditions":0.0,"magnitude":0.0,"assignments_average":0.0,"branches_average":0.0,"conditions_average":0.0,"assignments_min":0.0,"assignments_max":0.0,"branches_min":0.0,"branches_max":0.0,"conditions_min":0.0,"conditions_max":0.0}}},{"name":"zcbor_flags_to_states","start_line":524,"end_line":528,"kind":"function","spaces":[],"metrics":{"nargs":{"total_functions":1.0,"total_closures":0.0,"average_functions":1.0,"average_closures":0.0,"total":1.0,"average":1.0,"functions_min":1.0,"functions_max":1.0,"closures_min":0.0,"closures_max":0.0},"nexits":{"sum":1.0,"average":1.0,"min":1.0,"max":1.0},"cognitive":{"sum":0.0,"average":0.0,"min":0.0,"max":0.0},"cyclomatic":{"sum":1.0,"average":1.0,"min":1.0,"max":1.0},"halstead":{"n1":9.0,"N1":16.0,"n2":5.0,"N2":8.0,"length":24.0,"estimated_program_length":40.13896548741762,"purity_ratio":1.6724568953090675,"vocabulary":14.0,"volume":91.3765181293825,"difficulty":7.2,"level":0.1388888888888889,"effort":657.9109305315541,"time":36.55060725175301,"bugs":0.025214874630218632},"loc":{"sloc":5.0,"ploc":5.0,"lloc":1.0,"cloc":0.0,"blank":0.0,"sloc_average":5.0,"ploc_average":5.0,"lloc_average":1.0,"cloc_average":0.0,"blank_average":0.0,"sloc_min":5.0,"sloc_max":5.0,"cloc_min":0.0,"cloc_max":0.0,"ploc_min":5.0,"ploc_max":5.0,"lloc_min":1.0,"lloc_max":1.0,"blank_min":0.0,"blank_max":0.0},"nom":{"functions":1.0,"closures":0.0,"functions_average":1.0,"closures_average":0.0,"total":1.0,"average":1.0,"functions_min":1.0,"functions_max":1.0,"closures_min":0.0,"closures_max":0.0},"mi":{"mi_original":121.21916545109133,"mi_sei":99.28325672437992,"mi_visual_studio":70.88840084859142},"abc":{"assignments":0.0,"branches":0.0,"conditions":0.0,"magnitude":0.0,"assignments_average":0.0,"branches_average":0.0,"conditions_average":0.0,"assignments_min":0.0,"assignments_max":0.0,"branches_min":0.0,"branches_max":0.0,"conditions_min":0.0,"conditions_max":0.0}}}],"metrics":{"nargs":{"total_functions":10.0,"total_closures":0.0,"average_functions":1.25,"average_closures":0.0,"total":10.0,"average":1.25,"functions_min":0.0,"functions_max":2.0,"closures_min":0.0,"closures_max":0.0},"nexits":{"sum":9.0,"average":1.125,"min":0.0,"max":2.0},"cognitive":{"sum":7.0,"average":0.875,"min":0.0,"max":2.0},"cyclomatic":{"sum":28.0,"average":1.2727272727272727,"min":1.0,"max":3.0},"halstead":{"n1":19.0,"N1":385.0,"n2":184.0,"N2":316.0,"length":701.0,"estimated_program_length":1465.0460226699186,"purity_ratio":2.0899372648643633,"vocabulary":203.0,"volume":5373.400477946809,"difficulty":16.315217391304348,"level":0.06129247168554297,"effort":87668.19692824087,"time":4870.45538490227,"bugs":0.6578195782436776},"loc":{"sloc":542.0,"ploc":276.0,"lloc":35.0,"cloc":220.0,"blank":73.0,"sloc_average":24.636363636363637,"ploc_average":12.545454545454545,"lloc_average":1.5909090909090908,"cloc_average":10.0,"blank_average":3.3181818181818183,"sloc_min":1.0,"sloc_max":48.0,"cloc_min":0.0,"cloc_max":37.0,"ploc_min":1.0,"ploc_max":21.0,"lloc_min":0.0,"lloc_max":5.0,"blank_min":0.0,"blank_max":1.0},"nom":{"functions":8.0,"closures":0.0,"functions_average":0.36363636363636365,"closures_average":0.0,"total":8.0,"average":0.36363636363636365,"functions_min":0.0,"functions_max":1.0,"closures_min":0.0,"closures_max":0.0},"mi":{"mi_original":17.912766415984464,"mi_sei":-5.2884188279367805,"mi_visual_studio":10.475301997651734},"abc":{"assignments":0.0,"branches":0.0,"conditions":0.0,"magnitude":0.0,"assignments_average":0.0,"branches_average":0.0,"conditions_average":0.0,"assignments_min":0.0,"assignments_max":0.0,"branches_min":0.0,"branches_max":0.0,"conditions_min":0.0,"conditions_max":0.0}}}