{"name":"./merged/zcbor_common.cpp","start_line":1,"end_line":402,"kind":"unit","spaces":[{"name":"zcbor_state_constant","start_line":10,"end_line":10,"kind":"struct","spaces":[],"metrics":{"nargs":{"total_functions":0.0,"total_closures":0.0,"average_functions":0.0,"average_closures":0.0,"total":0.0,"average":0.0,"functions_min":0.0,"functions_max":0.0,"closures_min":0.0,"closures_max":0.0},"nexits":{"sum":0.0,"average":null,"min":0.0,"max":0.0},"cognitive":{"sum":0.0,"average":null,"min":0.0,"max":0.0},"cyclomatic":{"sum":1.0,"average":1.0,"min":1.0,"max":1.0},"halstead":{"n1":0.0,"N1":0.0,"n2":1.0,"N2":1.0,"length":1.0,"estimated_program_length":null,"purity_ratio":null,"vocabulary":1.0,"volume":0.0,"difficulty":0.0,"level":null,"effort":0.0,"time":0.0,"bugs":0.0},"loc":{"sloc":1.0,"ploc":1.0,"lloc":0.0,"cloc":0.0,"blank":0.0,"sloc_average":1.0,"ploc_average":1.0,"lloc_average":0.0,"cloc_average":0.0,"blank_average":0.0,"sloc_min":1.0,"sloc_max":1.0,"cloc_min":0.0,"cloc_max":0.0,"ploc_min":1.0,"ploc_max":1.0,"lloc_min":0.0,"lloc_max":0.0,"blank_min":0.0,"blank_max":0.0},"nom":{"functions":0.0,"closures":0.0,"functions_average":0.0,"closures_average":0.0,"total":0.0,"average":0.0,"functions_min":0.0,"functions_max":0.0,"closures_min":0.0,"closures_max":0.0},"mi":{"mi_original":null,"mi_sei":null,"mi_visual_studio":null},"abc":{"assignments":0.0,"branches":0.0,"conditions":0.0,"magnitude":0.0,"assignments_average":0.0,"branches_average":0.0,"conditions_average":0.0,"assignments_min":0.0,"assignments_max":0.0,"branches_min":0.0,"branches_max":0.0,"conditions_min":0.0,"conditions_max":0.0}}},{"name":"zcbor_new_backup","start_line":13,"end_line":36,"kind":"function","spaces":[],"metrics":{"nargs":{"total_functions":2.0,"total_closures":0.0,"average_functions":2.0,"average_closures":0.0,"total":2.0,"average":2.0,"functions_min":2.0,"functions_max":2.0,"closures_min":0.0,"closures_max":0.0},"nexits":{"sum":1.0,"average":1.0,"min":1.0,"max":1.0},"cognitive":{"sum":1.0,"average":1.0,"min":1.0,"max":1.0},"cyclomatic":{"sum":2.0,"average":2.0,"min":2.0,"max":2.0},"halstead":{"n1":16.0,"N1":52.0,"n2":20.0,"N2":38.0,"length":90.0,"estimated_program_length":150.43856189774726,"purity_ratio":1.6715395766416363,"vocabulary":36.0,"volume":465.2932501298081,"difficulty":15.2,"level":0.06578947368421052,"effort":7072.457401973083,"time":392.9143001096157,"bugs":0.12281713781582324},"loc":{"sloc":24.0,"ploc":16.0,"lloc":10.0,"cloc":0.0,"blank":8.0,"sloc_average":24.0,"ploc_average":16.0,"lloc_average":10.0,"cloc_average":0.0,"blank_average":8.0,"sloc_min":24.0,"sloc_max":24.0,"cloc_min":0.0,"cloc_max":0.0,"ploc_min":16.0,"ploc_max":16.0,"lloc_min":10.0,"lloc_max":10.0,"blank_min":8.0,"blank_max":8.0},"nom":{"functions":1.0,"closures":0.0,"functions_average":1.0,"closures_average":0.0,"total":1.0,"average":1.0,"functions_min":1.0,"functions_max":1.0,"closures_min":0.0,"closures_max":0.0},"mi":{"mi_original":87.1136551166397,"mi_sei":50.18122595728376,"mi_visual_studio":50.9436579629472},"abc":{"assignments":0.0,"branches":0.0,"conditions":0.0,"magnitude":0.0,"assignments_average":0.0,"branches_average":0.0,"conditions_average":0.0,"assignments_min":0.0,"assignments_max":0.0,"branches_min":0.0,"branches_max":0.0,"conditions_min":0.0,"conditions_max":0.0}}},{"name":"zcbor_process_backup","start_line":38,"end_line":83,"kind":"function","spaces":[],"metrics":{"nargs":{"total_functions":3.0,"total_closures":0.0,"average_functions":3.0,"average_closures":0.0,"total":3.0,"average":3.0,"functions_min":3.0,"functions_max":3.0,"closures_min":0.0,"closures_max":0.0},"nexits":{"sum":1.0,"average":1.0,"min":1.0,"max":1.0},"cognitive":{"sum":11.0,"average":11.0,"min":11.0,"max":11.0},"cyclomatic":{"sum":9.0,"average":9.0,"min":9.0,"max":9.0},"halstead":{"n1":19.0,"N1":102.0,"n2":32.0,"N2":74.0,"length":176.0,"estimated_program_length":240.71062275542812,"purity_ratio":1.3676739929285688,"vocabulary":51.0,"volume":998.3468601869831,"difficulty":21.96875,"level":0.04551920341394026,"effort":21932.432584732785,"time":1218.468476929599,"bugs":0.2611780133063781},"loc":{"sloc":46.0,"ploc":36.0,"lloc":23.0,"cloc":0.0,"blank":10.0,"sloc_average":46.0,"ploc_average":36.0,"lloc_average":23.0,"cloc_average":0.0,"blank_average":10.0,"sloc_min":46.0,"sloc_max":46.0,"cloc_min":0.0,"cloc_max":0.0,"ploc_min":36.0,"ploc_max":36.0,"lloc_min":23.0,"lloc_max":23.0,"blank_min":10.0,"blank_max":10.0},"nom":{"functions":1.0,"closures":0.0,"functions_average":1.0,"closures_average":0.0,"total":1.0,"average":1.0,"functions_min":1.0,"functions_max":1.0,"closures_min":0.0,"closures_max":0.0},"mi":{"mi_original":70.99428536650306,"mi_sei":27.6386301723373,"mi_visual_studio":41.51712594532343},"abc":{"assignments":0.0,"branches":0.0,"conditions":0.0,"magnitude":0.0,"assignments_average":0.0,"branches_average":0.0,"conditions_average":0.0,"assignments_min":0.0,"assignments_max":0.0,"branches_min":0.0,"branches_max":0.0,"conditions_min":0.0,"conditions_max":0.0}}},{"name":"update_backups","start_line":85,"end_line":93,"kind":"function","spaces":[],"metrics":{"nargs":{"total_functions":2.0,"total_closures":0.0,"average_functions":2.0,"average_closures":0.0,"total":2.0,"average":2.0,"functions_min":2.0,"functions_max":2.0,"closures_min":0.0,"closures_max":0.0},"nexits":{"sum":0.0,"average":0.0,"min":0.0,"max":0.0},"cognitive":{"sum":3.0,"average":3.0,"min":3.0,"max":3.0},"cyclomatic":{"sum":3.0,"average":3.0,"min":3.0,"max":3.0},"halstead":{"n1":14.0,"N1":34.0,"n2":12.0,"N2":25.0,"length":59.0,"estimated_program_length":96.32251891746033,"purity_ratio":1.6325850663976327,"vocabulary":26.0,"volume":277.3259433703244,"difficulty":14.583333333333334,"level":0.06857142857142857,"effort":4044.3366741505642,"time":224.68537078614247,"bugs":0.08461427020667613},"loc":{"sloc":9.0,"ploc":9.0,"lloc":4.0,"cloc":0.0,"blank":0.0,"sloc_average":9.0,"ploc_average":9.0,"lloc_average":4.0,"cloc_average":0.0,"blank_average":0.0,"sloc_min":9.0,"sloc_max":9.0,"cloc_min":0.0,"cloc_max":0.0,"ploc_min":9.0,"ploc_max":9.0,"lloc_min":4.0,"lloc_max":4.0,"blank_min":0.0,"blank_max":0.0},"nom":{"functions":1.0,"closures":0.0,"functions_average":1.0,"closures_average":0.0,"total":1.0,"average":1.0,"functions_min":1.0,"functions_max":1.0,"closures_min":0.0,"closures_max":0.0},"mi":{"mi_original":105.46395561960968,"mi_sei":76.75693335114524,"mi_visual_studio":61.674827847724956},"abc":{"assignments":0.0,"branches":0.0,"conditions":0.0,"magnitude":0.0,"assignments_average":0.0,"branches_average":0.0,"conditions_average":0.0,"assignments_min":0.0,"assignments_max":0.0,"branches_min":0.0,"branches_max":0.0,"conditions_min":0.0,"conditions_max":0.0}}},{"name":"zcbor_union_start_code","start_line":95,"end_line":101,"kind":"function","spaces":[],"metrics":{"nargs":{"total_functions":1.0,"total_closures":0.0,"average_functions":1.0,"average_closures":0.0,"total":1.0,"average":1.0,"functions_min":1.0,"functions_max":1.0,"closures_min":0.0,"closures_max":0.0},"nexits":{"sum":1.0,"average":1.0,"min":1.0,"max":1.0},"cognitive":{"sum":1.0,"average":1.0,"min":1.0,"max":1.0},"cyclomatic":{"sum":2.0,"average":2.0,"min":2.0,"max":2.0},"halstead":{"n1":10.0,"N1":15.0,"n2":7.0,"N2":9.0,"length":24.0,"estimated_program_length":52.87076540327685,"purity_ratio":2.2029485584698687,"vocabulary":17.0,"volume":98.09910819000814,"difficulty":6.428571428571429,"level":0.15555555555555556,"effort":630.6371240786237,"time":35.03539578214576,"bugs":0.024513111122766697},"loc":{"sloc":7.0,"ploc":7.0,"lloc":3.0,"cloc":0.0,"blank":0.0,"sloc_average":7.0,"ploc_average":7.0,"lloc_average":3.0,"cloc_average":0.0,"blank_average":0.0,"sloc_min":7.0,"sloc_max":7.0,"cloc_min":0.0,"cloc_max":0.0,"ploc_min":7.0,"ploc_max":7.0,"lloc_min":3.0,"lloc_max":3.0,"blank_min":0.0,"blank_max":0.0},"nom":{"functions":1.0,"closures":0.0,"functions_average":1.0,"closures_average":0.0,"total":1.0,"average":1.0,"functions_min":1.0,"functions_max":1.0,"closures_min":0.0,"closures_max":0.0},"mi":{"mi_original":115.16916855164109,"mi_sei":90.65677605955392,"mi_visual_studio":67.35039096587198},"abc":{"assignments":0.0,"branches":0.0,"conditions":0.0,"magnitude":0.0,"assignments_average":0.0,"branches_average":0.0,"conditions_average":0.0,"assignments_min":0.0,"assignments_max":0.0,"branches_min":0.0,"branches_max":0.0,"conditions_min":0.0,"conditions_max":0.0}}},{"name":"zcbor_union_elem_code","start_line":103,"end_line":109,"kind":"function","spaces":[],"metrics":{"nargs":{"total_functions":1.0,"total_closures":0.0,"average_functions":1.0,"average_closures":0.0,"total":1.0,"average":1.0,"functions_min":1.0,"functions_max":1.0,"closures_min":0.0,"closures_max":0.0},"nexits":{"sum":1.0,"average":1.0,"min":1.0,"max":1.0},"cognitive":{"sum":1.0,"average":1.0,"min":1.0,"max":1.0},"cyclomatic":{"sum":2.0,"average":2.0,"min":2.0,"max":2.0},"halstead":{"n1":10.0,"N1":16.0,"n2":8.0,"N2":10.0,"length":26.0,"estimated_program_length":57.219280948873624,"purity_ratio":2.2007415749566777,"vocabulary":18.0,"volume":108.41805003750011,"difficulty":6.25,"level":0.16,"effort":677.6128127343757,"time":37.64515626302087,"bugs":0.025715786896365087},"loc":{"sloc":7.0,"ploc":7.0,"lloc":3.0,"cloc":0.0,"blank":0.0,"sloc_average":7.0,"ploc_average":7.0,"lloc_average":3.0,"cloc_average":0.0,"blank_average":0.0,"sloc_min":7.0,"sloc_max":7.0,"cloc_min":0.0,"cloc_max":0.0,"ploc_min":7.0,"ploc_max":7.0,"lloc_min":3.0,"lloc_max":3.0,"blank_min":0.0,"blank_max":0.0},"nom":{"functions":1.0,"closures":0.0,"functions_average":1.0,"closures_average":0.0,"total":1.0,"average":1.0,"functions_min":1.0,"functions_max":1.0,"closures_min":0.0,"closures_max":0.0},"mi":{"mi_original":114.64908372559884,"mi_sei":89.9064522601812,"mi_visual_studio":67.04624779274786},"abc":{"assignments":0.0,"branches":0.0,"conditions":0.0,"magnitude":0.0,"assignments_average":0.0,"branches_average":0.0,"conditions_average":0.0,"assignments_min":0.0,"assignments_max":0.0,"branches_min":0.0,"branches_max":0.0,"conditions_min":0.0,"conditions_max":0.0}}},{"name":"zcbor_union_end_code","start_line":111,"end_line":117,"kind":"function","spaces":[],"metrics":{"nargs":{"total_functions":1.0,"total_closures":0.0,"average_functions":1.0,"average_closures":0.0,"total":1.0,"average":1.0,"functions_min":1.0,"functions_max":1.0,"closures_min":0.0,"closures_max":0.0},"nexits":{"sum":1.0,"average":1.0,"min":1.0,"max":1.0},"cognitive":{"sum":1.0,"average":1.0,"min":1.0,"max":1.0},"cyclomatic":{"sum":2.0,"average":2.0,"min":2.0,"max":2.0},"halstead":{"n1":10.0,"N1":16.0,"n2":8.0,"N2":10.0,"length":26.0,"estimated_program_length":57.219280948873624,"purity_ratio":2.2007415749566777,"vocabulary":18.0,"volume":108.41805003750011,"difficulty":6.25,"level":0.16,"effort":677.6128127343757,"time":37.64515626302087,"bugs":0.025715786896365087},"loc":{"sloc":7.0,"ploc":7.0,"lloc":3.0,"cloc":0.0,"blank":0.0,"sloc_average":7.0,"ploc_average":7.0,"lloc_average":3.0,"cloc_average":0.0,"blank_average":0.0,"sloc_min":7.0,"sloc_max":7.0,"cloc_min":0.0,"cloc_max":0.0,"ploc_min":7.0,"ploc_max":7.0,"lloc_min":3.0,"lloc_max":3.0,"blank_min":0.0,"blank_max":0.0},"nom":{"functions":1.0,"closures":0.0,"functions_average":1.0,"closures_average":0.0,"total":1.0,"average":1.0,"functions_min":1.0,"functions_max":1.0,"closures_min":0.0,"closures_max":0.0},"mi":{"mi_original":114.64908372559884,"mi_sei":89.9064522601812,"mi_visual_studio":67.04624779274786},"abc":{"assignments":0.0,"branches":0.0,"conditions":0.0,"magnitude":0.0,"assignments_average":0.0,"branches_average":0.0,"conditions_average":0.0,"assignments_min":0.0,"assignments_max":0.0,"branches_min":0.0,"branches_max":0.0,"conditions_min":0.0,"conditions_max":0.0}}},{"name":"zcbor_new_state","start_line":119,"end_line":158,"kind":"function","spaces":[{"name":"zcbor_state_constant","start_line":142,"end_line":142,"kind":"struct","spaces":[],"metrics":{"nargs":{"total_functions":0.0,"total_closures":0.0,"average_functions":0.0,"average_closures":0.0,"total":0.0,"average":0.0,"functions_min":0.0,"functions_max":0.0,"closures_min":0.0,"closures_max":0.0},"nexits":{"sum":0.0,"average":null,"min":0.0,"max":0.0},"cognitive":{"sum":0.0,"average":null,"min":0.0,"max":0.0},"cyclomatic":{"sum":1.0,"average":1.0,"min":1.0,"max":1.0},"halstead":{"n1":0.0,"N1":0.0,"n2":1.0,"N2":1.0,"length":1.0,"estimated_program_length":null,"purity_ratio":null,"vocabulary":1.0,"volume":0.0,"difficulty":0.0,"level":null,"effort":0.0,"time":0.0,"bugs":0.0},"loc":{"sloc":1.0,"ploc":1.0,"lloc":0.0,"cloc":0.0,"blank":0.0,"sloc_average":1.0,"ploc_average":1.0,"lloc_average":0.0,"cloc_average":0.0,"blank_average":0.0,"sloc_min":1.0,"sloc_max":1.0,"cloc_min":0.0,"cloc_max":0.0,"ploc_min":1.0,"ploc_max":1.0,"lloc_min":0.0,"lloc_max":0.0,"blank_min":0.0,"blank_max":0.0},"nom":{"functions":0.0,"closures":0.0,"functions_average":0.0,"closures_average":0.0,"total":0.0,"average":0.0,"functions_min":0.0,"functions_max":0.0,"closures_min":0.0,"closures_max":0.0},"mi":{"mi_original":null,"mi_sei":null,"mi_visual_studio":null},"abc":{"assignments":0.0,"branches":0.0,"conditions":0.0,"magnitude":0.0,"assignments_average":0.0,"branches_average":0.0,"conditions_average":0.0,"assignments_min":0.0,"assignments_max":0.0,"branches_min":0.0,"branches_max":0.0,"conditions_min":0.0,"conditions_max":0.0}}}],"metrics":{"nargs":{"total_functions":7.0,"total_closures":0.0,"average_functions":7.0,"average_closures":0.0,"total":7.0,"average":7.0,"functions_min":0.0,"functions_max":7.0,"closures_min":0.0,"closures_max":0.0},"nexits":{"sum":1.0,"average":1.0,"min":0.0,"max":1.0},"cognitive":{"sum":2.0,"average":2.0,"min":0.0,"max":2.0},"cyclomatic":{"sum":4.0,"average":2.0,"min":1.0,"max":3.0},"halstead":{"n1":17.0,"N1":133.0,"n2":36.0,"N2":114.0,"length":247.0,"estimated_program_length":255.60416835317898,"purity_ratio":1.0348346896889837,"vocabulary":53.0,"volume":1414.7963522771101,"difficulty":26.916666666666668,"level":0.03715170278637771,"effort":38081.60181545888,"time":2115.644545303271,"bugs":0.3773018057733502},"loc":{"sloc":40.0,"ploc":38.0,"lloc":24.0,"cloc":0.0,"blank":2.0,"sloc_average":20.0,"ploc_average":19.0,"lloc_average":12.0,"cloc_average":0.0,"blank_average":1.0,"sloc_min":1.0,"sloc_max":1.0,"cloc_min":0.0,"cloc_max":0.0,"ploc_min":1.0,"ploc_max":1.0,"lloc_min":0.0,"lloc_max":0.0,"blank_min":0.0,"blank_max":0.0},"nom":{"functions":1.0,"closures":0.0,"functions_average":0.5,"closures_average":0.0,"total":1.0,"average":0.5,"functions_min":0.0,"functions_max":1.0,"closures_min":0.0,"closures_max":0.0},"mi":{"mi_original":72.59550027220301,"mi_sei":29.439595679165734,"mi_visual_studio":42.45350893111287},"abc":{"assignments":0.0,"branches":0.0,"conditions":0.0,"magnitude":0.0,"assignments_average":0.0,"branches_average":0.0,"conditions_average":0.0,"assignments_min":0.0,"assignments_max":0.0,"branches_min":0.0,"branches_max":0.0,"conditions_min":0.0,"conditions_max":0.0}}},{"name":"zcbor_update_state","start_line":160,"end_line":166,"kind":"function","spaces":[],"metrics":{"nargs":{"total_functions":3.0,"total_closures":0.0,"average_functions":3.0,"average_closures":0.0,"total":3.0,"average":3.0,"functions_min":3.0,"functions_max":3.0,"closures_min":0.0,"closures_max":0.0},"nexits":{"sum":0.0,"average":0.0,"min":0.0,"max":0.0},"cognitive":{"sum":0.0,"average":0.0,"min":0.0,"max":0.0},"cyclomatic":{"sum":1.0,"average":1.0,"min":1.0,"max":1.0},"halstead":{"n1":9.0,"N1":20.0,"n2":7.0,"N2":16.0,"length":36.0,"estimated_program_length":48.18080946738404,"purity_ratio":1.3383558185384454,"vocabulary":16.0,"volume":144.0,"difficulty":10.285714285714286,"level":0.09722222222222221,"effort":1481.1428571428573,"time":82.28571428571429,"bugs":0.043312180098215164},"loc":{"sloc":7.0,"ploc":6.0,"lloc":3.0,"cloc":0.0,"blank":1.0,"sloc_average":7.0,"ploc_average":6.0,"lloc_average":3.0,"cloc_average":0.0,"blank_average":1.0,"sloc_min":7.0,"sloc_max":7.0,"cloc_min":0.0,"cloc_max":0.0,"ploc_min":6.0,"ploc_max":6.0,"lloc_min":3.0,"lloc_max":3.0,"blank_min":1.0,"blank_max":1.0},"nom":{"functions":1.0,"closures":0.0,"functions_average":1.0,"closures_average":0.0,"total":1.0,"average":1.0,"functions_min":1.0,"functions_max":1.0,"closures_min":0.0,"closures_max":0.0},"mi":{"mi_original":113.40322642750874,"mi_sei":88.0072402551668,"mi_visual_studio":66.31767627339693},"abc":{"assignments":0.0,"branches":0.0,"conditions":0.0,"magnitude":0.0,"assignments_average":0.0,"branches_average":0.0,"conditions_average":0.0,"assignments_min":0.0,"assignments_max":0.0,"branches_min":0.0,"branches_max":0.0,"conditions_min":0.0,"conditions_max":0.0}}},{"name":"zcbor_validate_string_fragments","start_line":168,"end_line":204,"kind":"function","spaces":[{"name":"zcbor_string_fragment","start_line":168,"end_line":168,"kind":"struct","spaces":[],"metrics":{"nargs":{"total_functions":0.0,"total_closures":0.0,"average_functions":0.0,"average_closures":0.0,"total":0.0,"average":0.0,"functions_min":0.0,"functions_max":0.0,"closures_min":0.0,"closures_max":0.0},"nexits":{"sum":0.0,"average":null,"min":0.0,"max":0.0},"cognitive":{"sum":0.0,"average":null,"min":0.0,"max":0.0},"cyclomatic":{"sum":1.0,"average":1.0,"min":1.0,"max":1.0},"halstead":{"n1":0.0,"N1":0.0,"n2":1.0,"N2":1.0,"length":1.0,"estimated_program_length":null,"purity_ratio":null,"vocabulary":1.0,"volume":0.0,"difficulty":0.0,"level":null,"effort":0.0,"time":0.0,"bugs":0.0},"loc":{"sloc":1.0,"ploc":1.0,"lloc":0.0,"cloc":0.0,"blank":0.0,"sloc_average":1.0,"ploc_average":1.0,"lloc_average":0.0,"cloc_average":0.0,"blank_average":0.0,"sloc_min":1.0,"sloc_max":1.0,"cloc_min":0.0,"cloc_max":0.0,"ploc_min":1.0,"ploc_max":1.0,"lloc_min":0.0,"lloc_max":0.0,"blank_min":0.0,"blank_max":0.0},"nom":{"functions":0.0,"closures":0.0,"functions_average":0.0,"closures_average":0.0,"total":0.0,"average":0.0,"functions_min":0.0,"functions_max":0.0,"closures_min":0.0,"closures_max":0.0},"mi":{"mi_original":null,"mi_sei":null,"mi_visual_studio":null},"abc":{"assignments":0.0,"branches":0.0,"conditions":0.0,"magnitude":0.0,"assignments_average":0.0,"branches_average":0.0,"conditions_average":0.0,"assignments_min":0.0,"assignments_max":0.0,"branches_min":0.0,"branches_max":0.0,"conditions_min":0.0,"conditions_max":0.0}}}],"metrics":{"nargs":{"total_functions":2.0,"total_closures":0.0,"average_functions":2.0,"average_closures":0.0,"total":2.0,"average":2.0,"functions_min":0.0,"functions_max":2.0,"closures_min":0.0,"closures_max":0.0},"nexits":{"sum":7.0,"average":7.0,"min":0.0,"max":7.0},"cognitive":{"sum":16.0,"average":16.0,"min":0.0,"max":16.0},"cyclomatic":{"sum":13.0,"average":6.5,"min":1.0,"max":12.0},"halstead":{"n1":19.0,"N1":96.0,"n2":15.0,"N2":63.0,"length":159.0,"estimated_program_length":139.3139816895559,"purity_ratio":0.8761885640852572,"vocabulary":34.0,"volume":808.9065917588039,"difficulty":39.9,"level":0.025062656641604012,"effort":32275.373011176274,"time":1793.076278398682,"bugs":0.3379036829823911},"loc":{"sloc":37.0,"ploc":32.0,"lloc":19.0,"cloc":0.0,"blank":5.0,"sloc_average":18.5,"ploc_average":16.0,"lloc_average":9.5,"cloc_average":0.0,"blank_average":2.5,"sloc_min":1.0,"sloc_max":1.0,"cloc_min":0.0,"cloc_max":0.0,"ploc_min":1.0,"ploc_max":1.0,"lloc_min":0.0,"lloc_max":0.0,"blank_min":0.0,"blank_max":0.0},"nom":{"functions":1.0,"closures":0.0,"functions_average":0.5,"closures_average":0.0,"total":1.0,"average":0.5,"functions_min":0.0,"functions_max":1.0,"closures_min":0.0,"closures_max":0.0},"mi":{"mi_original":74.69557588020166,"mi_sei":33.385743078957475,"mi_visual_studio":43.68162332175535},"abc":{"assignments":0.0,"branches":0.0,"conditions":0.0,"magnitude":0.0,"assignments_average":0.0,"branches_average":0.0,"conditions_average":0.0,"assignments_min":0.0,"assignments_max":0.0,"branches_min":0.0,"branches_max":0.0,"conditions_min":0.0,"conditions_max":0.0}}},{"name":"zcbor_splice_string_fragments","start_line":206,"end_line":227,"kind":"function","spaces":[{"name":"zcbor_string_fragment","start_line":206,"end_line":206,"kind":"struct","spaces":[],"metrics":{"nargs":{"total_functions":0.0,"total_closures":0.0,"average_functions":0.0,"average_closures":0.0,"total":0.0,"average":0.0,"functions_min":0.0,"functions_max":0.0,"closures_min":0.0,"closures_max":0.0},"nexits":{"sum":0.0,"average":null,"min":0.0,"max":0.0},"cognitive":{"sum":0.0,"average":null,"min":0.0,"max":0.0},"cyclomatic":{"sum":1.0,"average":1.0,"min":1.0,"max":1.0},"halstead":{"n1":0.0,"N1":0.0,"n2":1.0,"N2":1.0,"length":1.0,"estimated_program_length":null,"purity_ratio":null,"vocabulary":1.0,"volume":0.0,"difficulty":0.0,"level":null,"effort":0.0,"time":0.0,"bugs":0.0},"loc":{"sloc":1.0,"ploc":1.0,"lloc":0.0,"cloc":0.0,"blank":0.0,"sloc_average":1.0,"ploc_average":1.0,"lloc_average":0.0,"cloc_average":0.0,"blank_average":0.0,"sloc_min":1.0,"sloc_max":1.0,"cloc_min":0.0,"cloc_max":0.0,"ploc_min":1.0,"ploc_max":1.0,"lloc_min":0.0,"lloc_max":0.0,"blank_min":0.0,"blank_max":0.0},"nom":{"functions":0.0,"closures":0.0,"functions_average":0.0,"closures_average":0.0,"total":0.0,"average":0.0,"functions_min":0.0,"functions_max":0.0,"closures_min":0.0,"closures_max":0.0},"mi":{"mi_original":null,"mi_sei":null,"mi_visual_studio":null},"abc":{"assignments":0.0,"branches":0.0,"conditions":0.0,"magnitude":0.0,"assignments_average":0.0,"branches_average":0.0,"conditions_average":0.0,"assignments_min":0.0,"assignments_max":0.0,"branches_min":0.0,"branches_max":0.0,"conditions_min":0.0,"conditions_max":0.0}}}],"metrics":{"nargs":{"total_functions":4.0,"total_closures":0.0,"average_functions":4.0,"average_closures":0.0,"total":4.0,"average":4.0,"functions_min":0.0,"functions_max":4.0,"closures_min":0.0,"closures_max":0.0},"nexits":{"sum":3.0,"average":3.0,"min":0.0,"max":3.0},"cognitive":{"sum":5.0,"average":5.0,"min":0.0,"max":5.0},"cyclomatic":{"sum":6.0,"average":3.0,"min":1.0,"max":5.0},"halstead":{"n1":20.0,"N1":69.0,"n2":15.0,"N2":43.0,"length":112.0,"estimated_program_length":145.04192083187502,"purity_ratio":1.2950171502845984,"vocabulary":35.0,"volume":574.4796978978362,"difficulty":28.666666666666668,"level":0.03488372093023256,"effort":16468.418006404638,"time":914.9121114669243,"bugs":0.21576450429122554},"loc":{"sloc":22.0,"ploc":19.0,"lloc":10.0,"cloc":0.0,"blank":3.0,"sloc_average":11.0,"ploc_average":9.5,"lloc_average":5.0,"cloc_average":0.0,"blank_average":1.5,"sloc_min":1.0,"sloc_max":1.0,"cloc_min":0.0,"cloc_max":0.0,"ploc_min":1.0,"ploc_max":1.0,"lloc_min":0.0,"lloc_max":0.0,"blank_min":0.0,"blank_max":0.0},"nom":{"functions":1.0,"closures":0.0,"functions_average":0.5,"closures_average":0.0,"total":1.0,"average":0.5,"functions_min":0.0,"functions_max":1.0,"closures_min":0.0,"closures_max":0.0},"mi":{"mi_original":86.50709551435259,"mi_sei":49.713424864678416,"mi_visual_studio":50.58894474523543},"abc":{"assignments":0.0,"branches":0.0,"conditions":0.0,"magnitude":0.0,"assignments_average":0.0,"branches_average":0.0,"conditions_average":0.0,"assignments_min":0.0,"assignments_max":0.0,"branches_min":0.0,"branches_max":0.0,"conditions_min":0.0,"conditions_max":0.0}}},{"name":"zcbor_compare_strings","start_line":229,"end_line":235,"kind":"function","spaces":[{"name":"zcbor_string","start_line":229,"end_line":229,"kind":"struct","spaces":[],"metrics":{"nargs":{"total_functions":0.0,"total_closures":0.0,"average_functions":0.0,"average_closures":0.0,"total":0.0,"average":0.0,"functions_min":0.0,"functions_max":0.0,"closures_min":0.0,"closures_max":0.0},"nexits":{"sum":0.0,"average":null,"min":0.0,"max":0.0},"cognitive":{"sum":0.0,"average":null,"min":0.0,"max":0.0},"cyclomatic":{"sum":1.0,"average":1.0,"min":1.0,"max":1.0},"halstead":{"n1":0.0,"N1":0.0,"n2":1.0,"N2":1.0,"length":1.0,"estimated_program_length":null,"purity_ratio":null,"vocabulary":1.0,"volume":0.0,"difficulty":0.0,"level":null,"effort":0.0,"time":0.0,"bugs":0.0},"loc":{"sloc":1.0,"ploc":1.0,"lloc":0.0,"cloc":0.0,"blank":0.0,"sloc_average":1.0,"ploc_average":1.0,"lloc_average":0.0,"cloc_average":0.0,"blank_average":0.0,"sloc_min":1.0,"sloc_max":1.0,"cloc_min":0.0,"cloc_max":0.0,"ploc_min":1.0,"ploc_max":1.0,"lloc_min":0.0,"lloc_max":0.0,"blank_min":0.0,"blank_max":0.0},"nom":{"functions":0.0,"closures":0.0,"functions_average":0.0,"closures_average":0.0,"total":0.0,"average":0.0,"functions_min":0.0,"functions_max":0.0,"closures_min":0.0,"closures_max":0.0},"mi":{"mi_original":null,"mi_sei":null,"mi_visual_studio":null},"abc":{"assignments":0.0,"branches":0.0,"conditions":0.0,"magnitude":0.0,"assignments_average":0.0,"branches_average":0.0,"conditions_average":0.0,"assignments_min":0.0,"assignments_max":0.0,"branches_min":0.0,"branches_max":0.0,"conditions_min":0.0,"conditions_max":0.0}}},{"name":"zcbor_string","start_line":230,"end_line":230,"kind":"struct","spaces":[],"metrics":{"nargs":{"total_functions":0.0,"total_closures":0.0,"average_functions":0.0,"average_closures":0.0,"total":0.0,"average":0.0,"functions_min":0.0,"functions_max":0.0,"closures_min":0.0,"closures_max":0.0},"nexits":{"sum":0.0,"average":null,"min":0.0,"max":0.0},"cognitive":{"sum":0.0,"average":null,"min":0.0,"max":0.0},"cyclomatic":{"sum":1.0,"average":1.0,"min":1.0,"max":1.0},"halstead":{"n1":0.0,"N1":0.0,"n2":1.0,"N2":1.0,"length":1.0,"estimated_program_length":null,"purity_ratio":null,"vocabulary":1.0,"volume":0.0,"difficulty":0.0,"level":null,"effort":0.0,"time":0.0,"bugs":0.0},"loc":{"sloc":1.0,"ploc":1.0,"lloc":0.0,"cloc":0.0,"blank":0.0,"sloc_average":1.0,"ploc_average":1.0,"lloc_average":0.0,"cloc_average":0.0,"blank_average":0.0,"sloc_min":1.0,"sloc_max":1.0,"cloc_min":0.0,"cloc_max":0.0,"ploc_min":1.0,"ploc_max":1.0,"lloc_min":0.0,"lloc_max":0.0,"blank_min":0.0,"blank_max":0.0},"nom":{"functions":0.0,"closures":0.0,"functions_average":0.0,"closures_average":0.0,"total":0.0,"average":0.0,"functions_min":0.0,"functions_max":0.0,"closures_min":0.0,"closures_max":0.0},"mi":{"mi_original":null,"mi_sei":null,"mi_visual_studio":null},"abc":{"assignments":0.0,"branches":0.0,"conditions":0.0,"magnitude":0.0,"assignments_average":0.0,"branches_average":0.0,"conditions_average":0.0,"assignments_min":0.0,"assignments_max":0.0,"branches_min":0.0,"branches_max":0.0,"conditions_min":0.0,"conditions_max":0.0}}}],"metrics":{"nargs":{"total_functions":2.0,"total_closures":0.0,"average_functions":2.0,"average_closures":0.0,"total":2.0,"average":2.0,"functions_min":0.0,"functions_max":2.0,"closures_min":0.0,"closures_max":0.0},"nexits":{"sum":1.0,"average":1.0,"min":0.0,"max":1.0},"cognitive":{"sum":1.0,"average":1.0,"min":0.0,"max":1.0},"cyclomatic":{"sum":8.0,"average":2.6666666666666665,"min":1.0,"max":6.0},"halstead":{"n1":11.0,"N1":35.0,"n2":9.0,"N2":27.0,"length":62.0,"estimated_program_length":66.58307281799108,"purity_ratio":1.0739205293224368,"vocabulary":20.0,"volume":267.95954188301647,"difficulty":16.5,"level":0.06060606060606061,"effort":4421.332441069771,"time":245.62958005943176,"bugs":0.08979404292150273},"loc":{"sloc":7.0,"ploc":7.0,"lloc":1.0,"cloc":0.0,"blank":0.0,"sloc_average":2.3333333333333335,"ploc_average":2.3333333333333335,"lloc_average":0.3333333333333333,"cloc_average":0.0,"blank_average":0.0,"sloc_min":1.0,"sloc_max":1.0,"cloc_min":0.0,"cloc_max":0.0,"ploc_min":1.0,"ploc_max":1.0,"lloc_min":0.0,"lloc_max":0.0,"blank_min":0.0,"blank_max":0.0},"nom":{"functions":1.0,"closures":0.0,"functions_average":0.3333333333333333,"closures_average":0.0,"total":1.0,"average":0.3333333333333333,"functions_min":0.0,"functions_max":1.0,"closures_min":0.0,"closures_max":0.0},"mi":{"mi_original":108.56390835414706,"mi_sei":81.73831908527481,"mi_visual_studio":63.48766570417957},"abc":{"assignments":0.0,"branches":0.0,"conditions":0.0,"magnitude":0.0,"assignments_average":0.0,"branches_average":0.0,"conditions_average":0.0,"assignments_min":0.0,"assignments_max":0.0,"branches_min":0.0,"branches_max":0.0,"conditions_min":0.0,"conditions_max":0.0}}},{"name":"zcbor_header_len","start_line":237,"end_line":250,"kind":"function","spaces":[],"metrics":{"nargs":{"total_functions":1.0,"total_closures":0.0,"average_functions":1.0,"average_closures":0.0,"total":1.0,"average":1.0,"functions_min":1.0,"functions_max":1.0,"closures_min":0.0,"closures_max":0.0},"nexits":{"sum":5.0,"average":5.0,"min":5.0,"max":5.0},"cognitive":{"sum":5.0,"average":5.0,"min":5.0,"max":5.0},"cyclomatic":{"sum":5.0,"average":5.0,"min":5.0,"max":5.0},"halstead":{"n1":8.0,"N1":35.0,"n2":11.0,"N2":15.0,"length":50.0,"estimated_program_length":62.05374780501027,"purity_ratio":1.2410749561002055,"vocabulary":19.0,"volume":212.39637567217926,"difficulty":5.454545454545454,"level":0.18333333333333335,"effort":1158.525685484614,"time":64.36253808247857,"bugs":0.036769059655644344},"loc":{"sloc":14.0,"ploc":14.0,"lloc":9.0,"cloc":0.0,"blank":0.0,"sloc_average":14.0,"ploc_average":14.0,"lloc_average":9.0,"cloc_average":0.0,"blank_average":0.0,"sloc_min":14.0,"sloc_max":14.0,"cloc_min":0.0,"cloc_max":0.0,"ploc_min":14.0,"ploc_max":14.0,"lloc_min":9.0,"lloc_max":9.0,"blank_min":0.0,"blank_max":0.0},"nom":{"functions":1.0,"closures":0.0,"functions_average":1.0,"closures_average":0.0,"total":1.0,"average":1.0,"functions_min":1.0,"functions_max":1.0,"closures_min":0.0,"closures_max":0.0},"mi":{"mi_original":99.23330928746697,"mi_sei":67.9716505050389,"mi_visual_studio":58.03117502191051},"abc":{"assignments":0.0,"branches":0.0,"conditions":0.0,"magnitude":0.0,"assignments_average":0.0,"branches_average":0.0,"conditions_average":0.0,"assignments_min":0.0,"assignments_max":0.0,"branches_min":0.0,"branches_max":0.0,"conditions_min":0.0,"conditions_max":0.0}}},{"name":"zcbor_header_len_ptr","start_line":252,"end_line":262,"kind":"function","spaces":[],"metrics":{"nargs":{"total_functions":2.0,"total_closures":0.0,"average_functions":2.0,"average_closures":0.0,"total":2.0,"average":2.0,"functions_min":2.0,"functions_max":2.0,"closures_min":0.0,"closures_max":0.0},"nexits":{"sum":2.0,"average":2.0,"min":2.0,"max":2.0},"cognitive":{"sum":1.0,"average":1.0,"min":1.0,"max":1.0},"cyclomatic":{"sum":2.0,"average":2.0,"min":2.0,"max":2.0},"halstead":{"n1":13.0,"N1":35.0,"n2":8.0,"N2":17.0,"length":52.0,"estimated_program_length":72.10571633583419,"purity_ratio":1.3866483910737344,"vocabulary":21.0,"volume":228.40050598449557,"difficulty":13.8125,"level":0.07239819004524888,"effort":3154.781988910845,"time":175.2656660506025,"bugs":0.07170096164639572},"loc":{"sloc":11.0,"ploc":9.0,"lloc":5.0,"cloc":0.0,"blank":2.0,"sloc_average":11.0,"ploc_average":9.0,"lloc_average":5.0,"cloc_average":0.0,"blank_average":2.0,"sloc_min":11.0,"sloc_max":11.0,"cloc_min":0.0,"cloc_max":0.0,"ploc_min":9.0,"ploc_max":9.0,"lloc_min":5.0,"lloc_max":5.0,"blank_min":2.0,"blank_max":2.0},"nom":{"functions":1.0,"closures":0.0,"functions_average":1.0,"closures_average":0.0,"total":1.0,"average":1.0,"functions_min":1.0,"functions_max":1.0,"closures_min":0.0,"closures_max":0.0},"mi":{"mi_original":103.45237297642637,"mi_sei":73.75301318808194,"mi_visual_studio":60.49846372890431},"abc":{"assignments":0.0,"branches":0.0,"conditions":0.0,"magnitude":0.0,"assignments_average":0.0,"branches_average":0.0,"conditions_average":0.0,"assignments_min":0.0,"assignments_max":0.0,"branches_min":0.0,"branches_max":0.0,"conditions_min":0.0,"conditions_max":0.0}}},{"name":"zcbor_remaining_str_len","start_line":264,"end_line":277,"kind":"function","spaces":[],"metrics":{"nargs":{"total_functions":1.0,"total_closures":0.0,"average_functions":1.0,"average_closures":0.0,"total":1.0,"average":1.0,"functions_min":1.0,"functions_max":1.0,"closures_min":0.0,"closures_max":0.0},"nexits":{"sum":2.0,"average":2.0,"min":2.0,"max":2.0},"cognitive":{"sum":1.0,"average":1.0,"min":1.0,"max":1.0},"cyclomatic":{"sum":2.0,"average":2.0,"min":2.0,"max":2.0},"halstead":{"n1":11.0,"N1":37.0,"n2":11.0,"N2":24.0,"length":61.0,"estimated_program_length":76.10749561002054,"purity_ratio":1.247663862459353,"vocabulary":22.0,"volume":272.0253287368751,"difficulty":12.0,"level":0.08333333333333333,"effort":3264.3039448425016,"time":181.35021915791674,"bugs":0.07335096051080155},"loc":{"sloc":14.0,"ploc":11.0,"lloc":7.0,"cloc":0.0,"blank":3.0,"sloc_average":14.0,"ploc_average":11.0,"lloc_average":7.0,"cloc_average":0.0,"blank_average":3.0,"sloc_min":14.0,"sloc_max":14.0,"cloc_min":0.0,"cloc_max":0.0,"ploc_min":11.0,"ploc_max":11.0,"lloc_min":7.0,"lloc_max":7.0,"blank_min":3.0,"blank_max":3.0},"nom":{"functions":1.0,"closures":0.0,"functions_average":1.0,"closures_average":0.0,"total":1.0,"average":1.0,"functions_min":1.0,"functions_max":1.0,"closures_min":0.0,"closures_max":0.0},"mi":{"mi_original":98.63661631218585,"mi_sei":66.80534493045411,"mi_visual_studio":57.68223176151219},"abc":{"assignments":0.0,"branches":0.0,"conditions":0.0,"magnitude":0.0,"assignments_average":0.0,"branches_average":0.0,"conditions_average":0.0,"assignments_min":0.0,"assignments_max":0.0,"branches_min":0.0,"branches_max":0.0,"conditions_min":0.0,"conditions_max":0.0}}},{"name":"zcbor_entry_function","start_line":279,"end_line":299,"kind":"function","spaces":[],"metrics":{"nargs":{"total_functions":8.0,"total_closures":0.0,"average_functions":8.0,"average_closures":0.0,"total":8.0,"average":8.0,"functions_min":8.0,"functions_max":8.0,"closures_min":0.0,"closures_max":0.0},"nexits":{"sum":2.0,"average":2.0,"min":2.0,"max":2.0},"cognitive":{"sum":2.0,"average":2.0,"min":2.0,"max":2.0},"cyclomatic":{"sum":4.0,"average":4.0,"min":4.0,"max":4.0},"halstead":{"n1":17.0,"N1":67.0,"n2":20.0,"N2":43.0,"length":110.0,"estimated_program_length":155.92543019900302,"purity_ratio":1.4175039109000274,"vocabulary":37.0,"volume":573.0398702191845,"difficulty":18.275,"level":0.05471956224350206,"effort":10472.303628255597,"time":581.7946460141998,"bugs":0.15955370579129854},"loc":{"sloc":21.0,"ploc":17.0,"lloc":9.0,"cloc":0.0,"blank":4.0,"sloc_average":21.0,"ploc_average":17.0,"lloc_average":9.0,"cloc_average":0.0,"blank_average":4.0,"sloc_min":21.0,"sloc_max":21.0,"cloc_min":0.0,"cloc_max":0.0,"ploc_min":17.0,"ploc_max":17.0,"lloc_min":9.0,"lloc_max":9.0,"blank_min":4.0,"blank_max":4.0},"nom":{"functions":1.0,"closures":0.0,"functions_average":1.0,"closures_average":0.0,"total":1.0,"average":1.0,"functions_min":1.0,"functions_max":1.0,"closures_min":0.0,"closures_max":0.0},"mi":{"mi_original":87.73376897057281,"mi_sei":51.27950085794852,"mi_visual_studio":51.30629764360984},"abc":{"assignments":0.0,"branches":0.0,"conditions":0.0,"magnitude":0.0,"assignments_average":0.0,"branches_average":0.0,"conditions_average":0.0,"assignments_min":0.0,"assignments_max":0.0,"branches_min":0.0,"branches_max":0.0,"conditions_min":0.0,"conditions_max":0.0}}},{"name":"zcbor_float16_to_32","start_line":322,"end_line":340,"kind":"function","spaces":[],"metrics":{"nargs":{"total_functions":1.0,"total_closures":0.0,"average_functions":1.0,"average_closures":0.0,"total":1.0,"average":1.0,"functions_min":1.0,"functions_max":1.0,"closures_min":0.0,"closures_max":0.0},"nexits":{"sum":2.0,"average":2.0,"min":2.0,"max":2.0},"cognitive":{"sum":3.0,"average":3.0,"min":3.0,"max":3.0},"cyclomatic":{"sum":6.0,"average":6.0,"min":6.0,"max":6.0},"halstead":{"n1":20.0,"N1":73.0,"n2":20.0,"N2":40.0,"length":113.0,"estimated_program_length":172.8771237954945,"purity_ratio":1.5298860512875618,"vocabulary":40.0,"volume":601.3778747222719,"difficulty":20.0,"level":0.05,"effort":12027.557494445438,"time":668.1976385803022,"bugs":0.1749834761046038},"loc":{"sloc":19.0,"ploc":16.0,"lloc":8.0,"cloc":0.0,"blank":3.0,"sloc_average":19.0,"ploc_average":16.0,"lloc_average":8.0,"cloc_average":0.0,"blank_average":3.0,"sloc_min":19.0,"sloc_max":19.0,"cloc_min":0.0,"cloc_max":0.0,"ploc_min":16.0,"ploc_max":16.0,"lloc_min":8.0,"lloc_max":8.0,"blank_min":3.0,"blank_max":3.0},"nom":{"functions":1.0,"closures":0.0,"functions_average":1.0,"closures_average":0.0,"total":1.0,"average":1.0,"functions_min":1.0,"functions_max":1.0,"closures_min":0.0,"closures_max":0.0},"mi":{"mi_original":88.64412644016603,"mi_sei":52.796508783575774,"mi_visual_studio":51.83867043284564},"abc":{"assignments":0.0,"branches":0.0,"conditions":0.0,"magnitude":0.0,"assignments_average":0.0,"branches_average":0.0,"conditions_average":0.0,"assignments_min":0.0,"assignments_max":0.0,"branches_min":0.0,"branches_max":0.0,"conditions_min":0.0,"conditions_max":0.0}}},{"name":"zcbor_float32_to_16","start_line":342,"end_line":389,"kind":"function","spaces":[],"metrics":{"nargs":{"total_functions":1.0,"total_closures":0.0,"average_functions":1.0,"average_closures":0.0,"total":1.0,"average":1.0,"functions_min":1.0,"functions_max":1.0,"closures_min":0.0,"closures_max":0.0},"nexits":{"sum":1.0,"average":1.0,"min":1.0,"max":1.0},"cognitive":{"sum":8.0,"average":8.0,"min":8.0,"max":8.0},"cyclomatic":{"sum":10.0,"average":10.0,"min":10.0,"max":10.0},"halstead":{"n1":27.0,"N1":161.0,"n2":32.0,"N2":83.0,"length":244.0,"estimated_program_length":288.38196255841365,"purity_ratio":1.1818932891738265,"vocabulary":59.0,"volume":1435.3649040442892,"difficulty":35.015625,"level":0.0285586791610888,"effort":50260.19921817582,"time":2792.2332898986565,"bugs":0.4539711098052538},"loc":{"sloc":48.0,"ploc":34.0,"lloc":24.0,"cloc":0.0,"blank":14.0,"sloc_average":48.0,"ploc_average":34.0,"lloc_average":24.0,"cloc_average":0.0,"blank_average":14.0,"sloc_min":48.0,"sloc_max":48.0,"cloc_min":0.0,"cloc_max":0.0,"ploc_min":34.0,"ploc_max":34.0,"lloc_min":24.0,"lloc_max":24.0,"blank_min":14.0,"blank_max":14.0},"nom":{"functions":1.0,"closures":0.0,"functions_average":1.0,"closures_average":0.0,"total":1.0,"average":1.0,"functions_min":1.0,"functions_max":1.0,"closures_min":0.0,"closures_max":0.0},"mi":{"mi_original":68.18683682440968,"mi_sei":23.690157942512684,"mi_visual_studio":39.87534317216941},"abc":{"assignments":0.0,"branches":0.0,"conditions":0.0,"magnitude":0.0,"assignments_average":0.0,"branches_average":0.0,"conditions_average":0.0,"assignments_min":0.0,"assignments_max":0.0,"branches_min":0.0,"branches_max":0.0,"conditions_min":0.0,"conditions_max":0.0}}},{"name":"strnlen","start_line":391,"end_line":402,"kind":"function","spaces":[],"metrics":{"nargs":{"total_functions":2.0,"total_closures":0.0,"average_functions":2.0,"average_closures":0.0,"total":2.0,"average":2.0,"functions_min":2.0,"functions_max":2.0,"closures_min":0.0,"closures_max":0.0},"nexits":{"sum":1.0,"average":1.0,"min":1.0,"max":1.0},"cognitive":{"sum":3.0,"average":3.0,"min":3.0,"max":3.0},"cyclomatic":{"sum":3.0,"average":3.0,"min":3.0,"max":3.0},"halstead":{"n1":15.0,"N1":28.0,"n2":6.0,"N2":13.0,"length":41.0,"estimated_program_length":74.11313393845472,"purity_ratio":1.807637413133042,"vocabulary":21.0,"volume":180.0850143339292,"difficulty":16.25,"level":0.06153846153846154,"effort":2926.3814829263492,"time":162.57674905146385,"bugs":0.06819712064520869},"loc":{"sloc":12.0,"ploc":11.0,"lloc":5.0,"cloc":0.0,"blank":1.0,"sloc_average":12.0,"ploc_average":11.0,"lloc_average":5.0,"cloc_average":0.0,"blank_average":1.0,"sloc_min":12.0,"sloc_max":12.0,"cloc_min":0.0,"cloc_max":0.0,"ploc_min":11.0,"ploc_max":11.0,"lloc_min":5.0,"lloc_max":5.0,"blank_min":1.0,"blank_max":1.0},"nom":{"functions":1.0,"closures":0.0,"functions_average":1.0,"closures_average":0.0,"total":1.0,"average":1.0,"functions_min":1.0,"functions_max":1.0,"closures_min":0.0,"closures_max":0.0},"mi":{"mi_original":103.04868125895541,"mi_sei":73.2724290086431,"mi_visual_studio":60.26238670114351},"abc":{"assignments":0.0,"branches":0.0,"conditions":0.0,"magnitude":0.0,"assignments_average":0.0,"branches_average":0.0,"conditions_average":0.0,"assignments_min":0.0,"assignments_max":0.0,"branches_min":0.0,"branches_max":0.0,"conditions_min":0.0,"conditions_max":0.0}}}],"metrics":{"nargs":{"total_functions":44.0,"total_closures":0.0,"average_functions":2.4444444444444446,"average_closures":0.0,"total":44.0,"average":2.4444444444444446,"functions_min":0.0,"functions_max":8.0,"closures_min":0.0,"closures_max":0.0},"nexits":{"sum":32.0,"average":1.7777777777777777,"min":0.0,"max":7.0},"cognitive":{"sum":65.0,"average":3.611111111111111,"min":0.0,"max":16.0},"cyclomatic":{"sum":86.0,"average":3.44,"min":1.0,"max":12.0},"halstead":{"n1":39.0,"N1":1045.0,"n2":155.0,"N2":690.0,"length":1735.0,"estimated_program_length":1333.9299693531345,"purity_ratio":0.7688357172064176,"vocabulary":194.0,"volume":13185.848781194667,"difficulty":86.80645161290323,"level":0.011519881085098476,"effort":1144616.7441998338,"time":63589.81912221299,"bugs":3.6474174801813644},"loc":{"sloc":402.0,"ploc":323.0,"lloc":172.0,"cloc":0.0,"blank":79.0,"sloc_average":16.08,"ploc_average":12.92,"lloc_average":6.88,"cloc_average":0.0,"blank_average":3.16,"sloc_min":1.0,"sloc_max":48.0,"cloc_min":0.0,"cloc_max":0.0,"ploc_min":1.0,"ploc_max":38.0,"lloc_min":0.0,"lloc_max":24.0,"blank_min":0.0,"blank_max":14.0},"nom":{"functions":18.0,"closures":0.0,"functions_average":0.72,"closures_average":0.0,"total":18.0,"average":0.72,"functions_min":0.0,"functions_max":1.0,"closures_min":0.0,"closures_max":0.0},"mi":{"mi_original":4.745598912705944,"mi_sei":-60.09789206582012,"mi_visual_studio":2.7752040425180957},"abc":{"assignments":0.0,"branches":0.0,"conditions":0.0,"magnitude":0.0,"assignments_average":0.0,"branches_average":0.0,"conditions_average":0.0,"assignments_min":0.0,"assignments_max":0.0,"branches_min":0.0,"branches_max":0.0,"conditions_min":0.0,"conditions_max":0.0}}}