{"name":"./merged/zcbor_decode.h","start_line":1,"end_line":444,"kind":"unit","spaces":[{"name":"zcbor_string","start_line":73,"end_line":73,"kind":"struct","spaces":[],"metrics":{"nargs":{"total_functions":0.0,"total_closures":0.0,"average_functions":0.0,"average_closures":0.0,"total":0.0,"average":0.0,"functions_min":0.0,"functions_max":0.0,"closures_min":0.0,"closures_max":0.0},"nexits":{"sum":0.0,"average":null,"min":0.0,"max":0.0},"cognitive":{"sum":0.0,"average":null,"min":0.0,"max":0.0},"cyclomatic":{"sum":1.0,"average":1.0,"min":1.0,"max":1.0},"halstead":{"n1":0.0,"N1":0.0,"n2":1.0,"N2":1.0,"length":1.0,"estimated_program_length":null,"purity_ratio":null,"vocabulary":1.0,"volume":0.0,"difficulty":0.0,"level":null,"effort":0.0,"time":0.0,"bugs":0.0},"loc":{"sloc":1.0,"ploc":1.0,"lloc":0.0,"cloc":0.0,"blank":0.0,"sloc_average":1.0,"ploc_average":1.0,"lloc_average":0.0,"cloc_average":0.0,"blank_average":0.0,"sloc_min":1.0,"sloc_max":1.0,"cloc_min":0.0,"cloc_max":0.0,"ploc_min":1.0,"ploc_max":1.0,"lloc_min":0.0,"lloc_max":0.0,"blank_min":0.0,"blank_max":0.0},"nom":{"functions":0.0,"closures":0.0,"functions_average":0.0,"closures_average":0.0,"total":0.0,"average":0.0,"functions_min":0.0,"functions_max":0.0,"closures_min":0.0,"closures_max":0.0},"mi":{"mi_original":null,"mi_sei":null,"mi_visual_studio":null},"abc":{"assignments":0.0,"branches":0.0,"conditions":0.0,"magnitude":0.0,"assignments_average":0.0,"branches_average":0.0,"conditions_average":0.0,"assignments_min":0.0,"assignments_max":0.0,"branches_min":0.0,"branches_max":0.0,"conditions_min":0.0,"conditions_max":0.0}}},{"name":"zcbor_string","start_line":74,"end_line":74,"kind":"struct","spaces":[],"metrics":{"nargs":{"total_functions":0.0,"total_closures":0.0,"average_functions":0.0,"average_closures":0.0,"total":0.0,"average":0.0,"functions_min":0.0,"functions_max":0.0,"closures_min":0.0,"closures_max":0.0},"nexits":{"sum":0.0,"average":null,"min":0.0,"max":0.0},"cognitive":{"sum":0.0,"average":null,"min":0.0,"max":0.0},"cyclomatic":{"sum":1.0,"average":1.0,"min":1.0,"max":1.0},"halstead":{"n1":0.0,"N1":0.0,"n2":1.0,"N2":1.0,"length":1.0,"estimated_program_length":null,"purity_ratio":null,"vocabulary":1.0,"volume":0.0,"difficulty":0.0,"level":null,"effort":0.0,"time":0.0,"bugs":0.0},"loc":{"sloc":1.0,"ploc":1.0,"lloc":0.0,"cloc":0.0,"blank":0.0,"sloc_average":1.0,"ploc_average":1.0,"lloc_average":0.0,"cloc_average":0.0,"blank_average":0.0,"sloc_min":1.0,"sloc_max":1.0,"cloc_min":0.0,"cloc_max":0.0,"ploc_min":1.0,"ploc_max":1.0,"lloc_min":0.0,"lloc_max":0.0,"blank_min":0.0,"blank_max":0.0},"nom":{"functions":0.0,"closures":0.0,"functions_average":0.0,"closures_average":0.0,"total":0.0,"average":0.0,"functions_min":0.0,"functions_max":0.0,"closures_min":0.0,"closures_max":0.0},"mi":{"mi_original":null,"mi_sei":null,"mi_visual_studio":null},"abc":{"assignments":0.0,"branches":0.0,"conditions":0.0,"magnitude":0.0,"assignments_average":0.0,"branches_average":0.0,"conditions_average":0.0,"assignments_min":0.0,"assignments_max":0.0,"branches_min":0.0,"branches_max":0.0,"conditions_min":0.0,"conditions_max":0.0}}},{"name":"zcbor_string","start_line":100,"end_line":100,"kind":"struct","spaces":[],"metrics":{"nargs":{"total_functions":0.0,"total_closures":0.0,"average_functions":0.0,"average_closures":0.0,"total":0.0,"average":0.0,"functions_min":0.0,"functions_max":0.0,"closures_min":0.0,"closures_max":0.0},"nexits":{"sum":0.0,"average":null,"min":0.0,"max":0.0},"cognitive":{"sum":0.0,"average":null,"min":0.0,"max":0.0},"cyclomatic":{"sum":1.0,"average":1.0,"min":1.0,"max":1.0},"halstead":{"n1":0.0,"N1":0.0,"n2":1.0,"N2":1.0,"length":1.0,"estimated_program_length":null,"purity_ratio":null,"vocabulary":1.0,"volume":0.0,"difficulty":0.0,"level":null,"effort":0.0,"time":0.0,"bugs":0.0},"loc":{"sloc":1.0,"ploc":1.0,"lloc":0.0,"cloc":0.0,"blank":0.0,"sloc_average":1.0,"ploc_average":1.0,"lloc_average":0.0,"cloc_average":0.0,"blank_average":0.0,"sloc_min":1.0,"sloc_max":1.0,"cloc_min":0.0,"cloc_max":0.0,"ploc_min":1.0,"ploc_max":1.0,"lloc_min":0.0,"lloc_max":0.0,"blank_min":0.0,"blank_max":0.0},"nom":{"functions":0.0,"closures":0.0,"functions_average":0.0,"closures_average":0.0,"total":0.0,"average":0.0,"functions_min":0.0,"functions_max":0.0,"closures_min":0.0,"closures_max":0.0},"mi":{"mi_original":null,"mi_sei":null,"mi_visual_studio":null},"abc":{"assignments":0.0,"branches":0.0,"conditions":0.0,"magnitude":0.0,"assignments_average":0.0,"branches_average":0.0,"conditions_average":0.0,"assignments_min":0.0,"assignments_max":0.0,"branches_min":0.0,"branches_max":0.0,"conditions_min":0.0,"conditions_max":0.0}}},{"name":"zcbor_string","start_line":101,"end_line":101,"kind":"struct","spaces":[],"metrics":{"nargs":{"total_functions":0.0,"total_closures":0.0,"average_functions":0.0,"average_closures":0.0,"total":0.0,"average":0.0,"functions_min":0.0,"functions_max":0.0,"closures_min":0.0,"closures_max":0.0},"nexits":{"sum":0.0,"average":null,"min":0.0,"max":0.0},"cognitive":{"sum":0.0,"average":null,"min":0.0,"max":0.0},"cyclomatic":{"sum":1.0,"average":1.0,"min":1.0,"max":1.0},"halstead":{"n1":0.0,"N1":0.0,"n2":1.0,"N2":1.0,"length":1.0,"estimated_program_length":null,"purity_ratio":null,"vocabulary":1.0,"volume":0.0,"difficulty":0.0,"level":null,"effort":0.0,"time":0.0,"bugs":0.0},"loc":{"sloc":1.0,"ploc":1.0,"lloc":0.0,"cloc":0.0,"blank":0.0,"sloc_average":1.0,"ploc_average":1.0,"lloc_average":0.0,"cloc_average":0.0,"blank_average":0.0,"sloc_min":1.0,"sloc_max":1.0,"cloc_min":0.0,"cloc_max":0.0,"ploc_min":1.0,"ploc_max":1.0,"lloc_min":0.0,"lloc_max":0.0,"blank_min":0.0,"blank_max":0.0},"nom":{"functions":0.0,"closures":0.0,"functions_average":0.0,"closures_average":0.0,"total":0.0,"average":0.0,"functions_min":0.0,"functions_max":0.0,"closures_min":0.0,"closures_max":0.0},"mi":{"mi_original":null,"mi_sei":null,"mi_visual_studio":null},"abc":{"assignments":0.0,"branches":0.0,"conditions":0.0,"magnitude":0.0,"assignments_average":0.0,"branches_average":0.0,"conditions_average":0.0,"assignments_min":0.0,"assignments_max":0.0,"branches_min":0.0,"branches_max":0.0,"conditions_min":0.0,"conditions_max":0.0}}},{"name":"zcbor_string","start_line":387,"end_line":387,"kind":"struct","spaces":[],"metrics":{"nargs":{"total_functions":0.0,"total_closures":0.0,"average_functions":0.0,"average_closures":0.0,"total":0.0,"average":0.0,"functions_min":0.0,"functions_max":0.0,"closures_min":0.0,"closures_max":0.0},"nexits":{"sum":0.0,"average":null,"min":0.0,"max":0.0},"cognitive":{"sum":0.0,"average":null,"min":0.0,"max":0.0},"cyclomatic":{"sum":1.0,"average":1.0,"min":1.0,"max":1.0},"halstead":{"n1":0.0,"N1":0.0,"n2":1.0,"N2":1.0,"length":1.0,"estimated_program_length":null,"purity_ratio":null,"vocabulary":1.0,"volume":0.0,"difficulty":0.0,"level":null,"effort":0.0,"time":0.0,"bugs":0.0},"loc":{"sloc":1.0,"ploc":1.0,"lloc":0.0,"cloc":0.0,"blank":0.0,"sloc_average":1.0,"ploc_average":1.0,"lloc_average":0.0,"cloc_average":0.0,"blank_average":0.0,"sloc_min":1.0,"sloc_max":1.0,"cloc_min":0.0,"cloc_max":0.0,"ploc_min":1.0,"ploc_max":1.0,"lloc_min":0.0,"lloc_max":0.0,"blank_min":0.0,"blank_max":0.0},"nom":{"functions":0.0,"closures":0.0,"functions_average":0.0,"closures_average":0.0,"total":0.0,"average":0.0,"functions_min":0.0,"functions_max":0.0,"closures_min":0.0,"closures_max":0.0},"mi":{"mi_original":null,"mi_sei":null,"mi_visual_studio":null},"abc":{"assignments":0.0,"branches":0.0,"conditions":0.0,"magnitude":0.0,"assignments_average":0.0,"branches_average":0.0,"conditions_average":0.0,"assignments_min":0.0,"assignments_max":0.0,"branches_min":0.0,"branches_max":0.0,"conditions_min":0.0,"conditions_max":0.0}}},{"name":"zcbor_string_fragment","start_line":406,"end_line":406,"kind":"struct","spaces":[],"metrics":{"nargs":{"total_functions":0.0,"total_closures":0.0,"average_functions":0.0,"average_closures":0.0,"total":0.0,"average":0.0,"functions_min":0.0,"functions_max":0.0,"closures_min":0.0,"closures_max":0.0},"nexits":{"sum":0.0,"average":null,"min":0.0,"max":0.0},"cognitive":{"sum":0.0,"average":null,"min":0.0,"max":0.0},"cyclomatic":{"sum":1.0,"average":1.0,"min":1.0,"max":1.0},"halstead":{"n1":0.0,"N1":0.0,"n2":1.0,"N2":1.0,"length":1.0,"estimated_program_length":null,"purity_ratio":null,"vocabulary":1.0,"volume":0.0,"difficulty":0.0,"level":null,"effort":0.0,"time":0.0,"bugs":0.0},"loc":{"sloc":1.0,"ploc":1.0,"lloc":0.0,"cloc":0.0,"blank":0.0,"sloc_average":1.0,"ploc_average":1.0,"lloc_average":0.0,"cloc_average":0.0,"blank_average":0.0,"sloc_min":1.0,"sloc_max":1.0,"cloc_min":0.0,"cloc_max":0.0,"ploc_min":1.0,"ploc_max":1.0,"lloc_min":0.0,"lloc_max":0.0,"blank_min":0.0,"blank_max":0.0},"nom":{"functions":0.0,"closures":0.0,"functions_average":0.0,"closures_average":0.0,"total":0.0,"average":0.0,"functions_min":0.0,"functions_max":0.0,"closures_min":0.0,"closures_max":0.0},"mi":{"mi_original":null,"mi_sei":null,"mi_visual_studio":null},"abc":{"assignments":0.0,"branches":0.0,"conditions":0.0,"magnitude":0.0,"assignments_average":0.0,"branches_average":0.0,"conditions_average":0.0,"assignments_min":0.0,"assignments_max":0.0,"branches_min":0.0,"branches_max":0.0,"conditions_min":0.0,"conditions_max":0.0}}},{"name":"zcbor_string_fragment","start_line":407,"end_line":407,"kind":"struct","spaces":[],"metrics":{"nargs":{"total_functions":0.0,"total_closures":0.0,"average_functions":0.0,"average_closures":0.0,"total":0.0,"average":0.0,"functions_min":0.0,"functions_max":0.0,"closures_min":0.0,"closures_max":0.0},"nexits":{"sum":0.0,"average":null,"min":0.0,"max":0.0},"cognitive":{"sum":0.0,"average":null,"min":0.0,"max":0.0},"cyclomatic":{"sum":1.0,"average":1.0,"min":1.0,"max":1.0},"halstead":{"n1":0.0,"N1":0.0,"n2":1.0,"N2":1.0,"length":1.0,"estimated_program_length":null,"purity_ratio":null,"vocabulary":1.0,"volume":0.0,"difficulty":0.0,"level":null,"effort":0.0,"time":0.0,"bugs":0.0},"loc":{"sloc":1.0,"ploc":1.0,"lloc":0.0,"cloc":0.0,"blank":0.0,"sloc_average":1.0,"ploc_average":1.0,"lloc_average":0.0,"cloc_average":0.0,"blank_average":0.0,"sloc_min":1.0,"sloc_max":1.0,"cloc_min":0.0,"cloc_max":0.0,"ploc_min":1.0,"ploc_max":1.0,"lloc_min":0.0,"lloc_max":0.0,"blank_min":0.0,"blank_max":0.0},"nom":{"functions":0.0,"closures":0.0,"functions_average":0.0,"closures_average":0.0,"total":0.0,"average":0.0,"functions_min":0.0,"functions_max":0.0,"closures_min":0.0,"closures_max":0.0},"mi":{"mi_original":null,"mi_sei":null,"mi_visual_studio":null},"abc":{"assignments":0.0,"branches":0.0,"conditions":0.0,"magnitude":0.0,"assignments_average":0.0,"branches_average":0.0,"conditions_average":0.0,"assignments_min":0.0,"assignments_max":0.0,"branches_min":0.0,"branches_max":0.0,"conditions_min":0.0,"conditions_max":0.0}}},{"name":"zcbor_string_fragment","start_line":414,"end_line":414,"kind":"struct","spaces":[],"metrics":{"nargs":{"total_functions":0.0,"total_closures":0.0,"average_functions":0.0,"average_closures":0.0,"total":0.0,"average":0.0,"functions_min":0.0,"functions_max":0.0,"closures_min":0.0,"closures_max":0.0},"nexits":{"sum":0.0,"average":null,"min":0.0,"max":0.0},"cognitive":{"sum":0.0,"average":null,"min":0.0,"max":0.0},"cyclomatic":{"sum":1.0,"average":1.0,"min":1.0,"max":1.0},"halstead":{"n1":0.0,"N1":0.0,"n2":1.0,"N2":1.0,"length":1.0,"estimated_program_length":null,"purity_ratio":null,"vocabulary":1.0,"volume":0.0,"difficulty":0.0,"level":null,"effort":0.0,"time":0.0,"bugs":0.0},"loc":{"sloc":1.0,"ploc":1.0,"lloc":0.0,"cloc":0.0,"blank":0.0,"sloc_average":1.0,"ploc_average":1.0,"lloc_average":0.0,"cloc_average":0.0,"blank_average":0.0,"sloc_min":1.0,"sloc_max":1.0,"cloc_min":0.0,"cloc_max":0.0,"ploc_min":1.0,"ploc_max":1.0,"lloc_min":0.0,"lloc_max":0.0,"blank_min":0.0,"blank_max":0.0},"nom":{"functions":0.0,"closures":0.0,"functions_average":0.0,"closures_average":0.0,"total":0.0,"average":0.0,"functions_min":0.0,"functions_max":0.0,"closures_min":0.0,"closures_max":0.0},"mi":{"mi_original":null,"mi_sei":null,"mi_visual_studio":null},"abc":{"assignments":0.0,"branches":0.0,"conditions":0.0,"magnitude":0.0,"assignments_average":0.0,"branches_average":0.0,"conditions_average":0.0,"assignments_min":0.0,"assignments_max":0.0,"branches_min":0.0,"branches_max":0.0,"conditions_min":0.0,"conditions_max":0.0}}},{"name":"zcbor_string_fragment","start_line":415,"end_line":415,"kind":"struct","spaces":[],"metrics":{"nargs":{"total_functions":0.0,"total_closures":0.0,"average_functions":0.0,"average_closures":0.0,"total":0.0,"average":0.0,"functions_min":0.0,"functions_max":0.0,"closures_min":0.0,"closures_max":0.0},"nexits":{"sum":0.0,"average":null,"min":0.0,"max":0.0},"cognitive":{"sum":0.0,"average":null,"min":0.0,"max":0.0},"cyclomatic":{"sum":1.0,"average":1.0,"min":1.0,"max":1.0},"halstead":{"n1":0.0,"N1":0.0,"n2":1.0,"N2":1.0,"length":1.0,"estimated_program_length":null,"purity_ratio":null,"vocabulary":1.0,"volume":0.0,"difficulty":0.0,"level":null,"effort":0.0,"time":0.0,"bugs":0.0},"loc":{"sloc":1.0,"ploc":1.0,"lloc":0.0,"cloc":0.0,"blank":0.0,"sloc_average":1.0,"ploc_average":1.0,"lloc_average":0.0,"cloc_average":0.0,"blank_average":0.0,"sloc_min":1.0,"sloc_max":1.0,"cloc_min":0.0,"cloc_max":0.0,"ploc_min":1.0,"ploc_max":1.0,"lloc_min":0.0,"lloc_max":0.0,"blank_min":0.0,"blank_max":0.0},"nom":{"functions":0.0,"closures":0.0,"functions_average":0.0,"closures_average":0.0,"total":0.0,"average":0.0,"functions_min":0.0,"functions_max":0.0,"closures_min":0.0,"closures_max":0.0},"mi":{"mi_original":null,"mi_sei":null,"mi_visual_studio":null},"abc":{"assignments":0.0,"branches":0.0,"conditions":0.0,"magnitude":0.0,"assignments_average":0.0,"branches_average":0.0,"conditions_average":0.0,"assignments_min":0.0,"assignments_max":0.0,"branches_min":0.0,"branches_max":0.0,"conditions_min":0.0,"conditions_max":0.0}}},{"name":"zcbor_string_fragment","start_line":426,"end_line":426,"kind":"struct","spaces":[],"metrics":{"nargs":{"total_functions":0.0,"total_closures":0.0,"average_functions":0.0,"average_closures":0.0,"total":0.0,"average":0.0,"functions_min":0.0,"functions_max":0.0,"closures_min":0.0,"closures_max":0.0},"nexits":{"sum":0.0,"average":null,"min":0.0,"max":0.0},"cognitive":{"sum":0.0,"average":null,"min":0.0,"max":0.0},"cyclomatic":{"sum":1.0,"average":1.0,"min":1.0,"max":1.0},"halstead":{"n1":0.0,"N1":0.0,"n2":1.0,"N2":1.0,"length":1.0,"estimated_program_length":null,"purity_ratio":null,"vocabulary":1.0,"volume":0.0,"difficulty":0.0,"level":null,"effort":0.0,"time":0.0,"bugs":0.0},"loc":{"sloc":1.0,"ploc":1.0,"lloc":0.0,"cloc":0.0,"blank":0.0,"sloc_average":1.0,"ploc_average":1.0,"lloc_average":0.0,"cloc_average":0.0,"blank_average":0.0,"sloc_min":1.0,"sloc_max":1.0,"cloc_min":0.0,"cloc_max":0.0,"ploc_min":1.0,"ploc_max":1.0,"lloc_min":0.0,"lloc_max":0.0,"blank_min":0.0,"blank_max":0.0},"nom":{"functions":0.0,"closures":0.0,"functions_average":0.0,"closures_average":0.0,"total":0.0,"average":0.0,"functions_min":0.0,"functions_max":0.0,"closures_min":0.0,"closures_max":0.0},"mi":{"mi_original":null,"mi_sei":null,"mi_visual_studio":null},"abc":{"assignments":0.0,"branches":0.0,"conditions":0.0,"magnitude":0.0,"assignments_average":0.0,"branches_average":0.0,"conditions_average":0.0,"assignments_min":0.0,"assignments_max":0.0,"branches_min":0.0,"branches_max":0.0,"conditions_min":0.0,"conditions_max":0.0}}},{"name":"zcbor_string_fragment","start_line":434,"end_line":434,"kind":"struct","spaces":[],"metrics":{"nargs":{"total_functions":0.0,"total_closures":0.0,"average_functions":0.0,"average_closures":0.0,"total":0.0,"average":0.0,"functions_min":0.0,"functions_max":0.0,"closures_min":0.0,"closures_max":0.0},"nexits":{"sum":0.0,"average":null,"min":0.0,"max":0.0},"cognitive":{"sum":0.0,"average":null,"min":0.0,"max":0.0},"cyclomatic":{"sum":1.0,"average":1.0,"min":1.0,"max":1.0},"halstead":{"n1":0.0,"N1":0.0,"n2":1.0,"N2":1.0,"length":1.0,"estimated_program_length":null,"purity_ratio":null,"vocabulary":1.0,"volume":0.0,"difficulty":0.0,"level":null,"effort":0.0,"time":0.0,"bugs":0.0},"loc":{"sloc":1.0,"ploc":1.0,"lloc":0.0,"cloc":0.0,"blank":0.0,"sloc_average":1.0,"ploc_average":1.0,"lloc_average":0.0,"cloc_average":0.0,"blank_average":0.0,"sloc_min":1.0,"sloc_max":1.0,"cloc_min":0.0,"cloc_max":0.0,"ploc_min":1.0,"ploc_max":1.0,"lloc_min":0.0,"lloc_max":0.0,"blank_min":0.0,"blank_max":0.0},"nom":{"functions":0.0,"closures":0.0,"functions_average":0.0,"closures_average":0.0,"total":0.0,"average":0.0,"functions_min":0.0,"functions_max":0.0,"closures_min":0.0,"closures_max":0.0},"mi":{"mi_original":null,"mi_sei":null,"mi_visual_studio":null},"abc":{"assignments":0.0,"branches":0.0,"conditions":0.0,"magnitude":0.0,"assignments_average":0.0,"branches_average":0.0,"conditions_average":0.0,"assignments_min":0.0,"assignments_max":0.0,"branches_min":0.0,"branches_max":0.0,"conditions_min":0.0,"conditions_max":0.0}}},{"name":"zcbor_string_fragment","start_line":435,"end_line":435,"kind":"struct","spaces":[],"metrics":{"nargs":{"total_functions":0.0,"total_closures":0.0,"average_functions":0.0,"average_closures":0.0,"total":0.0,"average":0.0,"functions_min":0.0,"functions_max":0.0,"closures_min":0.0,"closures_max":0.0},"nexits":{"sum":0.0,"average":null,"min":0.0,"max":0.0},"cognitive":{"sum":0.0,"average":null,"min":0.0,"max":0.0},"cyclomatic":{"sum":1.0,"average":1.0,"min":1.0,"max":1.0},"halstead":{"n1":0.0,"N1":0.0,"n2":1.0,"N2":1.0,"length":1.0,"estimated_program_length":null,"purity_ratio":null,"vocabulary":1.0,"volume":0.0,"difficulty":0.0,"level":null,"effort":0.0,"time":0.0,"bugs":0.0},"loc":{"sloc":1.0,"ploc":1.0,"lloc":0.0,"cloc":0.0,"blank":0.0,"sloc_average":1.0,"ploc_average":1.0,"lloc_average":0.0,"cloc_average":0.0,"blank_average":0.0,"sloc_min":1.0,"sloc_max":1.0,"cloc_min":0.0,"cloc_max":0.0,"ploc_min":1.0,"ploc_max":1.0,"lloc_min":0.0,"lloc_max":0.0,"blank_min":0.0,"blank_max":0.0},"nom":{"functions":0.0,"closures":0.0,"functions_average":0.0,"closures_average":0.0,"total":0.0,"average":0.0,"functions_min":0.0,"functions_max":0.0,"closures_min":0.0,"closures_max":0.0},"mi":{"mi_original":null,"mi_sei":null,"mi_visual_studio":null},"abc":{"assignments":0.0,"branches":0.0,"conditions":0.0,"magnitude":0.0,"assignments_average":0.0,"branches_average":0.0,"conditions_average":0.0,"assignments_min":0.0,"assignments_max":0.0,"branches_min":0.0,"branches_max":0.0,"conditions_min":0.0,"conditions_max":0.0}}},{"name":"zcbor_string_fragment","start_line":438,"end_line":438,"kind":"struct","spaces":[],"metrics":{"nargs":{"total_functions":0.0,"total_closures":0.0,"average_functions":0.0,"average_closures":0.0,"total":0.0,"average":0.0,"functions_min":0.0,"functions_max":0.0,"closures_min":0.0,"closures_max":0.0},"nexits":{"sum":0.0,"average":null,"min":0.0,"max":0.0},"cognitive":{"sum":0.0,"average":null,"min":0.0,"max":0.0},"cyclomatic":{"sum":1.0,"average":1.0,"min":1.0,"max":1.0},"halstead":{"n1":0.0,"N1":0.0,"n2":1.0,"N2":1.0,"length":1.0,"estimated_program_length":null,"purity_ratio":null,"vocabulary":1.0,"volume":0.0,"difficulty":0.0,"level":null,"effort":0.0,"time":0.0,"bugs":0.0},"loc":{"sloc":1.0,"ploc":1.0,"lloc":0.0,"cloc":0.0,"blank":0.0,"sloc_average":1.0,"ploc_average":1.0,"lloc_average":0.0,"cloc_average":0.0,"blank_average":0.0,"sloc_min":1.0,"sloc_max":1.0,"cloc_min":0.0,"cloc_max":0.0,"ploc_min":1.0,"ploc_max":1.0,"lloc_min":0.0,"lloc_max":0.0,"blank_min":0.0,"blank_max":0.0},"nom":{"functions":0.0,"closures":0.0,"functions_average":0.0,"closures_average":0.0,"total":0.0,"average":0.0,"functions_min":0.0,"functions_max":0.0,"closures_min":0.0,"closures_max":0.0},"mi":{"mi_original":null,"mi_sei":null,"mi_visual_studio":null},"abc":{"assignments":0.0,"branches":0.0,"conditions":0.0,"magnitude":0.0,"assignments_average":0.0,"branches_average":0.0,"conditions_average":0.0,"assignments_min":0.0,"assignments_max":0.0,"branches_min":0.0,"branches_max":0.0,"conditions_min":0.0,"conditions_max":0.0}}}],"metrics":{"nargs":{"total_functions":0.0,"total_closures":0.0,"average_functions":0.0,"average_closures":0.0,"total":0.0,"average":0.0,"functions_min":0.0,"functions_max":0.0,"closures_min":0.0,"closures_max":0.0},"nexits":{"sum":0.0,"average":null,"min":0.0,"max":0.0},"cognitive":{"sum":0.0,"average":null,"min":0.0,"max":0.0},"cyclomatic":{"sum":14.0,"average":1.0,"min":1.0,"max":1.0},"halstead":{"n1":6.0,"N1":600.0,"n2":131.0,"N2":402.0,"length":1002.0,"estimated_program_length":936.8881882057328,"purity_ratio":0.9350181519019289,"vocabulary":137.0,"volume":7112.228147126448,"difficulty":9.206106870229007,"level":0.10862354892205639,"effort":65475.932407896915,"time":3637.5518004387177,"bugs":0.5415017607013829},"loc":{"sloc":444.0,"ploc":123.0,"lloc":84.0,"cloc":337.0,"blank":35.0,"sloc_average":31.714285714285715,"ploc_average":8.785714285714286,"lloc_average":6.0,"cloc_average":24.071428571428573,"blank_average":2.5,"sloc_min":1.0,"sloc_max":1.0,"cloc_min":0.0,"cloc_max":0.0,"ploc_min":1.0,"ploc_max":1.0,"lloc_min":0.0,"lloc_max":0.0,"blank_min":0.0,"blank_max":0.0},"nom":{"functions":0.0,"closures":0.0,"functions_average":0.0,"closures_average":0.0,"total":0.0,"average":0.0,"functions_min":0.0,"functions_max":0.0,"closures_min":0.0,"closures_max":0.0},"mi":{"mi_original":22.905873638131297,"mi_sei":7.553418803275228,"mi_visual_studio":13.39524774159725},"abc":{"assignments":0.0,"branches":0.0,"conditions":0.0,"magnitude":0.0,"assignments_average":0.0,"branches_average":0.0,"conditions_average":0.0,"assignments_min":0.0,"assignments_max":0.0,"branches_min":0.0,"branches_max":0.0,"conditions_min":0.0,"conditions_max":0.0}}}