{"name":"./src/PKIX-CommonTypes-2009Dec.c","start_line":1,"end_line":451,"kind":"unit","spaces":[{"name":"asn1D_SingleAttribute","start_line":11,"end_line":78,"kind":"function","spaces":[],"metrics":{"nargs":{"total_functions":4.0,"total_closures":0.0,"average_functions":4.0,"average_closures":0.0,"total":4.0,"average":4.0,"functions_min":4.0,"functions_max":4.0,"closures_min":0.0,"closures_max":0.0},"nexits":{"sum":7.0,"average":7.0,"min":7.0,"max":7.0},"cognitive":{"sum":22.0,"average":22.0,"min":22.0,"max":22.0},"cyclomatic":{"sum":12.0,"average":12.0,"min":12.0,"max":12.0},"halstead":{"n1":26.0,"N1":174.0,"n2":44.0,"N2":119.0,"length":293.0,"estimated_program_length":362.4264238917095,"purity_ratio":1.2369502521901348,"vocabulary":70.0,"volume":1795.8799239648752,"difficulty":35.15909090909091,"level":0.028442146089204916,"effort":63141.50550849231,"time":3507.8614171384615,"bugs":0.5285531926197683},"loc":{"sloc":68.0,"ploc":52.0,"lloc":48.0,"cloc":3.0,"blank":13.0,"sloc_average":68.0,"ploc_average":52.0,"lloc_average":48.0,"cloc_average":3.0,"blank_average":13.0,"sloc_min":68.0,"sloc_max":68.0,"cloc_min":3.0,"cloc_max":3.0,"ploc_min":52.0,"ploc_max":52.0,"lloc_min":48.0,"lloc_max":48.0,"blank_min":13.0,"blank_max":13.0},"nom":{"functions":1.0,"closures":0.0,"functions_average":1.0,"closures_average":0.0,"total":1.0,"average":1.0,"functions_min":1.0,"functions_max":1.0,"closures_min":0.0,"closures_max":0.0},"mi":{"mi_original":60.919073152585256,"mi_sei":29.39281773691036,"mi_visual_studio":35.62518897812003},"abc":{"assignments":0.0,"branches":0.0,"conditions":0.0,"magnitude":0.0,"assignments_average":0.0,"branches_average":0.0,"conditions_average":0.0,"assignments_min":0.0,"assignments_max":0.0,"branches_min":0.0,"branches_max":0.0,"conditions_min":0.0,"conditions_max":0.0}}},{"name":"asn1D_AttributeSet_values","start_line":80,"end_line":129,"kind":"function","spaces":[],"metrics":{"nargs":{"total_functions":4.0,"total_closures":0.0,"average_functions":4.0,"average_closures":0.0,"total":4.0,"average":4.0,"functions_min":4.0,"functions_max":4.0,"closures_min":0.0,"closures_max":0.0},"nexits":{"sum":5.0,"average":5.0,"min":5.0,"max":5.0},"cognitive":{"sum":14.0,"average":14.0,"min":14.0,"max":14.0},"cyclomatic":{"sum":9.0,"average":9.0,"min":9.0,"max":9.0},"halstead":{"n1":23.0,"N1":137.0,"n2":43.0,"N2":113.0,"length":250.0,"estimated_program_length":337.37130944150147,"purity_ratio":1.3494852377660058,"vocabulary":66.0,"volume":1511.0985298396133,"difficulty":30.22093023255814,"level":0.03308964986533282,"effort":45666.80324480413,"time":2537.0446247113405,"bugs":0.425872064290762},"loc":{"sloc":50.0,"ploc":40.0,"lloc":33.0,"cloc":1.0,"blank":9.0,"sloc_average":50.0,"ploc_average":40.0,"lloc_average":33.0,"cloc_average":1.0,"blank_average":9.0,"sloc_min":50.0,"sloc_max":50.0,"cloc_min":1.0,"cloc_max":1.0,"ploc_min":40.0,"ploc_max":40.0,"lloc_min":33.0,"lloc_max":33.0,"blank_min":9.0,"blank_max":9.0},"nom":{"functions":1.0,"closures":0.0,"functions_average":1.0,"closures_average":0.0,"total":1.0,"average":1.0,"functions_min":1.0,"functions_max":1.0,"closures_min":0.0,"closures_max":0.0},"mi":{"mi_original":67.48814803580252,"mi_sei":33.44736885881276,"mi_visual_studio":39.466753237311416},"abc":{"assignments":0.0,"branches":0.0,"conditions":0.0,"magnitude":0.0,"assignments_average":0.0,"branches_average":0.0,"conditions_average":0.0,"assignments_min":0.0,"assignments_max":0.0,"branches_min":0.0,"branches_max":0.0,"conditions_min":0.0,"conditions_max":0.0}}},{"name":"asn1D_AttributeSet","start_line":131,"end_line":200,"kind":"function","spaces":[],"metrics":{"nargs":{"total_functions":4.0,"total_closures":0.0,"average_functions":4.0,"average_closures":0.0,"total":4.0,"average":4.0,"functions_min":4.0,"functions_max":4.0,"closures_min":0.0,"closures_max":0.0},"nexits":{"sum":7.0,"average":7.0,"min":7.0,"max":7.0},"cognitive":{"sum":22.0,"average":22.0,"min":22.0,"max":22.0},"cyclomatic":{"sum":13.0,"average":13.0,"min":13.0,"max":13.0},"halstead":{"n1":26.0,"N1":176.0,"n2":44.0,"N2":120.0,"length":296.0,"estimated_program_length":362.4264238917095,"purity_ratio":1.2244135942287482,"vocabulary":70.0,"volume":1814.26777301571,"difficulty":35.45454545454545,"level":0.028205128205128206,"effort":64324.03922510244,"time":3573.557734727913,"bugs":0.5351320355411777},"loc":{"sloc":70.0,"ploc":54.0,"lloc":49.0,"cloc":3.0,"blank":13.0,"sloc_average":70.0,"ploc_average":54.0,"lloc_average":49.0,"cloc_average":3.0,"blank_average":13.0,"sloc_min":70.0,"sloc_max":70.0,"cloc_min":3.0,"cloc_max":3.0,"ploc_min":54.0,"ploc_max":54.0,"lloc_min":49.0,"lloc_max":49.0,"blank_min":13.0,"blank_max":13.0},"nom":{"functions":1.0,"closures":0.0,"functions_average":1.0,"closures_average":0.0,"total":1.0,"average":1.0,"functions_min":1.0,"functions_max":1.0,"closures_min":0.0,"closures_max":0.0},"mi":{"mi_original":60.1665034596422,"mi_sei":28.186909886554552,"mi_visual_studio":35.18508974248082},"abc":{"assignments":0.0,"branches":0.0,"conditions":0.0,"magnitude":0.0,"assignments_average":0.0,"branches_average":0.0,"conditions_average":0.0,"assignments_min":0.0,"assignments_max":0.0,"branches_min":0.0,"branches_max":0.0,"conditions_min":0.0,"conditions_max":0.0}}},{"name":"asn1D_Extension","start_line":202,"end_line":311,"kind":"function","spaces":[],"metrics":{"nargs":{"total_functions":4.0,"total_closures":0.0,"average_functions":4.0,"average_closures":0.0,"total":4.0,"average":4.0,"functions_min":4.0,"functions_max":4.0,"closures_min":0.0,"closures_max":0.0},"nexits":{"sum":9.0,"average":9.0,"min":9.0,"max":9.0},"cognitive":{"sum":41.0,"average":41.0,"min":41.0,"max":41.0},"cyclomatic":{"sum":20.0,"average":20.0,"min":20.0,"max":20.0},"halstead":{"n1":26.0,"N1":281.0,"n2":60.0,"N2":197.0,"length":478.0,"estimated_program_length":476.6248684081795,"purity_ratio":0.9971231556656475,"vocabulary":86.0,"volume":3071.7545527476027,"difficulty":42.68333333333333,"level":0.02342834830144475,"effort":131112.72349311016,"time":7284.040194061676,"bugs":0.8602842482896217},"loc":{"sloc":110.0,"ploc":83.0,"lloc":71.0,"cloc":5.0,"blank":22.0,"sloc_average":110.0,"ploc_average":83.0,"lloc_average":71.0,"cloc_average":5.0,"blank_average":22.0,"sloc_min":110.0,"sloc_max":110.0,"cloc_min":5.0,"cloc_max":5.0,"ploc_min":83.0,"ploc_max":83.0,"lloc_min":71.0,"lloc_max":71.0,"blank_min":22.0,"blank_max":22.0},"nom":{"functions":1.0,"closures":0.0,"functions_average":1.0,"closures_average":0.0,"total":1.0,"average":1.0,"functions_min":1.0,"functions_max":1.0,"closures_min":0.0,"closures_max":0.0},"mi":{"mi_original":48.49619627117961,"mi_sei":12.516594240102716,"mi_visual_studio":28.360348696596265},"abc":{"assignments":0.0,"branches":0.0,"conditions":0.0,"magnitude":0.0,"assignments_average":0.0,"branches_average":0.0,"conditions_average":0.0,"assignments_min":0.0,"assignments_max":0.0,"branches_min":0.0,"branches_max":0.0,"conditions_min":0.0,"conditions_max":0.0}}},{"name":"asn1D_Extensions","start_line":313,"end_line":350,"kind":"function","spaces":[],"metrics":{"nargs":{"total_functions":4.0,"total_closures":0.0,"average_functions":4.0,"average_closures":0.0,"total":4.0,"average":4.0,"functions_min":4.0,"functions_max":4.0,"closures_min":0.0,"closures_max":0.0},"nexits":{"sum":5.0,"average":5.0,"min":5.0,"max":5.0},"cognitive":{"sum":9.0,"average":9.0,"min":9.0,"max":9.0},"cyclomatic":{"sum":7.0,"average":7.0,"min":7.0,"max":7.0},"halstead":{"n1":20.0,"N1":91.0,"n2":31.0,"N2":68.0,"length":159.0,"estimated_program_length":240.0186475197404,"purity_ratio":1.5095512422625181,"vocabulary":51.0,"volume":901.9156293734677,"difficulty":21.93548387096774,"level":0.04558823529411765,"effort":19783.95574109542,"time":1099.1086522830788,"bugs":0.24383020276141554},"loc":{"sloc":38.0,"ploc":28.0,"lloc":23.0,"cloc":1.0,"blank":9.0,"sloc_average":38.0,"ploc_average":28.0,"lloc_average":23.0,"cloc_average":1.0,"blank_average":9.0,"sloc_min":38.0,"sloc_max":38.0,"cloc_min":1.0,"cloc_max":1.0,"ploc_min":28.0,"ploc_max":28.0,"lloc_min":23.0,"lloc_max":23.0,"blank_min":9.0,"blank_max":9.0},"nom":{"functions":1.0,"closures":0.0,"functions_average":1.0,"closures_average":0.0,"total":1.0,"average":1.0,"functions_min":1.0,"functions_max":1.0,"closures_min":0.0,"closures_max":0.0},"mi":{"mi_original":75.07759512471213,"mi_sei":45.759725851699045,"mi_visual_studio":43.90502638872054},"abc":{"assignments":0.0,"branches":0.0,"conditions":0.0,"magnitude":0.0,"assignments_average":0.0,"branches_average":0.0,"conditions_average":0.0,"assignments_min":0.0,"assignments_max":0.0,"branches_min":0.0,"branches_max":0.0,"conditions_min":0.0,"conditions_max":0.0}}},{"name":"asn1D_SecurityCategory","start_line":352,"end_line":451,"kind":"function","spaces":[],"metrics":{"nargs":{"total_functions":4.0,"total_closures":0.0,"average_functions":4.0,"average_closures":0.0,"total":4.0,"average":4.0,"functions_min":4.0,"functions_max":4.0,"closures_min":0.0,"closures_max":0.0},"nexits":{"sum":11.0,"average":11.0,"min":11.0,"max":11.0},"cognitive":{"sum":57.0,"average":57.0,"min":57.0,"max":57.0},"cyclomatic":{"sum":22.0,"average":22.0,"min":22.0,"max":22.0},"halstead":{"n1":27.0,"N1":280.0,"n2":57.0,"N2":191.0,"length":471.0,"estimated_program_length":460.8566933658039,"purity_ratio":0.978464317124849,"vocabulary":84.0,"volume":3010.781506128796,"difficulty":45.23684210526316,"level":0.02210587550901687,"effort":136198.24760619475,"time":7566.569311455264,"bugs":0.8823883355586545},"loc":{"sloc":100.0,"ploc":80.0,"lloc":73.0,"cloc":3.0,"blank":17.0,"sloc_average":100.0,"ploc_average":80.0,"lloc_average":73.0,"cloc_average":3.0,"blank_average":17.0,"sloc_min":100.0,"sloc_max":100.0,"cloc_min":3.0,"cloc_max":3.0,"ploc_min":80.0,"ploc_max":80.0,"lloc_min":73.0,"lloc_max":73.0,"blank_min":17.0,"blank_max":17.0},"nom":{"functions":1.0,"closures":0.0,"functions_average":1.0,"closures_average":0.0,"total":1.0,"average":1.0,"functions_min":1.0,"functions_max":1.0,"closures_min":0.0,"closures_max":0.0},"mi":{"mi_original":49.68447719171266,"mi_sei":11.474723335380732,"mi_visual_studio":29.055249819715005},"abc":{"assignments":0.0,"branches":0.0,"conditions":0.0,"magnitude":0.0,"assignments_average":0.0,"branches_average":0.0,"conditions_average":0.0,"assignments_min":0.0,"assignments_max":0.0,"branches_min":0.0,"branches_max":0.0,"conditions_min":0.0,"conditions_max":0.0}}}],"metrics":{"nargs":{"total_functions":24.0,"total_closures":0.0,"average_functions":4.0,"average_closures":0.0,"total":24.0,"average":4.0,"functions_min":0.0,"functions_max":4.0,"closures_min":0.0,"closures_max":0.0},"nexits":{"sum":44.0,"average":7.333333333333333,"min":0.0,"max":11.0},"cognitive":{"sum":165.0,"average":27.5,"min":0.0,"max":57.0},"cyclomatic":{"sum":84.0,"average":12.0,"min":1.0,"max":22.0},"halstead":{"n1":31.0,"N1":1139.0,"n2":105.0,"N2":811.0,"length":1950.0,"estimated_program_length":858.575864976936,"purity_ratio":0.4402953153727877,"vocabulary":136.0,"volume":13820.55254043816,"difficulty":119.71904761904761,"level":0.008352889702080268,"effort":1654583.3877102656,"time":91921.29931723698,"bugs":4.663061948084431},"loc":{"sloc":451.0,"ploc":340.0,"lloc":297.0,"cloc":22.0,"blank":89.0,"sloc_average":64.42857142857143,"ploc_average":48.57142857142857,"lloc_average":42.42857142857143,"cloc_average":3.142857142857143,"blank_average":12.714285714285714,"sloc_min":38.0,"sloc_max":110.0,"cloc_min":1.0,"cloc_max":5.0,"ploc_min":28.0,"ploc_max":83.0,"lloc_min":23.0,"lloc_max":73.0,"blank_min":9.0,"blank_max":22.0},"nom":{"functions":6.0,"closures":0.0,"functions_average":0.8571428571428571,"closures_average":0.0,"total":6.0,"average":0.8571428571428571,"functions_min":0.0,"functions_max":1.0,"closures_min":0.0,"closures_max":0.0},"mi":{"mi_original":3.097886295804315,"mi_sei":-45.90256576775705,"mi_visual_studio":1.8116294127510615},"abc":{"assignments":0.0,"branches":0.0,"conditions":0.0,"magnitude":0.0,"assignments_average":0.0,"branches_average":0.0,"conditions_average":0.0,"assignments_min":0.0,"assignments_max":0.0,"branches_min":0.0,"branches_max":0.0,"conditions_min":0.0,"conditions_max":0.0}}}