{"name":"./src/PKIX1Explicit-2009.h","start_line":1,"end_line":1287,"kind":"unit","spaces":[{"name":"EXTERN","start_line":33,"end_line":33,"kind":"struct","spaces":[],"metrics":{"nargs":{"total_functions":0.0,"total_closures":0.0,"average_functions":0.0,"average_closures":0.0,"total":0.0,"average":0.0,"functions_min":0.0,"functions_max":0.0,"closures_min":0.0,"closures_max":0.0},"nexits":{"sum":0.0,"average":null,"min":0.0,"max":0.0},"cognitive":{"sum":0.0,"average":null,"min":0.0,"max":0.0},"cyclomatic":{"sum":1.0,"average":1.0,"min":1.0,"max":1.0},"halstead":{"n1":0.0,"N1":0.0,"n2":1.0,"N2":1.0,"length":1.0,"estimated_program_length":null,"purity_ratio":null,"vocabulary":1.0,"volume":0.0,"difficulty":0.0,"level":null,"effort":0.0,"time":0.0,"bugs":0.0},"loc":{"sloc":1.0,"ploc":1.0,"lloc":0.0,"cloc":0.0,"blank":0.0,"sloc_average":1.0,"ploc_average":1.0,"lloc_average":0.0,"cloc_average":0.0,"blank_average":0.0,"sloc_min":1.0,"sloc_max":1.0,"cloc_min":0.0,"cloc_max":0.0,"ploc_min":1.0,"ploc_max":1.0,"lloc_min":0.0,"lloc_max":0.0,"blank_min":0.0,"blank_max":0.0},"nom":{"functions":0.0,"closures":0.0,"functions_average":0.0,"closures_average":0.0,"total":0.0,"average":0.0,"functions_min":0.0,"functions_max":0.0,"closures_min":0.0,"closures_max":0.0},"mi":{"mi_original":null,"mi_sei":null,"mi_visual_studio":null},"abc":{"assignments":0.0,"branches":0.0,"conditions":0.0,"magnitude":0.0,"assignments_average":0.0,"branches_average":0.0,"conditions_average":0.0,"assignments_min":0.0,"assignments_max":0.0,"branches_min":0.0,"branches_max":0.0,"conditions_min":0.0,"conditions_max":0.0}}},{"name":"EXTERN","start_line":56,"end_line":56,"kind":"struct","spaces":[],"metrics":{"nargs":{"total_functions":0.0,"total_closures":0.0,"average_functions":0.0,"average_closures":0.0,"total":0.0,"average":0.0,"functions_min":0.0,"functions_max":0.0,"closures_min":0.0,"closures_max":0.0},"nexits":{"sum":0.0,"average":null,"min":0.0,"max":0.0},"cognitive":{"sum":0.0,"average":null,"min":0.0,"max":0.0},"cyclomatic":{"sum":1.0,"average":1.0,"min":1.0,"max":1.0},"halstead":{"n1":0.0,"N1":0.0,"n2":1.0,"N2":1.0,"length":1.0,"estimated_program_length":null,"purity_ratio":null,"vocabulary":1.0,"volume":0.0,"difficulty":0.0,"level":null,"effort":0.0,"time":0.0,"bugs":0.0},"loc":{"sloc":1.0,"ploc":1.0,"lloc":0.0,"cloc":0.0,"blank":0.0,"sloc_average":1.0,"ploc_average":1.0,"lloc_average":0.0,"cloc_average":0.0,"blank_average":0.0,"sloc_min":1.0,"sloc_max":1.0,"cloc_min":0.0,"cloc_max":0.0,"ploc_min":1.0,"ploc_max":1.0,"lloc_min":0.0,"lloc_max":0.0,"blank_min":0.0,"blank_max":0.0},"nom":{"functions":0.0,"closures":0.0,"functions_average":0.0,"closures_average":0.0,"total":0.0,"average":0.0,"functions_min":0.0,"functions_max":0.0,"closures_min":0.0,"closures_max":0.0},"mi":{"mi_original":null,"mi_sei":null,"mi_visual_studio":null},"abc":{"assignments":0.0,"branches":0.0,"conditions":0.0,"magnitude":0.0,"assignments_average":0.0,"branches_average":0.0,"conditions_average":0.0,"assignments_min":0.0,"assignments_max":0.0,"branches_min":0.0,"branches_max":0.0,"conditions_min":0.0,"conditions_max":0.0}}},{"name":"EXTERN","start_line":89,"end_line":89,"kind":"struct","spaces":[],"metrics":{"nargs":{"total_functions":0.0,"total_closures":0.0,"average_functions":0.0,"average_closures":0.0,"total":0.0,"average":0.0,"functions_min":0.0,"functions_max":0.0,"closures_min":0.0,"closures_max":0.0},"nexits":{"sum":0.0,"average":null,"min":0.0,"max":0.0},"cognitive":{"sum":0.0,"average":null,"min":0.0,"max":0.0},"cyclomatic":{"sum":1.0,"average":1.0,"min":1.0,"max":1.0},"halstead":{"n1":0.0,"N1":0.0,"n2":1.0,"N2":1.0,"length":1.0,"estimated_program_length":null,"purity_ratio":null,"vocabulary":1.0,"volume":0.0,"difficulty":0.0,"level":null,"effort":0.0,"time":0.0,"bugs":0.0},"loc":{"sloc":1.0,"ploc":1.0,"lloc":0.0,"cloc":0.0,"blank":0.0,"sloc_average":1.0,"ploc_average":1.0,"lloc_average":0.0,"cloc_average":0.0,"blank_average":0.0,"sloc_min":1.0,"sloc_max":1.0,"cloc_min":0.0,"cloc_max":0.0,"ploc_min":1.0,"ploc_max":1.0,"lloc_min":0.0,"lloc_max":0.0,"blank_min":0.0,"blank_max":0.0},"nom":{"functions":0.0,"closures":0.0,"functions_average":0.0,"closures_average":0.0,"total":0.0,"average":0.0,"functions_min":0.0,"functions_max":0.0,"closures_min":0.0,"closures_max":0.0},"mi":{"mi_original":null,"mi_sei":null,"mi_visual_studio":null},"abc":{"assignments":0.0,"branches":0.0,"conditions":0.0,"magnitude":0.0,"assignments_average":0.0,"branches_average":0.0,"conditions_average":0.0,"assignments_min":0.0,"assignments_max":0.0,"branches_min":0.0,"branches_max":0.0,"conditions_min":0.0,"conditions_max":0.0}}},{"name":"EXTERN","start_line":276,"end_line":276,"kind":"struct","spaces":[],"metrics":{"nargs":{"total_functions":0.0,"total_closures":0.0,"average_functions":0.0,"average_closures":0.0,"total":0.0,"average":0.0,"functions_min":0.0,"functions_max":0.0,"closures_min":0.0,"closures_max":0.0},"nexits":{"sum":0.0,"average":null,"min":0.0,"max":0.0},"cognitive":{"sum":0.0,"average":null,"min":0.0,"max":0.0},"cyclomatic":{"sum":1.0,"average":1.0,"min":1.0,"max":1.0},"halstead":{"n1":0.0,"N1":0.0,"n2":1.0,"N2":1.0,"length":1.0,"estimated_program_length":null,"purity_ratio":null,"vocabulary":1.0,"volume":0.0,"difficulty":0.0,"level":null,"effort":0.0,"time":0.0,"bugs":0.0},"loc":{"sloc":1.0,"ploc":1.0,"lloc":0.0,"cloc":0.0,"blank":0.0,"sloc_average":1.0,"ploc_average":1.0,"lloc_average":0.0,"cloc_average":0.0,"blank_average":0.0,"sloc_min":1.0,"sloc_max":1.0,"cloc_min":0.0,"cloc_max":0.0,"ploc_min":1.0,"ploc_max":1.0,"lloc_min":0.0,"lloc_max":0.0,"blank_min":0.0,"blank_max":0.0},"nom":{"functions":0.0,"closures":0.0,"functions_average":0.0,"closures_average":0.0,"total":0.0,"average":0.0,"functions_min":0.0,"functions_max":0.0,"closures_min":0.0,"closures_max":0.0},"mi":{"mi_original":null,"mi_sei":null,"mi_visual_studio":null},"abc":{"assignments":0.0,"branches":0.0,"conditions":0.0,"magnitude":0.0,"assignments_average":0.0,"branches_average":0.0,"conditions_average":0.0,"assignments_min":0.0,"assignments_max":0.0,"branches_min":0.0,"branches_max":0.0,"conditions_min":0.0,"conditions_max":0.0}}},{"name":"EXTERN","start_line":330,"end_line":330,"kind":"struct","spaces":[],"metrics":{"nargs":{"total_functions":0.0,"total_closures":0.0,"average_functions":0.0,"average_closures":0.0,"total":0.0,"average":0.0,"functions_min":0.0,"functions_max":0.0,"closures_min":0.0,"closures_max":0.0},"nexits":{"sum":0.0,"average":null,"min":0.0,"max":0.0},"cognitive":{"sum":0.0,"average":null,"min":0.0,"max":0.0},"cyclomatic":{"sum":1.0,"average":1.0,"min":1.0,"max":1.0},"halstead":{"n1":0.0,"N1":0.0,"n2":1.0,"N2":1.0,"length":1.0,"estimated_program_length":null,"purity_ratio":null,"vocabulary":1.0,"volume":0.0,"difficulty":0.0,"level":null,"effort":0.0,"time":0.0,"bugs":0.0},"loc":{"sloc":1.0,"ploc":1.0,"lloc":0.0,"cloc":0.0,"blank":0.0,"sloc_average":1.0,"ploc_average":1.0,"lloc_average":0.0,"cloc_average":0.0,"blank_average":0.0,"sloc_min":1.0,"sloc_max":1.0,"cloc_min":0.0,"cloc_max":0.0,"ploc_min":1.0,"ploc_max":1.0,"lloc_min":0.0,"lloc_max":0.0,"blank_min":0.0,"blank_max":0.0},"nom":{"functions":0.0,"closures":0.0,"functions_average":0.0,"closures_average":0.0,"total":0.0,"average":0.0,"functions_min":0.0,"functions_max":0.0,"closures_min":0.0,"closures_max":0.0},"mi":{"mi_original":null,"mi_sei":null,"mi_visual_studio":null},"abc":{"assignments":0.0,"branches":0.0,"conditions":0.0,"magnitude":0.0,"assignments_average":0.0,"branches_average":0.0,"conditions_average":0.0,"assignments_min":0.0,"assignments_max":0.0,"branches_min":0.0,"branches_max":0.0,"conditions_min":0.0,"conditions_max":0.0}}},{"name":"EXTERN","start_line":384,"end_line":384,"kind":"struct","spaces":[],"metrics":{"nargs":{"total_functions":0.0,"total_closures":0.0,"average_functions":0.0,"average_closures":0.0,"total":0.0,"average":0.0,"functions_min":0.0,"functions_max":0.0,"closures_min":0.0,"closures_max":0.0},"nexits":{"sum":0.0,"average":null,"min":0.0,"max":0.0},"cognitive":{"sum":0.0,"average":null,"min":0.0,"max":0.0},"cyclomatic":{"sum":1.0,"average":1.0,"min":1.0,"max":1.0},"halstead":{"n1":0.0,"N1":0.0,"n2":1.0,"N2":1.0,"length":1.0,"estimated_program_length":null,"purity_ratio":null,"vocabulary":1.0,"volume":0.0,"difficulty":0.0,"level":null,"effort":0.0,"time":0.0,"bugs":0.0},"loc":{"sloc":1.0,"ploc":1.0,"lloc":0.0,"cloc":0.0,"blank":0.0,"sloc_average":1.0,"ploc_average":1.0,"lloc_average":0.0,"cloc_average":0.0,"blank_average":0.0,"sloc_min":1.0,"sloc_max":1.0,"cloc_min":0.0,"cloc_max":0.0,"ploc_min":1.0,"ploc_max":1.0,"lloc_min":0.0,"lloc_max":0.0,"blank_min":0.0,"blank_max":0.0},"nom":{"functions":0.0,"closures":0.0,"functions_average":0.0,"closures_average":0.0,"total":0.0,"average":0.0,"functions_min":0.0,"functions_max":0.0,"closures_min":0.0,"closures_max":0.0},"mi":{"mi_original":null,"mi_sei":null,"mi_visual_studio":null},"abc":{"assignments":0.0,"branches":0.0,"conditions":0.0,"magnitude":0.0,"assignments_average":0.0,"branches_average":0.0,"conditions_average":0.0,"assignments_min":0.0,"assignments_max":0.0,"branches_min":0.0,"branches_max":0.0,"conditions_min":0.0,"conditions_max":0.0}}},{"name":"EXTERN","start_line":438,"end_line":438,"kind":"struct","spaces":[],"metrics":{"nargs":{"total_functions":0.0,"total_closures":0.0,"average_functions":0.0,"average_closures":0.0,"total":0.0,"average":0.0,"functions_min":0.0,"functions_max":0.0,"closures_min":0.0,"closures_max":0.0},"nexits":{"sum":0.0,"average":null,"min":0.0,"max":0.0},"cognitive":{"sum":0.0,"average":null,"min":0.0,"max":0.0},"cyclomatic":{"sum":1.0,"average":1.0,"min":1.0,"max":1.0},"halstead":{"n1":0.0,"N1":0.0,"n2":1.0,"N2":1.0,"length":1.0,"estimated_program_length":null,"purity_ratio":null,"vocabulary":1.0,"volume":0.0,"difficulty":0.0,"level":null,"effort":0.0,"time":0.0,"bugs":0.0},"loc":{"sloc":1.0,"ploc":1.0,"lloc":0.0,"cloc":0.0,"blank":0.0,"sloc_average":1.0,"ploc_average":1.0,"lloc_average":0.0,"cloc_average":0.0,"blank_average":0.0,"sloc_min":1.0,"sloc_max":1.0,"cloc_min":0.0,"cloc_max":0.0,"ploc_min":1.0,"ploc_max":1.0,"lloc_min":0.0,"lloc_max":0.0,"blank_min":0.0,"blank_max":0.0},"nom":{"functions":0.0,"closures":0.0,"functions_average":0.0,"closures_average":0.0,"total":0.0,"average":0.0,"functions_min":0.0,"functions_max":0.0,"closures_min":0.0,"closures_max":0.0},"mi":{"mi_original":null,"mi_sei":null,"mi_visual_studio":null},"abc":{"assignments":0.0,"branches":0.0,"conditions":0.0,"magnitude":0.0,"assignments_average":0.0,"branches_average":0.0,"conditions_average":0.0,"assignments_min":0.0,"assignments_max":0.0,"branches_min":0.0,"branches_max":0.0,"conditions_min":0.0,"conditions_max":0.0}}},{"name":"EXTERN","start_line":492,"end_line":492,"kind":"struct","spaces":[],"metrics":{"nargs":{"total_functions":0.0,"total_closures":0.0,"average_functions":0.0,"average_closures":0.0,"total":0.0,"average":0.0,"functions_min":0.0,"functions_max":0.0,"closures_min":0.0,"closures_max":0.0},"nexits":{"sum":0.0,"average":null,"min":0.0,"max":0.0},"cognitive":{"sum":0.0,"average":null,"min":0.0,"max":0.0},"cyclomatic":{"sum":1.0,"average":1.0,"min":1.0,"max":1.0},"halstead":{"n1":0.0,"N1":0.0,"n2":1.0,"N2":1.0,"length":1.0,"estimated_program_length":null,"purity_ratio":null,"vocabulary":1.0,"volume":0.0,"difficulty":0.0,"level":null,"effort":0.0,"time":0.0,"bugs":0.0},"loc":{"sloc":1.0,"ploc":1.0,"lloc":0.0,"cloc":0.0,"blank":0.0,"sloc_average":1.0,"ploc_average":1.0,"lloc_average":0.0,"cloc_average":0.0,"blank_average":0.0,"sloc_min":1.0,"sloc_max":1.0,"cloc_min":0.0,"cloc_max":0.0,"ploc_min":1.0,"ploc_max":1.0,"lloc_min":0.0,"lloc_max":0.0,"blank_min":0.0,"blank_max":0.0},"nom":{"functions":0.0,"closures":0.0,"functions_average":0.0,"closures_average":0.0,"total":0.0,"average":0.0,"functions_min":0.0,"functions_max":0.0,"closures_min":0.0,"closures_max":0.0},"mi":{"mi_original":null,"mi_sei":null,"mi_visual_studio":null},"abc":{"assignments":0.0,"branches":0.0,"conditions":0.0,"magnitude":0.0,"assignments_average":0.0,"branches_average":0.0,"conditions_average":0.0,"assignments_min":0.0,"assignments_max":0.0,"branches_min":0.0,"branches_max":0.0,"conditions_min":0.0,"conditions_max":0.0}}},{"name":"EXTERN","start_line":546,"end_line":546,"kind":"struct","spaces":[],"metrics":{"nargs":{"total_functions":0.0,"total_closures":0.0,"average_functions":0.0,"average_closures":0.0,"total":0.0,"average":0.0,"functions_min":0.0,"functions_max":0.0,"closures_min":0.0,"closures_max":0.0},"nexits":{"sum":0.0,"average":null,"min":0.0,"max":0.0},"cognitive":{"sum":0.0,"average":null,"min":0.0,"max":0.0},"cyclomatic":{"sum":1.0,"average":1.0,"min":1.0,"max":1.0},"halstead":{"n1":0.0,"N1":0.0,"n2":1.0,"N2":1.0,"length":1.0,"estimated_program_length":null,"purity_ratio":null,"vocabulary":1.0,"volume":0.0,"difficulty":0.0,"level":null,"effort":0.0,"time":0.0,"bugs":0.0},"loc":{"sloc":1.0,"ploc":1.0,"lloc":0.0,"cloc":0.0,"blank":0.0,"sloc_average":1.0,"ploc_average":1.0,"lloc_average":0.0,"cloc_average":0.0,"blank_average":0.0,"sloc_min":1.0,"sloc_max":1.0,"cloc_min":0.0,"cloc_max":0.0,"ploc_min":1.0,"ploc_max":1.0,"lloc_min":0.0,"lloc_max":0.0,"blank_min":0.0,"blank_max":0.0},"nom":{"functions":0.0,"closures":0.0,"functions_average":0.0,"closures_average":0.0,"total":0.0,"average":0.0,"functions_min":0.0,"functions_max":0.0,"closures_min":0.0,"closures_max":0.0},"mi":{"mi_original":null,"mi_sei":null,"mi_visual_studio":null},"abc":{"assignments":0.0,"branches":0.0,"conditions":0.0,"magnitude":0.0,"assignments_average":0.0,"branches_average":0.0,"conditions_average":0.0,"assignments_min":0.0,"assignments_max":0.0,"branches_min":0.0,"branches_max":0.0,"conditions_min":0.0,"conditions_max":0.0}}},{"name":"EXTERN","start_line":578,"end_line":578,"kind":"struct","spaces":[],"metrics":{"nargs":{"total_functions":0.0,"total_closures":0.0,"average_functions":0.0,"average_closures":0.0,"total":0.0,"average":0.0,"functions_min":0.0,"functions_max":0.0,"closures_min":0.0,"closures_max":0.0},"nexits":{"sum":0.0,"average":null,"min":0.0,"max":0.0},"cognitive":{"sum":0.0,"average":null,"min":0.0,"max":0.0},"cyclomatic":{"sum":1.0,"average":1.0,"min":1.0,"max":1.0},"halstead":{"n1":0.0,"N1":0.0,"n2":1.0,"N2":1.0,"length":1.0,"estimated_program_length":null,"purity_ratio":null,"vocabulary":1.0,"volume":0.0,"difficulty":0.0,"level":null,"effort":0.0,"time":0.0,"bugs":0.0},"loc":{"sloc":1.0,"ploc":1.0,"lloc":0.0,"cloc":0.0,"blank":0.0,"sloc_average":1.0,"ploc_average":1.0,"lloc_average":0.0,"cloc_average":0.0,"blank_average":0.0,"sloc_min":1.0,"sloc_max":1.0,"cloc_min":0.0,"cloc_max":0.0,"ploc_min":1.0,"ploc_max":1.0,"lloc_min":0.0,"lloc_max":0.0,"blank_min":0.0,"blank_max":0.0},"nom":{"functions":0.0,"closures":0.0,"functions_average":0.0,"closures_average":0.0,"total":0.0,"average":0.0,"functions_min":0.0,"functions_max":0.0,"closures_min":0.0,"closures_max":0.0},"mi":{"mi_original":null,"mi_sei":null,"mi_visual_studio":null},"abc":{"assignments":0.0,"branches":0.0,"conditions":0.0,"magnitude":0.0,"assignments_average":0.0,"branches_average":0.0,"conditions_average":0.0,"assignments_min":0.0,"assignments_max":0.0,"branches_min":0.0,"branches_max":0.0,"conditions_min":0.0,"conditions_max":0.0}}},{"name":null,"start_line":579,"end_line":581,"kind":"struct","spaces":[],"metrics":{"nargs":{"total_functions":0.0,"total_closures":0.0,"average_functions":0.0,"average_closures":0.0,"total":0.0,"average":0.0,"functions_min":0.0,"functions_max":0.0,"closures_min":0.0,"closures_max":0.0},"nexits":{"sum":0.0,"average":null,"min":0.0,"max":0.0},"cognitive":{"sum":0.0,"average":null,"min":0.0,"max":0.0},"cyclomatic":{"sum":1.0,"average":1.0,"min":1.0,"max":1.0},"halstead":{"n1":3.0,"N1":3.0,"n2":3.0,"N2":3.0,"length":6.0,"estimated_program_length":9.509775004326936,"purity_ratio":1.584962500721156,"vocabulary":6.0,"volume":15.509775004326936,"difficulty":1.5,"level":0.6666666666666666,"effort":23.264662506490403,"time":1.292481250360578,"bugs":0.0027165012951989257},"loc":{"sloc":3.0,"ploc":3.0,"lloc":0.0,"cloc":0.0,"blank":0.0,"sloc_average":3.0,"ploc_average":3.0,"lloc_average":0.0,"cloc_average":0.0,"blank_average":0.0,"sloc_min":3.0,"sloc_max":3.0,"cloc_min":0.0,"cloc_max":0.0,"ploc_min":3.0,"ploc_max":3.0,"lloc_min":0.0,"lloc_max":0.0,"blank_min":0.0,"blank_max":0.0},"nom":{"functions":0.0,"closures":0.0,"functions_average":0.0,"closures_average":0.0,"total":0.0,"average":0.0,"functions_min":0.0,"functions_max":0.0,"closures_min":0.0,"closures_max":0.0},"mi":{"mi_original":138.71683447649625,"mi_sei":124.52705705444805,"mi_visual_studio":81.12095583420833},"abc":{"assignments":0.0,"branches":0.0,"conditions":0.0,"magnitude":0.0,"assignments_average":0.0,"branches_average":0.0,"conditions_average":0.0,"assignments_min":0.0,"assignments_max":0.0,"branches_min":0.0,"branches_max":0.0,"conditions_min":0.0,"conditions_max":0.0}}},{"name":"EXTERN","start_line":615,"end_line":615,"kind":"struct","spaces":[],"metrics":{"nargs":{"total_functions":0.0,"total_closures":0.0,"average_functions":0.0,"average_closures":0.0,"total":0.0,"average":0.0,"functions_min":0.0,"functions_max":0.0,"closures_min":0.0,"closures_max":0.0},"nexits":{"sum":0.0,"average":null,"min":0.0,"max":0.0},"cognitive":{"sum":0.0,"average":null,"min":0.0,"max":0.0},"cyclomatic":{"sum":1.0,"average":1.0,"min":1.0,"max":1.0},"halstead":{"n1":0.0,"N1":0.0,"n2":1.0,"N2":1.0,"length":1.0,"estimated_program_length":null,"purity_ratio":null,"vocabulary":1.0,"volume":0.0,"difficulty":0.0,"level":null,"effort":0.0,"time":0.0,"bugs":0.0},"loc":{"sloc":1.0,"ploc":1.0,"lloc":0.0,"cloc":0.0,"blank":0.0,"sloc_average":1.0,"ploc_average":1.0,"lloc_average":0.0,"cloc_average":0.0,"blank_average":0.0,"sloc_min":1.0,"sloc_max":1.0,"cloc_min":0.0,"cloc_max":0.0,"ploc_min":1.0,"ploc_max":1.0,"lloc_min":0.0,"lloc_max":0.0,"blank_min":0.0,"blank_max":0.0},"nom":{"functions":0.0,"closures":0.0,"functions_average":0.0,"closures_average":0.0,"total":0.0,"average":0.0,"functions_min":0.0,"functions_max":0.0,"closures_min":0.0,"closures_max":0.0},"mi":{"mi_original":null,"mi_sei":null,"mi_visual_studio":null},"abc":{"assignments":0.0,"branches":0.0,"conditions":0.0,"magnitude":0.0,"assignments_average":0.0,"branches_average":0.0,"conditions_average":0.0,"assignments_min":0.0,"assignments_max":0.0,"branches_min":0.0,"branches_max":0.0,"conditions_min":0.0,"conditions_max":0.0}}},{"name":"EXTERN","start_line":645,"end_line":645,"kind":"struct","spaces":[],"metrics":{"nargs":{"total_functions":0.0,"total_closures":0.0,"average_functions":0.0,"average_closures":0.0,"total":0.0,"average":0.0,"functions_min":0.0,"functions_max":0.0,"closures_min":0.0,"closures_max":0.0},"nexits":{"sum":0.0,"average":null,"min":0.0,"max":0.0},"cognitive":{"sum":0.0,"average":null,"min":0.0,"max":0.0},"cyclomatic":{"sum":1.0,"average":1.0,"min":1.0,"max":1.0},"halstead":{"n1":0.0,"N1":0.0,"n2":1.0,"N2":1.0,"length":1.0,"estimated_program_length":null,"purity_ratio":null,"vocabulary":1.0,"volume":0.0,"difficulty":0.0,"level":null,"effort":0.0,"time":0.0,"bugs":0.0},"loc":{"sloc":1.0,"ploc":1.0,"lloc":0.0,"cloc":0.0,"blank":0.0,"sloc_average":1.0,"ploc_average":1.0,"lloc_average":0.0,"cloc_average":0.0,"blank_average":0.0,"sloc_min":1.0,"sloc_max":1.0,"cloc_min":0.0,"cloc_max":0.0,"ploc_min":1.0,"ploc_max":1.0,"lloc_min":0.0,"lloc_max":0.0,"blank_min":0.0,"blank_max":0.0},"nom":{"functions":0.0,"closures":0.0,"functions_average":0.0,"closures_average":0.0,"total":0.0,"average":0.0,"functions_min":0.0,"functions_max":0.0,"closures_min":0.0,"closures_max":0.0},"mi":{"mi_original":null,"mi_sei":null,"mi_visual_studio":null},"abc":{"assignments":0.0,"branches":0.0,"conditions":0.0,"magnitude":0.0,"assignments_average":0.0,"branches_average":0.0,"conditions_average":0.0,"assignments_min":0.0,"assignments_max":0.0,"branches_min":0.0,"branches_max":0.0,"conditions_min":0.0,"conditions_max":0.0}}},{"name":"EXTERN","start_line":666,"end_line":666,"kind":"struct","spaces":[],"metrics":{"nargs":{"total_functions":0.0,"total_closures":0.0,"average_functions":0.0,"average_closures":0.0,"total":0.0,"average":0.0,"functions_min":0.0,"functions_max":0.0,"closures_min":0.0,"closures_max":0.0},"nexits":{"sum":0.0,"average":null,"min":0.0,"max":0.0},"cognitive":{"sum":0.0,"average":null,"min":0.0,"max":0.0},"cyclomatic":{"sum":1.0,"average":1.0,"min":1.0,"max":1.0},"halstead":{"n1":0.0,"N1":0.0,"n2":1.0,"N2":1.0,"length":1.0,"estimated_program_length":null,"purity_ratio":null,"vocabulary":1.0,"volume":0.0,"difficulty":0.0,"level":null,"effort":0.0,"time":0.0,"bugs":0.0},"loc":{"sloc":1.0,"ploc":1.0,"lloc":0.0,"cloc":0.0,"blank":0.0,"sloc_average":1.0,"ploc_average":1.0,"lloc_average":0.0,"cloc_average":0.0,"blank_average":0.0,"sloc_min":1.0,"sloc_max":1.0,"cloc_min":0.0,"cloc_max":0.0,"ploc_min":1.0,"ploc_max":1.0,"lloc_min":0.0,"lloc_max":0.0,"blank_min":0.0,"blank_max":0.0},"nom":{"functions":0.0,"closures":0.0,"functions_average":0.0,"closures_average":0.0,"total":0.0,"average":0.0,"functions_min":0.0,"functions_max":0.0,"closures_min":0.0,"closures_max":0.0},"mi":{"mi_original":null,"mi_sei":null,"mi_visual_studio":null},"abc":{"assignments":0.0,"branches":0.0,"conditions":0.0,"magnitude":0.0,"assignments_average":0.0,"branches_average":0.0,"conditions_average":0.0,"assignments_min":0.0,"assignments_max":0.0,"branches_min":0.0,"branches_max":0.0,"conditions_min":0.0,"conditions_max":0.0}}},{"name":null,"start_line":667,"end_line":669,"kind":"struct","spaces":[],"metrics":{"nargs":{"total_functions":0.0,"total_closures":0.0,"average_functions":0.0,"average_closures":0.0,"total":0.0,"average":0.0,"functions_min":0.0,"functions_max":0.0,"closures_min":0.0,"closures_max":0.0},"nexits":{"sum":0.0,"average":null,"min":0.0,"max":0.0},"cognitive":{"sum":0.0,"average":null,"min":0.0,"max":0.0},"cyclomatic":{"sum":1.0,"average":1.0,"min":1.0,"max":1.0},"halstead":{"n1":3.0,"N1":3.0,"n2":3.0,"N2":3.0,"length":6.0,"estimated_program_length":9.509775004326936,"purity_ratio":1.584962500721156,"vocabulary":6.0,"volume":15.509775004326936,"difficulty":1.5,"level":0.6666666666666666,"effort":23.264662506490403,"time":1.292481250360578,"bugs":0.0027165012951989257},"loc":{"sloc":3.0,"ploc":3.0,"lloc":0.0,"cloc":0.0,"blank":0.0,"sloc_average":3.0,"ploc_average":3.0,"lloc_average":0.0,"cloc_average":0.0,"blank_average":0.0,"sloc_min":3.0,"sloc_max":3.0,"cloc_min":0.0,"cloc_max":0.0,"ploc_min":3.0,"ploc_max":3.0,"lloc_min":0.0,"lloc_max":0.0,"blank_min":0.0,"blank_max":0.0},"nom":{"functions":0.0,"closures":0.0,"functions_average":0.0,"closures_average":0.0,"total":0.0,"average":0.0,"functions_min":0.0,"functions_max":0.0,"closures_min":0.0,"closures_max":0.0},"mi":{"mi_original":138.71683447649625,"mi_sei":124.52705705444805,"mi_visual_studio":81.12095583420833},"abc":{"assignments":0.0,"branches":0.0,"conditions":0.0,"magnitude":0.0,"assignments_average":0.0,"branches_average":0.0,"conditions_average":0.0,"assignments_min":0.0,"assignments_max":0.0,"branches_min":0.0,"branches_max":0.0,"conditions_min":0.0,"conditions_max":0.0}}},{"name":"EXTERN","start_line":699,"end_line":699,"kind":"struct","spaces":[],"metrics":{"nargs":{"total_functions":0.0,"total_closures":0.0,"average_functions":0.0,"average_closures":0.0,"total":0.0,"average":0.0,"functions_min":0.0,"functions_max":0.0,"closures_min":0.0,"closures_max":0.0},"nexits":{"sum":0.0,"average":null,"min":0.0,"max":0.0},"cognitive":{"sum":0.0,"average":null,"min":0.0,"max":0.0},"cyclomatic":{"sum":1.0,"average":1.0,"min":1.0,"max":1.0},"halstead":{"n1":0.0,"N1":0.0,"n2":1.0,"N2":1.0,"length":1.0,"estimated_program_length":null,"purity_ratio":null,"vocabulary":1.0,"volume":0.0,"difficulty":0.0,"level":null,"effort":0.0,"time":0.0,"bugs":0.0},"loc":{"sloc":1.0,"ploc":1.0,"lloc":0.0,"cloc":0.0,"blank":0.0,"sloc_average":1.0,"ploc_average":1.0,"lloc_average":0.0,"cloc_average":0.0,"blank_average":0.0,"sloc_min":1.0,"sloc_max":1.0,"cloc_min":0.0,"cloc_max":0.0,"ploc_min":1.0,"ploc_max":1.0,"lloc_min":0.0,"lloc_max":0.0,"blank_min":0.0,"blank_max":0.0},"nom":{"functions":0.0,"closures":0.0,"functions_average":0.0,"closures_average":0.0,"total":0.0,"average":0.0,"functions_min":0.0,"functions_max":0.0,"closures_min":0.0,"closures_max":0.0},"mi":{"mi_original":null,"mi_sei":null,"mi_visual_studio":null},"abc":{"assignments":0.0,"branches":0.0,"conditions":0.0,"magnitude":0.0,"assignments_average":0.0,"branches_average":0.0,"conditions_average":0.0,"assignments_min":0.0,"assignments_max":0.0,"branches_min":0.0,"branches_max":0.0,"conditions_min":0.0,"conditions_max":0.0}}},{"name":"EXTERN","start_line":741,"end_line":741,"kind":"struct","spaces":[],"metrics":{"nargs":{"total_functions":0.0,"total_closures":0.0,"average_functions":0.0,"average_closures":0.0,"total":0.0,"average":0.0,"functions_min":0.0,"functions_max":0.0,"closures_min":0.0,"closures_max":0.0},"nexits":{"sum":0.0,"average":null,"min":0.0,"max":0.0},"cognitive":{"sum":0.0,"average":null,"min":0.0,"max":0.0},"cyclomatic":{"sum":1.0,"average":1.0,"min":1.0,"max":1.0},"halstead":{"n1":0.0,"N1":0.0,"n2":1.0,"N2":1.0,"length":1.0,"estimated_program_length":null,"purity_ratio":null,"vocabulary":1.0,"volume":0.0,"difficulty":0.0,"level":null,"effort":0.0,"time":0.0,"bugs":0.0},"loc":{"sloc":1.0,"ploc":1.0,"lloc":0.0,"cloc":0.0,"blank":0.0,"sloc_average":1.0,"ploc_average":1.0,"lloc_average":0.0,"cloc_average":0.0,"blank_average":0.0,"sloc_min":1.0,"sloc_max":1.0,"cloc_min":0.0,"cloc_max":0.0,"ploc_min":1.0,"ploc_max":1.0,"lloc_min":0.0,"lloc_max":0.0,"blank_min":0.0,"blank_max":0.0},"nom":{"functions":0.0,"closures":0.0,"functions_average":0.0,"closures_average":0.0,"total":0.0,"average":0.0,"functions_min":0.0,"functions_max":0.0,"closures_min":0.0,"closures_max":0.0},"mi":{"mi_original":null,"mi_sei":null,"mi_visual_studio":null},"abc":{"assignments":0.0,"branches":0.0,"conditions":0.0,"magnitude":0.0,"assignments_average":0.0,"branches_average":0.0,"conditions_average":0.0,"assignments_min":0.0,"assignments_max":0.0,"branches_min":0.0,"branches_max":0.0,"conditions_min":0.0,"conditions_max":0.0}}},{"name":null,"start_line":742,"end_line":748,"kind":"struct","spaces":[],"metrics":{"nargs":{"total_functions":0.0,"total_closures":0.0,"average_functions":0.0,"average_closures":0.0,"total":0.0,"average":0.0,"functions_min":0.0,"functions_max":0.0,"closures_min":0.0,"closures_max":0.0},"nexits":{"sum":0.0,"average":null,"min":0.0,"max":0.0},"cognitive":{"sum":0.0,"average":null,"min":0.0,"max":0.0},"cyclomatic":{"sum":1.0,"average":1.0,"min":1.0,"max":1.0},"halstead":{"n1":3.0,"N1":11.0,"n2":7.0,"N2":15.0,"length":26.0,"estimated_program_length":24.406371956566694,"purity_ratio":0.9387066137141036,"vocabulary":10.0,"volume":86.37013046707142,"difficulty":3.2142857142857144,"level":0.3111111111111111,"effort":277.618276501301,"time":15.423237583405612,"bugs":0.014185482568789716},"loc":{"sloc":7.0,"ploc":7.0,"lloc":0.0,"cloc":0.0,"blank":0.0,"sloc_average":7.0,"ploc_average":7.0,"lloc_average":0.0,"cloc_average":0.0,"blank_average":0.0,"sloc_min":7.0,"sloc_max":7.0,"cloc_min":0.0,"cloc_max":0.0,"ploc_min":7.0,"ploc_max":7.0,"lloc_min":0.0,"lloc_max":0.0,"blank_min":0.0,"blank_max":0.0},"nom":{"functions":0.0,"closures":0.0,"functions_average":0.0,"closures_average":0.0,"total":0.0,"average":0.0,"functions_min":0.0,"functions_max":0.0,"closures_min":0.0,"closures_max":0.0},"mi":{"mi_original":116.0613176852782,"mi_sei":91.84205533098111,"mi_visual_studio":67.87211560542585},"abc":{"assignments":0.0,"branches":0.0,"conditions":0.0,"magnitude":0.0,"assignments_average":0.0,"branches_average":0.0,"conditions_average":0.0,"assignments_min":0.0,"assignments_max":0.0,"branches_min":0.0,"branches_max":0.0,"conditions_min":0.0,"conditions_max":0.0}}},{"name":"EXTERN","start_line":778,"end_line":778,"kind":"struct","spaces":[],"metrics":{"nargs":{"total_functions":0.0,"total_closures":0.0,"average_functions":0.0,"average_closures":0.0,"total":0.0,"average":0.0,"functions_min":0.0,"functions_max":0.0,"closures_min":0.0,"closures_max":0.0},"nexits":{"sum":0.0,"average":null,"min":0.0,"max":0.0},"cognitive":{"sum":0.0,"average":null,"min":0.0,"max":0.0},"cyclomatic":{"sum":1.0,"average":1.0,"min":1.0,"max":1.0},"halstead":{"n1":0.0,"N1":0.0,"n2":1.0,"N2":1.0,"length":1.0,"estimated_program_length":null,"purity_ratio":null,"vocabulary":1.0,"volume":0.0,"difficulty":0.0,"level":null,"effort":0.0,"time":0.0,"bugs":0.0},"loc":{"sloc":1.0,"ploc":1.0,"lloc":0.0,"cloc":0.0,"blank":0.0,"sloc_average":1.0,"ploc_average":1.0,"lloc_average":0.0,"cloc_average":0.0,"blank_average":0.0,"sloc_min":1.0,"sloc_max":1.0,"cloc_min":0.0,"cloc_max":0.0,"ploc_min":1.0,"ploc_max":1.0,"lloc_min":0.0,"lloc_max":0.0,"blank_min":0.0,"blank_max":0.0},"nom":{"functions":0.0,"closures":0.0,"functions_average":0.0,"closures_average":0.0,"total":0.0,"average":0.0,"functions_min":0.0,"functions_max":0.0,"closures_min":0.0,"closures_max":0.0},"mi":{"mi_original":null,"mi_sei":null,"mi_visual_studio":null},"abc":{"assignments":0.0,"branches":0.0,"conditions":0.0,"magnitude":0.0,"assignments_average":0.0,"branches_average":0.0,"conditions_average":0.0,"assignments_min":0.0,"assignments_max":0.0,"branches_min":0.0,"branches_max":0.0,"conditions_min":0.0,"conditions_max":0.0}}},{"name":null,"start_line":779,"end_line":781,"kind":"struct","spaces":[],"metrics":{"nargs":{"total_functions":0.0,"total_closures":0.0,"average_functions":0.0,"average_closures":0.0,"total":0.0,"average":0.0,"functions_min":0.0,"functions_max":0.0,"closures_min":0.0,"closures_max":0.0},"nexits":{"sum":0.0,"average":null,"min":0.0,"max":0.0},"cognitive":{"sum":0.0,"average":null,"min":0.0,"max":0.0},"cyclomatic":{"sum":1.0,"average":1.0,"min":1.0,"max":1.0},"halstead":{"n1":3.0,"N1":3.0,"n2":3.0,"N2":3.0,"length":6.0,"estimated_program_length":9.509775004326936,"purity_ratio":1.584962500721156,"vocabulary":6.0,"volume":15.509775004326936,"difficulty":1.5,"level":0.6666666666666666,"effort":23.264662506490403,"time":1.292481250360578,"bugs":0.0027165012951989257},"loc":{"sloc":3.0,"ploc":3.0,"lloc":0.0,"cloc":0.0,"blank":0.0,"sloc_average":3.0,"ploc_average":3.0,"lloc_average":0.0,"cloc_average":0.0,"blank_average":0.0,"sloc_min":3.0,"sloc_max":3.0,"cloc_min":0.0,"cloc_max":0.0,"ploc_min":3.0,"ploc_max":3.0,"lloc_min":0.0,"lloc_max":0.0,"blank_min":0.0,"blank_max":0.0},"nom":{"functions":0.0,"closures":0.0,"functions_average":0.0,"closures_average":0.0,"total":0.0,"average":0.0,"functions_min":0.0,"functions_max":0.0,"closures_min":0.0,"closures_max":0.0},"mi":{"mi_original":138.71683447649625,"mi_sei":124.52705705444805,"mi_visual_studio":81.12095583420833},"abc":{"assignments":0.0,"branches":0.0,"conditions":0.0,"magnitude":0.0,"assignments_average":0.0,"branches_average":0.0,"conditions_average":0.0,"assignments_min":0.0,"assignments_max":0.0,"branches_min":0.0,"branches_max":0.0,"conditions_min":0.0,"conditions_max":0.0}}},{"name":"EXTERN","start_line":812,"end_line":812,"kind":"struct","spaces":[],"metrics":{"nargs":{"total_functions":0.0,"total_closures":0.0,"average_functions":0.0,"average_closures":0.0,"total":0.0,"average":0.0,"functions_min":0.0,"functions_max":0.0,"closures_min":0.0,"closures_max":0.0},"nexits":{"sum":0.0,"average":null,"min":0.0,"max":0.0},"cognitive":{"sum":0.0,"average":null,"min":0.0,"max":0.0},"cyclomatic":{"sum":1.0,"average":1.0,"min":1.0,"max":1.0},"halstead":{"n1":0.0,"N1":0.0,"n2":1.0,"N2":1.0,"length":1.0,"estimated_program_length":null,"purity_ratio":null,"vocabulary":1.0,"volume":0.0,"difficulty":0.0,"level":null,"effort":0.0,"time":0.0,"bugs":0.0},"loc":{"sloc":1.0,"ploc":1.0,"lloc":0.0,"cloc":0.0,"blank":0.0,"sloc_average":1.0,"ploc_average":1.0,"lloc_average":0.0,"cloc_average":0.0,"blank_average":0.0,"sloc_min":1.0,"sloc_max":1.0,"cloc_min":0.0,"cloc_max":0.0,"ploc_min":1.0,"ploc_max":1.0,"lloc_min":0.0,"lloc_max":0.0,"blank_min":0.0,"blank_max":0.0},"nom":{"functions":0.0,"closures":0.0,"functions_average":0.0,"closures_average":0.0,"total":0.0,"average":0.0,"functions_min":0.0,"functions_max":0.0,"closures_min":0.0,"closures_max":0.0},"mi":{"mi_original":null,"mi_sei":null,"mi_visual_studio":null},"abc":{"assignments":0.0,"branches":0.0,"conditions":0.0,"magnitude":0.0,"assignments_average":0.0,"branches_average":0.0,"conditions_average":0.0,"assignments_min":0.0,"assignments_max":0.0,"branches_min":0.0,"branches_max":0.0,"conditions_min":0.0,"conditions_max":0.0}}},{"name":"EXTERN","start_line":834,"end_line":834,"kind":"struct","spaces":[],"metrics":{"nargs":{"total_functions":0.0,"total_closures":0.0,"average_functions":0.0,"average_closures":0.0,"total":0.0,"average":0.0,"functions_min":0.0,"functions_max":0.0,"closures_min":0.0,"closures_max":0.0},"nexits":{"sum":0.0,"average":null,"min":0.0,"max":0.0},"cognitive":{"sum":0.0,"average":null,"min":0.0,"max":0.0},"cyclomatic":{"sum":1.0,"average":1.0,"min":1.0,"max":1.0},"halstead":{"n1":0.0,"N1":0.0,"n2":1.0,"N2":1.0,"length":1.0,"estimated_program_length":null,"purity_ratio":null,"vocabulary":1.0,"volume":0.0,"difficulty":0.0,"level":null,"effort":0.0,"time":0.0,"bugs":0.0},"loc":{"sloc":1.0,"ploc":1.0,"lloc":0.0,"cloc":0.0,"blank":0.0,"sloc_average":1.0,"ploc_average":1.0,"lloc_average":0.0,"cloc_average":0.0,"blank_average":0.0,"sloc_min":1.0,"sloc_max":1.0,"cloc_min":0.0,"cloc_max":0.0,"ploc_min":1.0,"ploc_max":1.0,"lloc_min":0.0,"lloc_max":0.0,"blank_min":0.0,"blank_max":0.0},"nom":{"functions":0.0,"closures":0.0,"functions_average":0.0,"closures_average":0.0,"total":0.0,"average":0.0,"functions_min":0.0,"functions_max":0.0,"closures_min":0.0,"closures_max":0.0},"mi":{"mi_original":null,"mi_sei":null,"mi_visual_studio":null},"abc":{"assignments":0.0,"branches":0.0,"conditions":0.0,"magnitude":0.0,"assignments_average":0.0,"branches_average":0.0,"conditions_average":0.0,"assignments_min":0.0,"assignments_max":0.0,"branches_min":0.0,"branches_max":0.0,"conditions_min":0.0,"conditions_max":0.0}}},{"name":null,"start_line":835,"end_line":837,"kind":"struct","spaces":[],"metrics":{"nargs":{"total_functions":0.0,"total_closures":0.0,"average_functions":0.0,"average_closures":0.0,"total":0.0,"average":0.0,"functions_min":0.0,"functions_max":0.0,"closures_min":0.0,"closures_max":0.0},"nexits":{"sum":0.0,"average":null,"min":0.0,"max":0.0},"cognitive":{"sum":0.0,"average":null,"min":0.0,"max":0.0},"cyclomatic":{"sum":1.0,"average":1.0,"min":1.0,"max":1.0},"halstead":{"n1":3.0,"N1":3.0,"n2":3.0,"N2":3.0,"length":6.0,"estimated_program_length":9.509775004326936,"purity_ratio":1.584962500721156,"vocabulary":6.0,"volume":15.509775004326936,"difficulty":1.5,"level":0.6666666666666666,"effort":23.264662506490403,"time":1.292481250360578,"bugs":0.0027165012951989257},"loc":{"sloc":3.0,"ploc":3.0,"lloc":0.0,"cloc":0.0,"blank":0.0,"sloc_average":3.0,"ploc_average":3.0,"lloc_average":0.0,"cloc_average":0.0,"blank_average":0.0,"sloc_min":3.0,"sloc_max":3.0,"cloc_min":0.0,"cloc_max":0.0,"ploc_min":3.0,"ploc_max":3.0,"lloc_min":0.0,"lloc_max":0.0,"blank_min":0.0,"blank_max":0.0},"nom":{"functions":0.0,"closures":0.0,"functions_average":0.0,"closures_average":0.0,"total":0.0,"average":0.0,"functions_min":0.0,"functions_max":0.0,"closures_min":0.0,"closures_max":0.0},"mi":{"mi_original":138.71683447649625,"mi_sei":124.52705705444805,"mi_visual_studio":81.12095583420833},"abc":{"assignments":0.0,"branches":0.0,"conditions":0.0,"magnitude":0.0,"assignments_average":0.0,"branches_average":0.0,"conditions_average":0.0,"assignments_min":0.0,"assignments_max":0.0,"branches_min":0.0,"branches_max":0.0,"conditions_min":0.0,"conditions_max":0.0}}},{"name":"EXTERN","start_line":858,"end_line":858,"kind":"struct","spaces":[],"metrics":{"nargs":{"total_functions":0.0,"total_closures":0.0,"average_functions":0.0,"average_closures":0.0,"total":0.0,"average":0.0,"functions_min":0.0,"functions_max":0.0,"closures_min":0.0,"closures_max":0.0},"nexits":{"sum":0.0,"average":null,"min":0.0,"max":0.0},"cognitive":{"sum":0.0,"average":null,"min":0.0,"max":0.0},"cyclomatic":{"sum":1.0,"average":1.0,"min":1.0,"max":1.0},"halstead":{"n1":0.0,"N1":0.0,"n2":1.0,"N2":1.0,"length":1.0,"estimated_program_length":null,"purity_ratio":null,"vocabulary":1.0,"volume":0.0,"difficulty":0.0,"level":null,"effort":0.0,"time":0.0,"bugs":0.0},"loc":{"sloc":1.0,"ploc":1.0,"lloc":0.0,"cloc":0.0,"blank":0.0,"sloc_average":1.0,"ploc_average":1.0,"lloc_average":0.0,"cloc_average":0.0,"blank_average":0.0,"sloc_min":1.0,"sloc_max":1.0,"cloc_min":0.0,"cloc_max":0.0,"ploc_min":1.0,"ploc_max":1.0,"lloc_min":0.0,"lloc_max":0.0,"blank_min":0.0,"blank_max":0.0},"nom":{"functions":0.0,"closures":0.0,"functions_average":0.0,"closures_average":0.0,"total":0.0,"average":0.0,"functions_min":0.0,"functions_max":0.0,"closures_min":0.0,"closures_max":0.0},"mi":{"mi_original":null,"mi_sei":null,"mi_visual_studio":null},"abc":{"assignments":0.0,"branches":0.0,"conditions":0.0,"magnitude":0.0,"assignments_average":0.0,"branches_average":0.0,"conditions_average":0.0,"assignments_min":0.0,"assignments_max":0.0,"branches_min":0.0,"branches_max":0.0,"conditions_min":0.0,"conditions_max":0.0}}},{"name":null,"start_line":859,"end_line":862,"kind":"struct","spaces":[],"metrics":{"nargs":{"total_functions":0.0,"total_closures":0.0,"average_functions":0.0,"average_closures":0.0,"total":0.0,"average":0.0,"functions_min":0.0,"functions_max":0.0,"closures_min":0.0,"closures_max":0.0},"nexits":{"sum":0.0,"average":null,"min":0.0,"max":0.0},"cognitive":{"sum":0.0,"average":null,"min":0.0,"max":0.0},"cyclomatic":{"sum":1.0,"average":1.0,"min":1.0,"max":1.0},"halstead":{"n1":3.0,"N1":5.0,"n2":4.0,"N2":6.0,"length":11.0,"estimated_program_length":12.754887502163468,"purity_ratio":1.1595352274694062,"vocabulary":7.0,"volume":30.880904142633646,"difficulty":2.25,"level":0.4444444444444444,"effort":69.4820343209257,"time":3.860113017829206,"bugs":0.005633700590871033},"loc":{"sloc":4.0,"ploc":4.0,"lloc":0.0,"cloc":0.0,"blank":0.0,"sloc_average":4.0,"ploc_average":4.0,"lloc_average":0.0,"cloc_average":0.0,"blank_average":0.0,"sloc_min":4.0,"sloc_max":4.0,"cloc_min":0.0,"cloc_max":0.0,"ploc_min":4.0,"ploc_max":4.0,"lloc_min":0.0,"lloc_max":0.0,"blank_min":0.0,"blank_max":0.0},"nom":{"functions":0.0,"closures":0.0,"functions_average":0.0,"closures_average":0.0,"total":0.0,"average":0.0,"functions_min":0.0,"functions_max":0.0,"closures_min":0.0,"closures_max":0.0},"mi":{"mi_original":130.47531372927457,"mi_sei":112.63705594304781,"mi_visual_studio":76.3013530580553},"abc":{"assignments":0.0,"branches":0.0,"conditions":0.0,"magnitude":0.0,"assignments_average":0.0,"branches_average":0.0,"conditions_average":0.0,"assignments_min":0.0,"assignments_max":0.0,"branches_min":0.0,"branches_max":0.0,"conditions_min":0.0,"conditions_max":0.0}}},{"name":"EXTERN","start_line":887,"end_line":887,"kind":"struct","spaces":[],"metrics":{"nargs":{"total_functions":0.0,"total_closures":0.0,"average_functions":0.0,"average_closures":0.0,"total":0.0,"average":0.0,"functions_min":0.0,"functions_max":0.0,"closures_min":0.0,"closures_max":0.0},"nexits":{"sum":0.0,"average":null,"min":0.0,"max":0.0},"cognitive":{"sum":0.0,"average":null,"min":0.0,"max":0.0},"cyclomatic":{"sum":1.0,"average":1.0,"min":1.0,"max":1.0},"halstead":{"n1":0.0,"N1":0.0,"n2":1.0,"N2":1.0,"length":1.0,"estimated_program_length":null,"purity_ratio":null,"vocabulary":1.0,"volume":0.0,"difficulty":0.0,"level":null,"effort":0.0,"time":0.0,"bugs":0.0},"loc":{"sloc":1.0,"ploc":1.0,"lloc":0.0,"cloc":0.0,"blank":0.0,"sloc_average":1.0,"ploc_average":1.0,"lloc_average":0.0,"cloc_average":0.0,"blank_average":0.0,"sloc_min":1.0,"sloc_max":1.0,"cloc_min":0.0,"cloc_max":0.0,"ploc_min":1.0,"ploc_max":1.0,"lloc_min":0.0,"lloc_max":0.0,"blank_min":0.0,"blank_max":0.0},"nom":{"functions":0.0,"closures":0.0,"functions_average":0.0,"closures_average":0.0,"total":0.0,"average":0.0,"functions_min":0.0,"functions_max":0.0,"closures_min":0.0,"closures_max":0.0},"mi":{"mi_original":null,"mi_sei":null,"mi_visual_studio":null},"abc":{"assignments":0.0,"branches":0.0,"conditions":0.0,"magnitude":0.0,"assignments_average":0.0,"branches_average":0.0,"conditions_average":0.0,"assignments_min":0.0,"assignments_max":0.0,"branches_min":0.0,"branches_max":0.0,"conditions_min":0.0,"conditions_max":0.0}}},{"name":"EXTERN","start_line":933,"end_line":933,"kind":"struct","spaces":[],"metrics":{"nargs":{"total_functions":0.0,"total_closures":0.0,"average_functions":0.0,"average_closures":0.0,"total":0.0,"average":0.0,"functions_min":0.0,"functions_max":0.0,"closures_min":0.0,"closures_max":0.0},"nexits":{"sum":0.0,"average":null,"min":0.0,"max":0.0},"cognitive":{"sum":0.0,"average":null,"min":0.0,"max":0.0},"cyclomatic":{"sum":1.0,"average":1.0,"min":1.0,"max":1.0},"halstead":{"n1":0.0,"N1":0.0,"n2":1.0,"N2":1.0,"length":1.0,"estimated_program_length":null,"purity_ratio":null,"vocabulary":1.0,"volume":0.0,"difficulty":0.0,"level":null,"effort":0.0,"time":0.0,"bugs":0.0},"loc":{"sloc":1.0,"ploc":1.0,"lloc":0.0,"cloc":0.0,"blank":0.0,"sloc_average":1.0,"ploc_average":1.0,"lloc_average":0.0,"cloc_average":0.0,"blank_average":0.0,"sloc_min":1.0,"sloc_max":1.0,"cloc_min":0.0,"cloc_max":0.0,"ploc_min":1.0,"ploc_max":1.0,"lloc_min":0.0,"lloc_max":0.0,"blank_min":0.0,"blank_max":0.0},"nom":{"functions":0.0,"closures":0.0,"functions_average":0.0,"closures_average":0.0,"total":0.0,"average":0.0,"functions_min":0.0,"functions_max":0.0,"closures_min":0.0,"closures_max":0.0},"mi":{"mi_original":null,"mi_sei":null,"mi_visual_studio":null},"abc":{"assignments":0.0,"branches":0.0,"conditions":0.0,"magnitude":0.0,"assignments_average":0.0,"branches_average":0.0,"conditions_average":0.0,"assignments_min":0.0,"assignments_max":0.0,"branches_min":0.0,"branches_max":0.0,"conditions_min":0.0,"conditions_max":0.0}}},{"name":null,"start_line":934,"end_line":940,"kind":"struct","spaces":[],"metrics":{"nargs":{"total_functions":0.0,"total_closures":0.0,"average_functions":0.0,"average_closures":0.0,"total":0.0,"average":0.0,"functions_min":0.0,"functions_max":0.0,"closures_min":0.0,"closures_max":0.0},"nexits":{"sum":0.0,"average":null,"min":0.0,"max":0.0},"cognitive":{"sum":0.0,"average":null,"min":0.0,"max":0.0},"cyclomatic":{"sum":1.0,"average":1.0,"min":1.0,"max":1.0},"halstead":{"n1":3.0,"N1":11.0,"n2":7.0,"N2":15.0,"length":26.0,"estimated_program_length":24.406371956566694,"purity_ratio":0.9387066137141036,"vocabulary":10.0,"volume":86.37013046707142,"difficulty":3.2142857142857144,"level":0.3111111111111111,"effort":277.618276501301,"time":15.423237583405612,"bugs":0.014185482568789716},"loc":{"sloc":7.0,"ploc":7.0,"lloc":0.0,"cloc":0.0,"blank":0.0,"sloc_average":7.0,"ploc_average":7.0,"lloc_average":0.0,"cloc_average":0.0,"blank_average":0.0,"sloc_min":7.0,"sloc_max":7.0,"cloc_min":0.0,"cloc_max":0.0,"ploc_min":7.0,"ploc_max":7.0,"lloc_min":0.0,"lloc_max":0.0,"blank_min":0.0,"blank_max":0.0},"nom":{"functions":0.0,"closures":0.0,"functions_average":0.0,"closures_average":0.0,"total":0.0,"average":0.0,"functions_min":0.0,"functions_max":0.0,"closures_min":0.0,"closures_max":0.0},"mi":{"mi_original":116.0613176852782,"mi_sei":91.84205533098111,"mi_visual_studio":67.87211560542585},"abc":{"assignments":0.0,"branches":0.0,"conditions":0.0,"magnitude":0.0,"assignments_average":0.0,"branches_average":0.0,"conditions_average":0.0,"assignments_min":0.0,"assignments_max":0.0,"branches_min":0.0,"branches_max":0.0,"conditions_min":0.0,"conditions_max":0.0}}},{"name":"EXTERN","start_line":967,"end_line":967,"kind":"struct","spaces":[],"metrics":{"nargs":{"total_functions":0.0,"total_closures":0.0,"average_functions":0.0,"average_closures":0.0,"total":0.0,"average":0.0,"functions_min":0.0,"functions_max":0.0,"closures_min":0.0,"closures_max":0.0},"nexits":{"sum":0.0,"average":null,"min":0.0,"max":0.0},"cognitive":{"sum":0.0,"average":null,"min":0.0,"max":0.0},"cyclomatic":{"sum":1.0,"average":1.0,"min":1.0,"max":1.0},"halstead":{"n1":0.0,"N1":0.0,"n2":1.0,"N2":1.0,"length":1.0,"estimated_program_length":null,"purity_ratio":null,"vocabulary":1.0,"volume":0.0,"difficulty":0.0,"level":null,"effort":0.0,"time":0.0,"bugs":0.0},"loc":{"sloc":1.0,"ploc":1.0,"lloc":0.0,"cloc":0.0,"blank":0.0,"sloc_average":1.0,"ploc_average":1.0,"lloc_average":0.0,"cloc_average":0.0,"blank_average":0.0,"sloc_min":1.0,"sloc_max":1.0,"cloc_min":0.0,"cloc_max":0.0,"ploc_min":1.0,"ploc_max":1.0,"lloc_min":0.0,"lloc_max":0.0,"blank_min":0.0,"blank_max":0.0},"nom":{"functions":0.0,"closures":0.0,"functions_average":0.0,"closures_average":0.0,"total":0.0,"average":0.0,"functions_min":0.0,"functions_max":0.0,"closures_min":0.0,"closures_max":0.0},"mi":{"mi_original":null,"mi_sei":null,"mi_visual_studio":null},"abc":{"assignments":0.0,"branches":0.0,"conditions":0.0,"magnitude":0.0,"assignments_average":0.0,"branches_average":0.0,"conditions_average":0.0,"assignments_min":0.0,"assignments_max":0.0,"branches_min":0.0,"branches_max":0.0,"conditions_min":0.0,"conditions_max":0.0}}},{"name":null,"start_line":968,"end_line":970,"kind":"struct","spaces":[],"metrics":{"nargs":{"total_functions":0.0,"total_closures":0.0,"average_functions":0.0,"average_closures":0.0,"total":0.0,"average":0.0,"functions_min":0.0,"functions_max":0.0,"closures_min":0.0,"closures_max":0.0},"nexits":{"sum":0.0,"average":null,"min":0.0,"max":0.0},"cognitive":{"sum":0.0,"average":null,"min":0.0,"max":0.0},"cyclomatic":{"sum":1.0,"average":1.0,"min":1.0,"max":1.0},"halstead":{"n1":3.0,"N1":3.0,"n2":3.0,"N2":3.0,"length":6.0,"estimated_program_length":9.509775004326936,"purity_ratio":1.584962500721156,"vocabulary":6.0,"volume":15.509775004326936,"difficulty":1.5,"level":0.6666666666666666,"effort":23.264662506490403,"time":1.292481250360578,"bugs":0.0027165012951989257},"loc":{"sloc":3.0,"ploc":3.0,"lloc":0.0,"cloc":0.0,"blank":0.0,"sloc_average":3.0,"ploc_average":3.0,"lloc_average":0.0,"cloc_average":0.0,"blank_average":0.0,"sloc_min":3.0,"sloc_max":3.0,"cloc_min":0.0,"cloc_max":0.0,"ploc_min":3.0,"ploc_max":3.0,"lloc_min":0.0,"lloc_max":0.0,"blank_min":0.0,"blank_max":0.0},"nom":{"functions":0.0,"closures":0.0,"functions_average":0.0,"closures_average":0.0,"total":0.0,"average":0.0,"functions_min":0.0,"functions_max":0.0,"closures_min":0.0,"closures_max":0.0},"mi":{"mi_original":138.71683447649625,"mi_sei":124.52705705444805,"mi_visual_studio":81.12095583420833},"abc":{"assignments":0.0,"branches":0.0,"conditions":0.0,"magnitude":0.0,"assignments_average":0.0,"branches_average":0.0,"conditions_average":0.0,"assignments_min":0.0,"assignments_max":0.0,"branches_min":0.0,"branches_max":0.0,"conditions_min":0.0,"conditions_max":0.0}}},{"name":"EXTERN","start_line":1001,"end_line":1001,"kind":"struct","spaces":[],"metrics":{"nargs":{"total_functions":0.0,"total_closures":0.0,"average_functions":0.0,"average_closures":0.0,"total":0.0,"average":0.0,"functions_min":0.0,"functions_max":0.0,"closures_min":0.0,"closures_max":0.0},"nexits":{"sum":0.0,"average":null,"min":0.0,"max":0.0},"cognitive":{"sum":0.0,"average":null,"min":0.0,"max":0.0},"cyclomatic":{"sum":1.0,"average":1.0,"min":1.0,"max":1.0},"halstead":{"n1":0.0,"N1":0.0,"n2":1.0,"N2":1.0,"length":1.0,"estimated_program_length":null,"purity_ratio":null,"vocabulary":1.0,"volume":0.0,"difficulty":0.0,"level":null,"effort":0.0,"time":0.0,"bugs":0.0},"loc":{"sloc":1.0,"ploc":1.0,"lloc":0.0,"cloc":0.0,"blank":0.0,"sloc_average":1.0,"ploc_average":1.0,"lloc_average":0.0,"cloc_average":0.0,"blank_average":0.0,"sloc_min":1.0,"sloc_max":1.0,"cloc_min":0.0,"cloc_max":0.0,"ploc_min":1.0,"ploc_max":1.0,"lloc_min":0.0,"lloc_max":0.0,"blank_min":0.0,"blank_max":0.0},"nom":{"functions":0.0,"closures":0.0,"functions_average":0.0,"closures_average":0.0,"total":0.0,"average":0.0,"functions_min":0.0,"functions_max":0.0,"closures_min":0.0,"closures_max":0.0},"mi":{"mi_original":null,"mi_sei":null,"mi_visual_studio":null},"abc":{"assignments":0.0,"branches":0.0,"conditions":0.0,"magnitude":0.0,"assignments_average":0.0,"branches_average":0.0,"conditions_average":0.0,"assignments_min":0.0,"assignments_max":0.0,"branches_min":0.0,"branches_max":0.0,"conditions_min":0.0,"conditions_max":0.0}}},{"name":"EXTERN","start_line":1036,"end_line":1036,"kind":"struct","spaces":[],"metrics":{"nargs":{"total_functions":0.0,"total_closures":0.0,"average_functions":0.0,"average_closures":0.0,"total":0.0,"average":0.0,"functions_min":0.0,"functions_max":0.0,"closures_min":0.0,"closures_max":0.0},"nexits":{"sum":0.0,"average":null,"min":0.0,"max":0.0},"cognitive":{"sum":0.0,"average":null,"min":0.0,"max":0.0},"cyclomatic":{"sum":1.0,"average":1.0,"min":1.0,"max":1.0},"halstead":{"n1":0.0,"N1":0.0,"n2":1.0,"N2":1.0,"length":1.0,"estimated_program_length":null,"purity_ratio":null,"vocabulary":1.0,"volume":0.0,"difficulty":0.0,"level":null,"effort":0.0,"time":0.0,"bugs":0.0},"loc":{"sloc":1.0,"ploc":1.0,"lloc":0.0,"cloc":0.0,"blank":0.0,"sloc_average":1.0,"ploc_average":1.0,"lloc_average":0.0,"cloc_average":0.0,"blank_average":0.0,"sloc_min":1.0,"sloc_max":1.0,"cloc_min":0.0,"cloc_max":0.0,"ploc_min":1.0,"ploc_max":1.0,"lloc_min":0.0,"lloc_max":0.0,"blank_min":0.0,"blank_max":0.0},"nom":{"functions":0.0,"closures":0.0,"functions_average":0.0,"closures_average":0.0,"total":0.0,"average":0.0,"functions_min":0.0,"functions_max":0.0,"closures_min":0.0,"closures_max":0.0},"mi":{"mi_original":null,"mi_sei":null,"mi_visual_studio":null},"abc":{"assignments":0.0,"branches":0.0,"conditions":0.0,"magnitude":0.0,"assignments_average":0.0,"branches_average":0.0,"conditions_average":0.0,"assignments_min":0.0,"assignments_max":0.0,"branches_min":0.0,"branches_max":0.0,"conditions_min":0.0,"conditions_max":0.0}}},{"name":"EXTERN","start_line":1081,"end_line":1081,"kind":"struct","spaces":[],"metrics":{"nargs":{"total_functions":0.0,"total_closures":0.0,"average_functions":0.0,"average_closures":0.0,"total":0.0,"average":0.0,"functions_min":0.0,"functions_max":0.0,"closures_min":0.0,"closures_max":0.0},"nexits":{"sum":0.0,"average":null,"min":0.0,"max":0.0},"cognitive":{"sum":0.0,"average":null,"min":0.0,"max":0.0},"cyclomatic":{"sum":1.0,"average":1.0,"min":1.0,"max":1.0},"halstead":{"n1":0.0,"N1":0.0,"n2":1.0,"N2":1.0,"length":1.0,"estimated_program_length":null,"purity_ratio":null,"vocabulary":1.0,"volume":0.0,"difficulty":0.0,"level":null,"effort":0.0,"time":0.0,"bugs":0.0},"loc":{"sloc":1.0,"ploc":1.0,"lloc":0.0,"cloc":0.0,"blank":0.0,"sloc_average":1.0,"ploc_average":1.0,"lloc_average":0.0,"cloc_average":0.0,"blank_average":0.0,"sloc_min":1.0,"sloc_max":1.0,"cloc_min":0.0,"cloc_max":0.0,"ploc_min":1.0,"ploc_max":1.0,"lloc_min":0.0,"lloc_max":0.0,"blank_min":0.0,"blank_max":0.0},"nom":{"functions":0.0,"closures":0.0,"functions_average":0.0,"closures_average":0.0,"total":0.0,"average":0.0,"functions_min":0.0,"functions_max":0.0,"closures_min":0.0,"closures_max":0.0},"mi":{"mi_original":null,"mi_sei":null,"mi_visual_studio":null},"abc":{"assignments":0.0,"branches":0.0,"conditions":0.0,"magnitude":0.0,"assignments_average":0.0,"branches_average":0.0,"conditions_average":0.0,"assignments_min":0.0,"assignments_max":0.0,"branches_min":0.0,"branches_max":0.0,"conditions_min":0.0,"conditions_max":0.0}}},{"name":"EXTERN","start_line":1126,"end_line":1126,"kind":"struct","spaces":[],"metrics":{"nargs":{"total_functions":0.0,"total_closures":0.0,"average_functions":0.0,"average_closures":0.0,"total":0.0,"average":0.0,"functions_min":0.0,"functions_max":0.0,"closures_min":0.0,"closures_max":0.0},"nexits":{"sum":0.0,"average":null,"min":0.0,"max":0.0},"cognitive":{"sum":0.0,"average":null,"min":0.0,"max":0.0},"cyclomatic":{"sum":1.0,"average":1.0,"min":1.0,"max":1.0},"halstead":{"n1":0.0,"N1":0.0,"n2":1.0,"N2":1.0,"length":1.0,"estimated_program_length":null,"purity_ratio":null,"vocabulary":1.0,"volume":0.0,"difficulty":0.0,"level":null,"effort":0.0,"time":0.0,"bugs":0.0},"loc":{"sloc":1.0,"ploc":1.0,"lloc":0.0,"cloc":0.0,"blank":0.0,"sloc_average":1.0,"ploc_average":1.0,"lloc_average":0.0,"cloc_average":0.0,"blank_average":0.0,"sloc_min":1.0,"sloc_max":1.0,"cloc_min":0.0,"cloc_max":0.0,"ploc_min":1.0,"ploc_max":1.0,"lloc_min":0.0,"lloc_max":0.0,"blank_min":0.0,"blank_max":0.0},"nom":{"functions":0.0,"closures":0.0,"functions_average":0.0,"closures_average":0.0,"total":0.0,"average":0.0,"functions_min":0.0,"functions_max":0.0,"closures_min":0.0,"closures_max":0.0},"mi":{"mi_original":null,"mi_sei":null,"mi_visual_studio":null},"abc":{"assignments":0.0,"branches":0.0,"conditions":0.0,"magnitude":0.0,"assignments_average":0.0,"branches_average":0.0,"conditions_average":0.0,"assignments_min":0.0,"assignments_max":0.0,"branches_min":0.0,"branches_max":0.0,"conditions_min":0.0,"conditions_max":0.0}}},{"name":"EXTERN","start_line":1171,"end_line":1171,"kind":"struct","spaces":[],"metrics":{"nargs":{"total_functions":0.0,"total_closures":0.0,"average_functions":0.0,"average_closures":0.0,"total":0.0,"average":0.0,"functions_min":0.0,"functions_max":0.0,"closures_min":0.0,"closures_max":0.0},"nexits":{"sum":0.0,"average":null,"min":0.0,"max":0.0},"cognitive":{"sum":0.0,"average":null,"min":0.0,"max":0.0},"cyclomatic":{"sum":1.0,"average":1.0,"min":1.0,"max":1.0},"halstead":{"n1":0.0,"N1":0.0,"n2":1.0,"N2":1.0,"length":1.0,"estimated_program_length":null,"purity_ratio":null,"vocabulary":1.0,"volume":0.0,"difficulty":0.0,"level":null,"effort":0.0,"time":0.0,"bugs":0.0},"loc":{"sloc":1.0,"ploc":1.0,"lloc":0.0,"cloc":0.0,"blank":0.0,"sloc_average":1.0,"ploc_average":1.0,"lloc_average":0.0,"cloc_average":0.0,"blank_average":0.0,"sloc_min":1.0,"sloc_max":1.0,"cloc_min":0.0,"cloc_max":0.0,"ploc_min":1.0,"ploc_max":1.0,"lloc_min":0.0,"lloc_max":0.0,"blank_min":0.0,"blank_max":0.0},"nom":{"functions":0.0,"closures":0.0,"functions_average":0.0,"closures_average":0.0,"total":0.0,"average":0.0,"functions_min":0.0,"functions_max":0.0,"closures_min":0.0,"closures_max":0.0},"mi":{"mi_original":null,"mi_sei":null,"mi_visual_studio":null},"abc":{"assignments":0.0,"branches":0.0,"conditions":0.0,"magnitude":0.0,"assignments_average":0.0,"branches_average":0.0,"conditions_average":0.0,"assignments_min":0.0,"assignments_max":0.0,"branches_min":0.0,"branches_max":0.0,"conditions_min":0.0,"conditions_max":0.0}}},{"name":"EXTERN","start_line":1216,"end_line":1216,"kind":"struct","spaces":[],"metrics":{"nargs":{"total_functions":0.0,"total_closures":0.0,"average_functions":0.0,"average_closures":0.0,"total":0.0,"average":0.0,"functions_min":0.0,"functions_max":0.0,"closures_min":0.0,"closures_max":0.0},"nexits":{"sum":0.0,"average":null,"min":0.0,"max":0.0},"cognitive":{"sum":0.0,"average":null,"min":0.0,"max":0.0},"cyclomatic":{"sum":1.0,"average":1.0,"min":1.0,"max":1.0},"halstead":{"n1":0.0,"N1":0.0,"n2":1.0,"N2":1.0,"length":1.0,"estimated_program_length":null,"purity_ratio":null,"vocabulary":1.0,"volume":0.0,"difficulty":0.0,"level":null,"effort":0.0,"time":0.0,"bugs":0.0},"loc":{"sloc":1.0,"ploc":1.0,"lloc":0.0,"cloc":0.0,"blank":0.0,"sloc_average":1.0,"ploc_average":1.0,"lloc_average":0.0,"cloc_average":0.0,"blank_average":0.0,"sloc_min":1.0,"sloc_max":1.0,"cloc_min":0.0,"cloc_max":0.0,"ploc_min":1.0,"ploc_max":1.0,"lloc_min":0.0,"lloc_max":0.0,"blank_min":0.0,"blank_max":0.0},"nom":{"functions":0.0,"closures":0.0,"functions_average":0.0,"closures_average":0.0,"total":0.0,"average":0.0,"functions_min":0.0,"functions_max":0.0,"closures_min":0.0,"closures_max":0.0},"mi":{"mi_original":null,"mi_sei":null,"mi_visual_studio":null},"abc":{"assignments":0.0,"branches":0.0,"conditions":0.0,"magnitude":0.0,"assignments_average":0.0,"branches_average":0.0,"conditions_average":0.0,"assignments_min":0.0,"assignments_max":0.0,"branches_min":0.0,"branches_max":0.0,"conditions_min":0.0,"conditions_max":0.0}}}],"metrics":{"nargs":{"total_functions":0.0,"total_closures":0.0,"average_functions":0.0,"average_closures":0.0,"total":0.0,"average":0.0,"functions_min":0.0,"functions_max":0.0,"closures_min":0.0,"closures_max":0.0},"nexits":{"sum":0.0,"average":null,"min":0.0,"max":0.0},"cognitive":{"sum":0.0,"average":null,"min":0.0,"max":0.0},"cyclomatic":{"sum":37.0,"average":1.0,"min":1.0,"max":1.0},"halstead":{"n1":9.0,"N1":1012.0,"n2":400.0,"N2":1477.0,"length":2489.0,"estimated_program_length":3486.071800922871,"purity_ratio":1.40059132218677,"vocabulary":409.0,"volume":21594.457054992014,"difficulty":16.61625,"level":0.06018205070337771,"effort":358818.89704001107,"time":19934.383168889504,"bugs":1.683173751596403},"loc":{"sloc":1287.0,"ploc":606.0,"lloc":244.0,"cloc":469.0,"blank":212.0,"sloc_average":34.78378378378378,"ploc_average":16.37837837837838,"lloc_average":6.594594594594595,"cloc_average":12.675675675675675,"blank_average":5.72972972972973,"sloc_min":1.0,"sloc_max":7.0,"cloc_min":0.0,"cloc_max":0.0,"ploc_min":1.0,"ploc_max":7.0,"lloc_min":0.0,"lloc_max":0.0,"blank_min":0.0,"blank_max":0.0},"nom":{"functions":0.0,"closures":0.0,"functions_average":0.0,"closures_average":0.0,"total":0.0,"average":0.0,"functions_min":0.0,"functions_max":0.0,"closures_min":0.0,"closures_max":0.0},"mi":{"mi_original":-5.400119266219548,"mi_sei":-39.488461734540834,"mi_visual_studio":0.0},"abc":{"assignments":0.0,"branches":0.0,"conditions":0.0,"magnitude":0.0,"assignments_average":0.0,"branches_average":0.0,"conditions_average":0.0,"assignments_min":0.0,"assignments_max":0.0,"branches_min":0.0,"branches_max":0.0,"conditions_min":0.0,"conditions_max":0.0}}}