{"name":"./src/PKIX1Implicit-2009Dec.c","start_line":1,"end_line":2718,"kind":"unit","spaces":[{"name":"asn1D_KeyIdentifier","start_line":12,"end_line":21,"kind":"function","spaces":[],"metrics":{"nargs":{"total_functions":4.0,"total_closures":0.0,"average_functions":4.0,"average_closures":0.0,"total":4.0,"average":4.0,"functions_min":4.0,"functions_max":4.0,"closures_min":0.0,"closures_max":0.0},"nexits":{"sum":2.0,"average":2.0,"min":2.0,"max":2.0},"cognitive":{"sum":1.0,"average":1.0,"min":1.0,"max":1.0},"cyclomatic":{"sum":2.0,"average":2.0,"min":2.0,"max":2.0},"halstead":{"n1":13.0,"N1":34.0,"n2":17.0,"N2":29.0,"length":63.0,"estimated_program_length":117.59258463708997,"purity_ratio":1.8665489624934917,"vocabulary":30.0,"volume":309.1341075233367,"difficulty":11.088235294117647,"level":0.09018567639257295,"effort":3427.7517216558217,"time":190.4306512031012,"bugs":0.07577948515842771},"loc":{"sloc":10.0,"ploc":8.0,"lloc":5.0,"cloc":0.0,"blank":2.0,"sloc_average":10.0,"ploc_average":8.0,"lloc_average":5.0,"cloc_average":0.0,"blank_average":2.0,"sloc_min":10.0,"sloc_max":10.0,"cloc_min":0.0,"cloc_max":0.0,"ploc_min":8.0,"ploc_max":8.0,"lloc_min":5.0,"lloc_max":5.0,"blank_min":2.0,"blank_max":2.0},"nom":{"functions":1.0,"closures":0.0,"functions_average":1.0,"closures_average":0.0,"total":1.0,"average":1.0,"functions_min":1.0,"functions_max":1.0,"closures_min":0.0,"closures_max":0.0},"mi":{"mi_original":103.4224905175878,"mi_sei":73.70990191290598,"mi_visual_studio":60.4809886067765},"abc":{"assignments":0.0,"branches":0.0,"conditions":0.0,"magnitude":0.0,"assignments_average":0.0,"branches_average":0.0,"conditions_average":0.0,"assignments_min":0.0,"assignments_max":0.0,"branches_min":0.0,"branches_max":0.0,"conditions_min":0.0,"conditions_max":0.0}}},{"name":"asn1D_KeyUsage","start_line":23,"end_line":36,"kind":"function","spaces":[],"metrics":{"nargs":{"total_functions":4.0,"total_closures":0.0,"average_functions":4.0,"average_closures":0.0,"total":4.0,"average":4.0,"functions_min":4.0,"functions_max":4.0,"closures_min":0.0,"closures_max":0.0},"nexits":{"sum":2.0,"average":2.0,"min":2.0,"max":2.0},"cognitive":{"sum":2.0,"average":2.0,"min":2.0,"max":2.0},"cyclomatic":{"sum":3.0,"average":3.0,"min":3.0,"max":3.0},"halstead":{"n1":13.0,"N1":42.0,"n2":18.0,"N2":36.0,"length":78.0,"estimated_program_length":123.1643663617958,"purity_ratio":1.579030337971741,"vocabulary":31.0,"volume":386.42731221017624,"difficulty":13.0,"level":0.07692307692307693,"effort":5023.555058732291,"time":279.086392151794,"bugs":0.09777313102339057},"loc":{"sloc":14.0,"ploc":12.0,"lloc":8.0,"cloc":0.0,"blank":2.0,"sloc_average":14.0,"ploc_average":12.0,"lloc_average":8.0,"cloc_average":0.0,"blank_average":2.0,"sloc_min":14.0,"sloc_max":14.0,"cloc_min":0.0,"cloc_max":0.0,"ploc_min":12.0,"ploc_max":12.0,"lloc_min":8.0,"lloc_max":8.0,"blank_min":2.0,"blank_max":2.0},"nom":{"functions":1.0,"closures":0.0,"functions_average":1.0,"closures_average":0.0,"total":1.0,"average":1.0,"functions_min":1.0,"functions_max":1.0,"closures_min":0.0,"closures_max":0.0},"mi":{"mi_original":96.58116358543936,"mi_sei":63.941773334199716,"mi_visual_studio":56.48021262306395},"abc":{"assignments":0.0,"branches":0.0,"conditions":0.0,"magnitude":0.0,"assignments_average":0.0,"branches_average":0.0,"conditions_average":0.0,"assignments_min":0.0,"assignments_max":0.0,"branches_min":0.0,"branches_max":0.0,"conditions_min":0.0,"conditions_max":0.0}}},{"name":"asn1D_CertPolicyId","start_line":38,"end_line":47,"kind":"function","spaces":[],"metrics":{"nargs":{"total_functions":4.0,"total_closures":0.0,"average_functions":4.0,"average_closures":0.0,"total":4.0,"average":4.0,"functions_min":4.0,"functions_max":4.0,"closures_min":0.0,"closures_max":0.0},"nexits":{"sum":2.0,"average":2.0,"min":2.0,"max":2.0},"cognitive":{"sum":1.0,"average":1.0,"min":1.0,"max":1.0},"cyclomatic":{"sum":2.0,"average":2.0,"min":2.0,"max":2.0},"halstead":{"n1":10.0,"N1":27.0,"n2":14.0,"N2":24.0,"length":51.0,"estimated_program_length":86.52224985768008,"purity_ratio":1.6965147030917662,"vocabulary":24.0,"volume":233.83308753677895,"difficulty":8.571428571428571,"level":0.11666666666666667,"effort":2004.2836074581053,"time":111.34908930322807,"bugs":0.052988894821003135},"loc":{"sloc":10.0,"ploc":8.0,"lloc":5.0,"cloc":0.0,"blank":2.0,"sloc_average":10.0,"ploc_average":8.0,"lloc_average":5.0,"cloc_average":0.0,"blank_average":2.0,"sloc_min":10.0,"sloc_max":10.0,"cloc_min":0.0,"cloc_max":0.0,"ploc_min":8.0,"ploc_max":8.0,"lloc_min":5.0,"lloc_max":5.0,"blank_min":2.0,"blank_max":2.0},"nom":{"functions":1.0,"closures":0.0,"functions_average":1.0,"closures_average":0.0,"total":1.0,"average":1.0,"functions_min":1.0,"functions_max":1.0,"closures_min":0.0,"closures_max":0.0},"mi":{"mi_original":104.87416218299124,"mi_sei":75.80422142558253,"mi_visual_studio":61.32991940525803},"abc":{"assignments":0.0,"branches":0.0,"conditions":0.0,"magnitude":0.0,"assignments_average":0.0,"branches_average":0.0,"conditions_average":0.0,"assignments_min":0.0,"assignments_max":0.0,"branches_min":0.0,"branches_max":0.0,"conditions_min":0.0,"conditions_max":0.0}}},{"name":"asn1D_CPSuri","start_line":49,"end_line":61,"kind":"function","spaces":[],"metrics":{"nargs":{"total_functions":4.0,"total_closures":0.0,"average_functions":4.0,"average_closures":0.0,"total":4.0,"average":4.0,"functions_min":4.0,"functions_max":4.0,"closures_min":0.0,"closures_max":0.0},"nexits":{"sum":2.0,"average":2.0,"min":2.0,"max":2.0},"cognitive":{"sum":2.0,"average":2.0,"min":2.0,"max":2.0},"cyclomatic":{"sum":3.0,"average":3.0,"min":3.0,"max":3.0},"halstead":{"n1":12.0,"N1":38.0,"n2":18.0,"N2":32.0,"length":70.0,"estimated_program_length":118.07820003461549,"purity_ratio":1.6868314290659356,"vocabulary":30.0,"volume":343.4823416925963,"difficulty":10.666666666666666,"level":0.09375,"effort":3663.8116447210273,"time":203.5450913733904,"bugs":0.0792198783272236},"loc":{"sloc":13.0,"ploc":11.0,"lloc":7.0,"cloc":0.0,"blank":2.0,"sloc_average":13.0,"ploc_average":11.0,"lloc_average":7.0,"cloc_average":0.0,"blank_average":2.0,"sloc_min":13.0,"sloc_max":13.0,"cloc_min":0.0,"cloc_max":0.0,"ploc_min":11.0,"ploc_max":11.0,"lloc_min":7.0,"lloc_max":7.0,"blank_min":2.0,"blank_max":2.0},"nom":{"functions":1.0,"closures":0.0,"functions_average":1.0,"closures_average":0.0,"total":1.0,"average":1.0,"functions_min":1.0,"functions_max":1.0,"closures_min":0.0,"closures_max":0.0},"mi":{"mi_original":98.39431475179376,"mi_sei":66.55759753028129,"mi_visual_studio":57.540534942569444},"abc":{"assignments":0.0,"branches":0.0,"conditions":0.0,"magnitude":0.0,"assignments_average":0.0,"branches_average":0.0,"conditions_average":0.0,"assignments_min":0.0,"assignments_max":0.0,"branches_min":0.0,"branches_max":0.0,"conditions_min":0.0,"conditions_max":0.0}}},{"name":"asn1D_BaseDistance","start_line":63,"end_line":72,"kind":"function","spaces":[],"metrics":{"nargs":{"total_functions":4.0,"total_closures":0.0,"average_functions":4.0,"average_closures":0.0,"total":4.0,"average":4.0,"functions_min":4.0,"functions_max":4.0,"closures_min":0.0,"closures_max":0.0},"nexits":{"sum":2.0,"average":2.0,"min":2.0,"max":2.0},"cognitive":{"sum":1.0,"average":1.0,"min":1.0,"max":1.0},"cyclomatic":{"sum":2.0,"average":2.0,"min":2.0,"max":2.0},"halstead":{"n1":10.0,"N1":27.0,"n2":14.0,"N2":24.0,"length":51.0,"estimated_program_length":86.52224985768008,"purity_ratio":1.6965147030917662,"vocabulary":24.0,"volume":233.83308753677895,"difficulty":8.571428571428571,"level":0.11666666666666667,"effort":2004.2836074581053,"time":111.34908930322807,"bugs":0.052988894821003135},"loc":{"sloc":10.0,"ploc":8.0,"lloc":5.0,"cloc":0.0,"blank":2.0,"sloc_average":10.0,"ploc_average":8.0,"lloc_average":5.0,"cloc_average":0.0,"blank_average":2.0,"sloc_min":10.0,"sloc_max":10.0,"cloc_min":0.0,"cloc_max":0.0,"ploc_min":8.0,"ploc_max":8.0,"lloc_min":5.0,"lloc_max":5.0,"blank_min":2.0,"blank_max":2.0},"nom":{"functions":1.0,"closures":0.0,"functions_average":1.0,"closures_average":0.0,"total":1.0,"average":1.0,"functions_min":1.0,"functions_max":1.0,"closures_min":0.0,"closures_max":0.0},"mi":{"mi_original":104.87416218299124,"mi_sei":75.80422142558253,"mi_visual_studio":61.32991940525803},"abc":{"assignments":0.0,"branches":0.0,"conditions":0.0,"magnitude":0.0,"assignments_average":0.0,"branches_average":0.0,"conditions_average":0.0,"assignments_min":0.0,"assignments_max":0.0,"branches_min":0.0,"branches_max":0.0,"conditions_min":0.0,"conditions_max":0.0}}},{"name":"asn1D_SkipCerts","start_line":74,"end_line":83,"kind":"function","spaces":[],"metrics":{"nargs":{"total_functions":4.0,"total_closures":0.0,"average_functions":4.0,"average_closures":0.0,"total":4.0,"average":4.0,"functions_min":4.0,"functions_max":4.0,"closures_min":0.0,"closures_max":0.0},"nexits":{"sum":2.0,"average":2.0,"min":2.0,"max":2.0},"cognitive":{"sum":1.0,"average":1.0,"min":1.0,"max":1.0},"cyclomatic":{"sum":2.0,"average":2.0,"min":2.0,"max":2.0},"halstead":{"n1":10.0,"N1":27.0,"n2":14.0,"N2":24.0,"length":51.0,"estimated_program_length":86.52224985768008,"purity_ratio":1.6965147030917662,"vocabulary":24.0,"volume":233.83308753677895,"difficulty":8.571428571428571,"level":0.11666666666666667,"effort":2004.2836074581053,"time":111.34908930322807,"bugs":0.052988894821003135},"loc":{"sloc":10.0,"ploc":8.0,"lloc":5.0,"cloc":0.0,"blank":2.0,"sloc_average":10.0,"ploc_average":8.0,"lloc_average":5.0,"cloc_average":0.0,"blank_average":2.0,"sloc_min":10.0,"sloc_max":10.0,"cloc_min":0.0,"cloc_max":0.0,"ploc_min":8.0,"ploc_max":8.0,"lloc_min":5.0,"lloc_max":5.0,"blank_min":2.0,"blank_max":2.0},"nom":{"functions":1.0,"closures":0.0,"functions_average":1.0,"closures_average":0.0,"total":1.0,"average":1.0,"functions_min":1.0,"functions_max":1.0,"closures_min":0.0,"closures_max":0.0},"mi":{"mi_original":104.87416218299124,"mi_sei":75.80422142558253,"mi_visual_studio":61.32991940525803},"abc":{"assignments":0.0,"branches":0.0,"conditions":0.0,"magnitude":0.0,"assignments_average":0.0,"branches_average":0.0,"conditions_average":0.0,"assignments_min":0.0,"assignments_max":0.0,"branches_min":0.0,"branches_max":0.0,"conditions_min":0.0,"conditions_max":0.0}}},{"name":"asn1D_ReasonFlags","start_line":85,"end_line":95,"kind":"function","spaces":[],"metrics":{"nargs":{"total_functions":4.0,"total_closures":0.0,"average_functions":4.0,"average_closures":0.0,"total":4.0,"average":4.0,"functions_min":4.0,"functions_max":4.0,"closures_min":0.0,"closures_max":0.0},"nexits":{"sum":2.0,"average":2.0,"min":2.0,"max":2.0},"cognitive":{"sum":1.0,"average":1.0,"min":1.0,"max":1.0},"cyclomatic":{"sum":2.0,"average":2.0,"min":2.0,"max":2.0},"halstead":{"n1":12.0,"N1":35.0,"n2":17.0,"N2":31.0,"length":66.0,"estimated_program_length":112.50641830990963,"purity_ratio":1.7046427016652974,"vocabulary":29.0,"volume":320.62674567841975,"difficulty":10.941176470588236,"level":0.0913978494623656,"effort":3508.0338056580044,"time":194.89076698100024,"bugs":0.07695814516526404},"loc":{"sloc":11.0,"ploc":9.0,"lloc":6.0,"cloc":0.0,"blank":2.0,"sloc_average":11.0,"ploc_average":9.0,"lloc_average":6.0,"cloc_average":0.0,"blank_average":2.0,"sloc_min":11.0,"sloc_max":11.0,"cloc_min":0.0,"cloc_max":0.0,"ploc_min":9.0,"ploc_max":9.0,"lloc_min":6.0,"lloc_max":6.0,"blank_min":2.0,"blank_max":2.0},"nom":{"functions":1.0,"closures":0.0,"functions_average":1.0,"closures_average":0.0,"total":1.0,"average":1.0,"functions_min":1.0,"functions_max":1.0,"closures_min":0.0,"closures_max":0.0},"mi":{"mi_original":101.68865274595578,"mi_sei":71.20850275806649,"mi_visual_studio":59.46704838944782},"abc":{"assignments":0.0,"branches":0.0,"conditions":0.0,"magnitude":0.0,"assignments_average":0.0,"branches_average":0.0,"conditions_average":0.0,"assignments_min":0.0,"assignments_max":0.0,"branches_min":0.0,"branches_max":0.0,"conditions_min":0.0,"conditions_max":0.0}}},{"name":"asn1D_KeyPurposeId","start_line":97,"end_line":106,"kind":"function","spaces":[],"metrics":{"nargs":{"total_functions":4.0,"total_closures":0.0,"average_functions":4.0,"average_closures":0.0,"total":4.0,"average":4.0,"functions_min":4.0,"functions_max":4.0,"closures_min":0.0,"closures_max":0.0},"nexits":{"sum":2.0,"average":2.0,"min":2.0,"max":2.0},"cognitive":{"sum":1.0,"average":1.0,"min":1.0,"max":1.0},"cyclomatic":{"sum":2.0,"average":2.0,"min":2.0,"max":2.0},"halstead":{"n1":10.0,"N1":27.0,"n2":14.0,"N2":24.0,"length":51.0,"estimated_program_length":86.52224985768008,"purity_ratio":1.6965147030917662,"vocabulary":24.0,"volume":233.83308753677895,"difficulty":8.571428571428571,"level":0.11666666666666667,"effort":2004.2836074581053,"time":111.34908930322807,"bugs":0.052988894821003135},"loc":{"sloc":10.0,"ploc":8.0,"lloc":5.0,"cloc":0.0,"blank":2.0,"sloc_average":10.0,"ploc_average":8.0,"lloc_average":5.0,"cloc_average":0.0,"blank_average":2.0,"sloc_min":10.0,"sloc_max":10.0,"cloc_min":0.0,"cloc_max":0.0,"ploc_min":8.0,"ploc_max":8.0,"lloc_min":5.0,"lloc_max":5.0,"blank_min":2.0,"blank_max":2.0},"nom":{"functions":1.0,"closures":0.0,"functions_average":1.0,"closures_average":0.0,"total":1.0,"average":1.0,"functions_min":1.0,"functions_max":1.0,"closures_min":0.0,"closures_max":0.0},"mi":{"mi_original":104.87416218299124,"mi_sei":75.80422142558253,"mi_visual_studio":61.32991940525803},"abc":{"assignments":0.0,"branches":0.0,"conditions":0.0,"magnitude":0.0,"assignments_average":0.0,"branches_average":0.0,"conditions_average":0.0,"assignments_min":0.0,"assignments_max":0.0,"branches_min":0.0,"branches_max":0.0,"conditions_min":0.0,"conditions_max":0.0}}},{"name":"asn1D_CRLNumber","start_line":108,"end_line":120,"kind":"function","spaces":[],"metrics":{"nargs":{"total_functions":4.0,"total_closures":0.0,"average_functions":4.0,"average_closures":0.0,"total":4.0,"average":4.0,"functions_min":4.0,"functions_max":4.0,"closures_min":0.0,"closures_max":0.0},"nexits":{"sum":2.0,"average":2.0,"min":2.0,"max":2.0},"cognitive":{"sum":2.0,"average":2.0,"min":2.0,"max":2.0},"cyclomatic":{"sum":3.0,"average":3.0,"min":3.0,"max":3.0},"halstead":{"n1":11.0,"N1":34.0,"n2":15.0,"N2":29.0,"length":63.0,"estimated_program_length":96.65710673913804,"purity_ratio":1.5342397895101276,"vocabulary":26.0,"volume":296.1277022428888,"difficulty":10.633333333333333,"level":0.09404388714733543,"effort":3148.8245671827176,"time":174.93469817681765,"bugs":0.07161066752168917},"loc":{"sloc":13.0,"ploc":11.0,"lloc":7.0,"cloc":0.0,"blank":2.0,"sloc_average":13.0,"ploc_average":11.0,"lloc_average":7.0,"cloc_average":0.0,"blank_average":2.0,"sloc_min":13.0,"sloc_max":13.0,"cloc_min":0.0,"cloc_max":0.0,"ploc_min":11.0,"ploc_max":11.0,"lloc_min":7.0,"lloc_max":7.0,"blank_min":2.0,"blank_max":2.0},"nom":{"functions":1.0,"closures":0.0,"functions_average":1.0,"closures_average":0.0,"total":1.0,"average":1.0,"functions_min":1.0,"functions_max":1.0,"closures_min":0.0,"closures_max":0.0},"mi":{"mi_original":99.1657083126533,"mi_sei":67.67048319510702,"mi_visual_studio":57.991642288101346},"abc":{"assignments":0.0,"branches":0.0,"conditions":0.0,"magnitude":0.0,"assignments_average":0.0,"branches_average":0.0,"conditions_average":0.0,"assignments_min":0.0,"assignments_max":0.0,"branches_min":0.0,"branches_max":0.0,"conditions_min":0.0,"conditions_max":0.0}}},{"name":"asn1D_CRLReason","start_line":122,"end_line":134,"kind":"function","spaces":[],"metrics":{"nargs":{"total_functions":4.0,"total_closures":0.0,"average_functions":4.0,"average_closures":0.0,"total":4.0,"average":4.0,"functions_min":4.0,"functions_max":4.0,"closures_min":0.0,"closures_max":0.0},"nexits":{"sum":2.0,"average":2.0,"min":2.0,"max":2.0},"cognitive":{"sum":2.0,"average":2.0,"min":2.0,"max":2.0},"cyclomatic":{"sum":3.0,"average":3.0,"min":3.0,"max":3.0},"halstead":{"n1":11.0,"N1":34.0,"n2":15.0,"N2":29.0,"length":63.0,"estimated_program_length":96.65710673913804,"purity_ratio":1.5342397895101276,"vocabulary":26.0,"volume":296.1277022428888,"difficulty":10.633333333333333,"level":0.09404388714733543,"effort":3148.8245671827176,"time":174.93469817681765,"bugs":0.07161066752168917},"loc":{"sloc":13.0,"ploc":11.0,"lloc":7.0,"cloc":0.0,"blank":2.0,"sloc_average":13.0,"ploc_average":11.0,"lloc_average":7.0,"cloc_average":0.0,"blank_average":2.0,"sloc_min":13.0,"sloc_max":13.0,"cloc_min":0.0,"cloc_max":0.0,"ploc_min":11.0,"ploc_max":11.0,"lloc_min":7.0,"lloc_max":7.0,"blank_min":2.0,"blank_max":2.0},"nom":{"functions":1.0,"closures":0.0,"functions_average":1.0,"closures_average":0.0,"total":1.0,"average":1.0,"functions_min":1.0,"functions_max":1.0,"closures_min":0.0,"closures_max":0.0},"mi":{"mi_original":99.1657083126533,"mi_sei":67.67048319510702,"mi_visual_studio":57.991642288101346},"abc":{"assignments":0.0,"branches":0.0,"conditions":0.0,"magnitude":0.0,"assignments_average":0.0,"branches_average":0.0,"conditions_average":0.0,"assignments_min":0.0,"assignments_max":0.0,"branches_min":0.0,"branches_max":0.0,"conditions_min":0.0,"conditions_max":0.0}}},{"name":"asn1D__ext_CRLNumber_ExtnType","start_line":136,"end_line":147,"kind":"function","spaces":[],"metrics":{"nargs":{"total_functions":4.0,"total_closures":0.0,"average_functions":4.0,"average_closures":0.0,"total":4.0,"average":4.0,"functions_min":4.0,"functions_max":4.0,"closures_min":0.0,"closures_max":0.0},"nexits":{"sum":2.0,"average":2.0,"min":2.0,"max":2.0},"cognitive":{"sum":1.0,"average":1.0,"min":1.0,"max":1.0},"cyclomatic":{"sum":2.0,"average":2.0,"min":2.0,"max":2.0},"halstead":{"n1":10.0,"N1":33.0,"n2":15.0,"N2":27.0,"length":60.0,"estimated_program_length":91.82263988300141,"purity_ratio":1.5303773313833569,"vocabulary":25.0,"volume":278.63137138648347,"difficulty":9.0,"level":0.1111111111111111,"effort":2507.682342478351,"time":139.31568569324173,"bugs":0.06152624727242975},"loc":{"sloc":12.0,"ploc":9.0,"lloc":6.0,"cloc":0.0,"blank":3.0,"sloc_average":12.0,"ploc_average":9.0,"lloc_average":6.0,"cloc_average":0.0,"blank_average":3.0,"sloc_min":12.0,"sloc_max":12.0,"cloc_min":0.0,"cloc_max":0.0,"ploc_min":9.0,"ploc_max":9.0,"lloc_min":6.0,"lloc_max":6.0,"blank_min":3.0,"blank_max":3.0},"nom":{"functions":1.0,"closures":0.0,"functions_average":1.0,"closures_average":0.0,"total":1.0,"average":1.0,"functions_min":1.0,"functions_max":1.0,"closures_min":0.0,"closures_max":0.0},"mi":{"mi_original":101.00908604824212,"mi_sei":70.22809525332168,"mi_visual_studio":59.06964096388429},"abc":{"assignments":0.0,"branches":0.0,"conditions":0.0,"magnitude":0.0,"assignments_average":0.0,"branches_average":0.0,"conditions_average":0.0,"assignments_min":0.0,"assignments_max":0.0,"branches_min":0.0,"branches_max":0.0,"conditions_min":0.0,"conditions_max":0.0}}},{"name":"asn1D_GeneralName_otherName","start_line":149,"end_line":231,"kind":"function","spaces":[],"metrics":{"nargs":{"total_functions":4.0,"total_closures":0.0,"average_functions":4.0,"average_closures":0.0,"total":4.0,"average":4.0,"functions_min":4.0,"functions_max":4.0,"closures_min":0.0,"closures_max":0.0},"nexits":{"sum":9.0,"average":9.0,"min":9.0,"max":9.0},"cognitive":{"sum":39.0,"average":39.0,"min":39.0,"max":39.0},"cyclomatic":{"sum":17.0,"average":17.0,"min":17.0,"max":17.0},"halstead":{"n1":27.0,"N1":226.0,"n2":55.0,"N2":154.0,"length":380.0,"estimated_program_length":446.3567468022699,"purity_ratio":1.1746230179007102,"vocabulary":82.0,"volume":2415.869761754872,"difficulty":37.8,"level":0.026455026455026457,"effort":91319.87699433415,"time":5073.32649968523,"bugs":0.6759620128427621},"loc":{"sloc":83.0,"ploc":65.0,"lloc":60.0,"cloc":3.0,"blank":15.0,"sloc_average":83.0,"ploc_average":65.0,"lloc_average":60.0,"cloc_average":3.0,"blank_average":15.0,"sloc_min":83.0,"sloc_max":83.0,"cloc_min":3.0,"cloc_max":3.0,"ploc_min":65.0,"ploc_max":65.0,"lloc_min":60.0,"lloc_max":60.0,"blank_min":15.0,"blank_max":15.0},"nom":{"functions":1.0,"closures":0.0,"functions_average":1.0,"closures_average":0.0,"total":1.0,"average":1.0,"functions_min":1.0,"functions_max":1.0,"closures_min":0.0,"closures_max":0.0},"mi":{"mi_original":54.99774596827004,"mi_sei":19.88949125762454,"mi_visual_studio":32.16242454284797},"abc":{"assignments":0.0,"branches":0.0,"conditions":0.0,"magnitude":0.0,"assignments_average":0.0,"branches_average":0.0,"conditions_average":0.0,"assignments_min":0.0,"assignments_max":0.0,"branches_min":0.0,"branches_max":0.0,"conditions_min":0.0,"conditions_max":0.0}}},{"name":"asn1D_EDIPartyName_nameAssigner","start_line":233,"end_line":323,"kind":"function","spaces":[],"metrics":{"nargs":{"total_functions":4.0,"total_closures":0.0,"average_functions":4.0,"average_closures":0.0,"total":4.0,"average":4.0,"functions_min":4.0,"functions_max":4.0,"closures_min":0.0,"closures_max":0.0},"nexits":{"sum":9.0,"average":9.0,"min":9.0,"max":9.0},"cognitive":{"sum":15.0,"average":15.0,"min":15.0,"max":15.0},"cyclomatic":{"sum":14.0,"average":14.0,"min":14.0,"max":14.0},"halstead":{"n1":22.0,"N1":235.0,"n2":48.0,"N2":173.0,"length":408.0,"estimated_program_length":366.18569564463604,"purity_ratio":0.8975139599133236,"vocabulary":70.0,"volume":2500.7474709135463,"difficulty":39.645833333333336,"level":0.025223331581713082,"effort":99144.2174405933,"time":5508.012080032961,"bugs":0.7140418580062169},"loc":{"sloc":91.0,"ploc":60.0,"lloc":54.0,"cloc":6.0,"blank":25.0,"sloc_average":91.0,"ploc_average":60.0,"lloc_average":54.0,"cloc_average":6.0,"blank_average":25.0,"sloc_min":91.0,"sloc_max":91.0,"cloc_min":6.0,"cloc_max":6.0,"ploc_min":60.0,"ploc_max":60.0,"lloc_min":54.0,"lloc_max":54.0,"blank_min":25.0,"blank_max":25.0},"nom":{"functions":1.0,"closures":0.0,"functions_average":1.0,"closures_average":0.0,"total":1.0,"average":1.0,"functions_min":1.0,"functions_max":1.0,"closures_min":0.0,"closures_max":0.0},"mi":{"mi_original":54.01748223085234,"mi_sei":23.024754590537402,"mi_visual_studio":31.589170895235284},"abc":{"assignments":0.0,"branches":0.0,"conditions":0.0,"magnitude":0.0,"assignments_average":0.0,"branches_average":0.0,"conditions_average":0.0,"assignments_min":0.0,"assignments_max":0.0,"branches_min":0.0,"branches_max":0.0,"conditions_min":0.0,"conditions_max":0.0}}},{"name":"asn1D_EDIPartyName_partyName","start_line":325,"end_line":415,"kind":"function","spaces":[],"metrics":{"nargs":{"total_functions":4.0,"total_closures":0.0,"average_functions":4.0,"average_closures":0.0,"total":4.0,"average":4.0,"functions_min":4.0,"functions_max":4.0,"closures_min":0.0,"closures_max":0.0},"nexits":{"sum":9.0,"average":9.0,"min":9.0,"max":9.0},"cognitive":{"sum":15.0,"average":15.0,"min":15.0,"max":15.0},"cyclomatic":{"sum":14.0,"average":14.0,"min":14.0,"max":14.0},"halstead":{"n1":22.0,"N1":235.0,"n2":48.0,"N2":173.0,"length":408.0,"estimated_program_length":366.18569564463604,"purity_ratio":0.8975139599133236,"vocabulary":70.0,"volume":2500.7474709135463,"difficulty":39.645833333333336,"level":0.025223331581713082,"effort":99144.2174405933,"time":5508.012080032961,"bugs":0.7140418580062169},"loc":{"sloc":91.0,"ploc":60.0,"lloc":54.0,"cloc":6.0,"blank":25.0,"sloc_average":91.0,"ploc_average":60.0,"lloc_average":54.0,"cloc_average":6.0,"blank_average":25.0,"sloc_min":91.0,"sloc_max":91.0,"cloc_min":6.0,"cloc_max":6.0,"ploc_min":60.0,"ploc_max":60.0,"lloc_min":54.0,"lloc_max":54.0,"blank_min":25.0,"blank_max":25.0},"nom":{"functions":1.0,"closures":0.0,"functions_average":1.0,"closures_average":0.0,"total":1.0,"average":1.0,"functions_min":1.0,"functions_max":1.0,"closures_min":0.0,"closures_max":0.0},"mi":{"mi_original":54.01748223085234,"mi_sei":23.024754590537402,"mi_visual_studio":31.589170895235284},"abc":{"assignments":0.0,"branches":0.0,"conditions":0.0,"magnitude":0.0,"assignments_average":0.0,"branches_average":0.0,"conditions_average":0.0,"assignments_min":0.0,"assignments_max":0.0,"branches_min":0.0,"branches_max":0.0,"conditions_min":0.0,"conditions_max":0.0}}},{"name":"asn1D_EDIPartyName","start_line":417,"end_line":500,"kind":"function","spaces":[],"metrics":{"nargs":{"total_functions":4.0,"total_closures":0.0,"average_functions":4.0,"average_closures":0.0,"total":4.0,"average":4.0,"functions_min":4.0,"functions_max":4.0,"closures_min":0.0,"closures_max":0.0},"nexits":{"sum":7.0,"average":7.0,"min":7.0,"max":7.0},"cognitive":{"sum":30.0,"average":30.0,"min":30.0,"max":30.0},"cyclomatic":{"sum":17.0,"average":17.0,"min":17.0,"max":17.0},"halstead":{"n1":28.0,"N1":218.0,"n2":53.0,"N2":149.0,"length":367.0,"estimated_program_length":438.1857219094625,"purity_ratio":1.193966544712432,"vocabulary":81.0,"volume":2326.724951058657,"difficulty":39.35849056603774,"level":0.025407478427612654,"effort":91576.38203600678,"time":5087.576779778155,"bugs":0.6772272108899783},"loc":{"sloc":84.0,"ploc":68.0,"lloc":57.0,"cloc":3.0,"blank":13.0,"sloc_average":84.0,"ploc_average":68.0,"lloc_average":57.0,"cloc_average":3.0,"blank_average":13.0,"sloc_min":84.0,"sloc_max":84.0,"cloc_min":3.0,"cloc_max":3.0,"ploc_min":68.0,"ploc_max":68.0,"lloc_min":57.0,"lloc_max":57.0,"blank_min":13.0,"blank_max":13.0},"nom":{"functions":1.0,"closures":0.0,"functions_average":1.0,"closures_average":0.0,"total":1.0,"average":1.0,"functions_min":1.0,"functions_max":1.0,"closures_min":0.0,"closures_max":0.0},"mi":{"mi_original":54.999239680399654,"mi_sei":19.807490015349984,"mi_visual_studio":32.163298058713245},"abc":{"assignments":0.0,"branches":0.0,"conditions":0.0,"magnitude":0.0,"assignments_average":0.0,"branches_average":0.0,"conditions_average":0.0,"assignments_min":0.0,"assignments_max":0.0,"branches_min":0.0,"branches_max":0.0,"conditions_min":0.0,"conditions_max":0.0}}},{"name":"asn1D_GeneralName","start_line":502,"end_line":647,"kind":"function","spaces":[],"metrics":{"nargs":{"total_functions":4.0,"total_closures":0.0,"average_functions":4.0,"average_closures":0.0,"total":4.0,"average":4.0,"functions_min":4.0,"functions_max":4.0,"closures_min":0.0,"closures_max":0.0},"nexits":{"sum":14.0,"average":14.0,"min":14.0,"max":14.0},"cognitive":{"sum":24.0,"average":24.0,"min":24.0,"max":24.0},"cyclomatic":{"sum":22.0,"average":22.0,"min":22.0,"max":22.0},"halstead":{"n1":22.0,"N1":387.0,"n2":63.0,"N2":287.0,"length":674.0,"estimated_program_length":474.6761307905153,"purity_ratio":0.7042672563657497,"vocabulary":85.0,"volume":4319.929490956811,"difficulty":50.111111111111114,"level":0.019955654101995565,"effort":216476.46671350242,"time":12026.470372972357,"bugs":1.2017640433883494},"loc":{"sloc":146.0,"ploc":92.0,"lloc":89.0,"cloc":10.0,"blank":44.0,"sloc_average":146.0,"ploc_average":92.0,"lloc_average":89.0,"cloc_average":10.0,"blank_average":44.0,"sloc_min":146.0,"sloc_max":146.0,"cloc_min":10.0,"cloc_max":10.0,"ploc_min":92.0,"ploc_max":92.0,"lloc_min":89.0,"lloc_max":89.0,"blank_min":44.0,"blank_max":44.0},"nom":{"functions":1.0,"closures":0.0,"functions_average":1.0,"closures_average":0.0,"total":1.0,"average":1.0,"functions_min":1.0,"functions_max":1.0,"closures_min":0.0,"closures_max":0.0},"mi":{"mi_original":41.67640205857559,"mi_sei":6.38679136425295,"mi_visual_studio":24.37216494653543},"abc":{"assignments":0.0,"branches":0.0,"conditions":0.0,"magnitude":0.0,"assignments_average":0.0,"branches_average":0.0,"conditions_average":0.0,"assignments_min":0.0,"assignments_max":0.0,"branches_min":0.0,"branches_max":0.0,"conditions_min":0.0,"conditions_max":0.0}}},{"name":"asn1D_GeneralNames","start_line":649,"end_line":686,"kind":"function","spaces":[],"metrics":{"nargs":{"total_functions":4.0,"total_closures":0.0,"average_functions":4.0,"average_closures":0.0,"total":4.0,"average":4.0,"functions_min":4.0,"functions_max":4.0,"closures_min":0.0,"closures_max":0.0},"nexits":{"sum":5.0,"average":5.0,"min":5.0,"max":5.0},"cognitive":{"sum":9.0,"average":9.0,"min":9.0,"max":9.0},"cyclomatic":{"sum":7.0,"average":7.0,"min":7.0,"max":7.0},"halstead":{"n1":20.0,"N1":91.0,"n2":31.0,"N2":68.0,"length":159.0,"estimated_program_length":240.0186475197404,"purity_ratio":1.5095512422625181,"vocabulary":51.0,"volume":901.9156293734677,"difficulty":21.93548387096774,"level":0.04558823529411765,"effort":19783.95574109542,"time":1099.1086522830788,"bugs":0.24383020276141554},"loc":{"sloc":38.0,"ploc":28.0,"lloc":23.0,"cloc":1.0,"blank":9.0,"sloc_average":38.0,"ploc_average":28.0,"lloc_average":23.0,"cloc_average":1.0,"blank_average":9.0,"sloc_min":38.0,"sloc_max":38.0,"cloc_min":1.0,"cloc_max":1.0,"ploc_min":28.0,"ploc_max":28.0,"lloc_min":23.0,"lloc_max":23.0,"blank_min":9.0,"blank_max":9.0},"nom":{"functions":1.0,"closures":0.0,"functions_average":1.0,"closures_average":0.0,"total":1.0,"average":1.0,"functions_min":1.0,"functions_max":1.0,"closures_min":0.0,"closures_max":0.0},"mi":{"mi_original":75.07759512471213,"mi_sei":45.759725851699045,"mi_visual_studio":43.90502638872054},"abc":{"assignments":0.0,"branches":0.0,"conditions":0.0,"magnitude":0.0,"assignments_average":0.0,"branches_average":0.0,"conditions_average":0.0,"assignments_min":0.0,"assignments_max":0.0,"branches_min":0.0,"branches_max":0.0,"conditions_min":0.0,"conditions_max":0.0}}},{"name":"asn1D_AuthorityKeyIdentifier","start_line":688,"end_line":819,"kind":"function","spaces":[],"metrics":{"nargs":{"total_functions":4.0,"total_closures":0.0,"average_functions":4.0,"average_closures":0.0,"total":4.0,"average":4.0,"functions_min":4.0,"functions_max":4.0,"closures_min":0.0,"closures_max":0.0},"nexits":{"sum":13.0,"average":13.0,"min":13.0,"max":13.0},"cognitive":{"sum":79.0,"average":79.0,"min":79.0,"max":79.0},"cyclomatic":{"sum":28.0,"average":28.0,"min":28.0,"max":28.0},"halstead":{"n1":27.0,"N1":368.0,"n2":63.0,"N2":251.0,"length":619.0,"estimated_program_length":504.9505977389084,"purity_ratio":0.8157521772841816,"vocabulary":90.0,"volume":4018.457066628069,"difficulty":53.785714285714285,"level":0.01859229747675963,"effort":216135.58365506685,"time":12007.532425281492,"bugs":1.2005021091654249},"loc":{"sloc":132.0,"ploc":107.0,"lloc":91.0,"cloc":4.0,"blank":21.0,"sloc_average":132.0,"ploc_average":107.0,"lloc_average":91.0,"cloc_average":4.0,"blank_average":21.0,"sloc_min":132.0,"sloc_max":132.0,"cloc_min":4.0,"cloc_max":4.0,"ploc_min":107.0,"ploc_max":107.0,"lloc_min":91.0,"lloc_max":91.0,"blank_min":21.0,"blank_max":21.0},"nom":{"functions":1.0,"closures":0.0,"functions_average":1.0,"closures_average":0.0,"total":1.0,"average":1.0,"functions_min":1.0,"functions_max":1.0,"closures_min":0.0,"closures_max":0.0},"mi":{"mi_original":42.30561172703817,"mi_sei":1.5053484779013395,"mi_visual_studio":24.740123816981384},"abc":{"assignments":0.0,"branches":0.0,"conditions":0.0,"magnitude":0.0,"assignments_average":0.0,"branches_average":0.0,"conditions_average":0.0,"assignments_min":0.0,"assignments_max":0.0,"branches_min":0.0,"branches_max":0.0,"conditions_min":0.0,"conditions_max":0.0}}},{"name":"asn1D_PrivateKeyUsagePeriod","start_line":821,"end_line":922,"kind":"function","spaces":[],"metrics":{"nargs":{"total_functions":4.0,"total_closures":0.0,"average_functions":4.0,"average_closures":0.0,"total":4.0,"average":4.0,"functions_min":4.0,"functions_max":4.0,"closures_min":0.0,"closures_max":0.0},"nexits":{"sum":10.0,"average":10.0,"min":10.0,"max":10.0},"cognitive":{"sum":58.0,"average":58.0,"min":58.0,"max":58.0},"cyclomatic":{"sum":21.0,"average":21.0,"min":21.0,"max":21.0},"halstead":{"n1":27.0,"N1":291.0,"n2":58.0,"N2":202.0,"length":493.0,"estimated_program_length":468.1448602758128,"purity_ratio":0.9495838950827845,"vocabulary":85.0,"volume":3159.829731515887,"difficulty":47.01724137931034,"level":0.02126879354602127,"effort":148566.47720420384,"time":8253.693178011325,"bugs":0.9350308979355403},"loc":{"sloc":102.0,"ploc":83.0,"lloc":71.0,"cloc":3.0,"blank":16.0,"sloc_average":102.0,"ploc_average":83.0,"lloc_average":71.0,"cloc_average":3.0,"blank_average":16.0,"sloc_min":102.0,"sloc_max":102.0,"cloc_min":3.0,"cloc_max":3.0,"ploc_min":83.0,"ploc_max":83.0,"lloc_min":71.0,"lloc_max":71.0,"blank_min":16.0,"blank_max":16.0},"nom":{"functions":1.0,"closures":0.0,"functions_average":1.0,"closures_average":0.0,"total":1.0,"average":1.0,"functions_min":1.0,"functions_max":1.0,"closures_min":0.0,"closures_max":0.0},"mi":{"mi_original":49.34241862676748,"mi_sei":10.751916684991652,"mi_visual_studio":28.855215571209055},"abc":{"assignments":0.0,"branches":0.0,"conditions":0.0,"magnitude":0.0,"assignments_average":0.0,"branches_average":0.0,"conditions_average":0.0,"assignments_min":0.0,"assignments_max":0.0,"branches_min":0.0,"branches_max":0.0,"conditions_min":0.0,"conditions_max":0.0}}},{"name":"asn1D_PolicyQualifierInfo","start_line":924,"end_line":991,"kind":"function","spaces":[],"metrics":{"nargs":{"total_functions":4.0,"total_closures":0.0,"average_functions":4.0,"average_closures":0.0,"total":4.0,"average":4.0,"functions_min":4.0,"functions_max":4.0,"closures_min":0.0,"closures_max":0.0},"nexits":{"sum":7.0,"average":7.0,"min":7.0,"max":7.0},"cognitive":{"sum":22.0,"average":22.0,"min":22.0,"max":22.0},"cyclomatic":{"sum":12.0,"average":12.0,"min":12.0,"max":12.0},"halstead":{"n1":26.0,"N1":174.0,"n2":44.0,"N2":119.0,"length":293.0,"estimated_program_length":362.4264238917095,"purity_ratio":1.2369502521901348,"vocabulary":70.0,"volume":1795.8799239648752,"difficulty":35.15909090909091,"level":0.028442146089204916,"effort":63141.50550849231,"time":3507.8614171384615,"bugs":0.5285531926197683},"loc":{"sloc":68.0,"ploc":52.0,"lloc":48.0,"cloc":3.0,"blank":13.0,"sloc_average":68.0,"ploc_average":52.0,"lloc_average":48.0,"cloc_average":3.0,"blank_average":13.0,"sloc_min":68.0,"sloc_max":68.0,"cloc_min":3.0,"cloc_max":3.0,"ploc_min":52.0,"ploc_max":52.0,"lloc_min":48.0,"lloc_max":48.0,"blank_min":13.0,"blank_max":13.0},"nom":{"functions":1.0,"closures":0.0,"functions_average":1.0,"closures_average":0.0,"total":1.0,"average":1.0,"functions_min":1.0,"functions_max":1.0,"closures_min":0.0,"closures_max":0.0},"mi":{"mi_original":60.919073152585256,"mi_sei":29.39281773691036,"mi_visual_studio":35.62518897812003},"abc":{"assignments":0.0,"branches":0.0,"conditions":0.0,"magnitude":0.0,"assignments_average":0.0,"branches_average":0.0,"conditions_average":0.0,"assignments_min":0.0,"assignments_max":0.0,"branches_min":0.0,"branches_max":0.0,"conditions_min":0.0,"conditions_max":0.0}}},{"name":"asn1D_PolicyInformation_policyQualifiers","start_line":993,"end_line":1031,"kind":"function","spaces":[],"metrics":{"nargs":{"total_functions":4.0,"total_closures":0.0,"average_functions":4.0,"average_closures":0.0,"total":4.0,"average":4.0,"functions_min":4.0,"functions_max":4.0,"closures_min":0.0,"closures_max":0.0},"nexits":{"sum":5.0,"average":5.0,"min":5.0,"max":5.0},"cognitive":{"sum":9.0,"average":9.0,"min":9.0,"max":9.0},"cyclomatic":{"sum":7.0,"average":7.0,"min":7.0,"max":7.0},"halstead":{"n1":20.0,"N1":91.0,"n2":31.0,"N2":68.0,"length":159.0,"estimated_program_length":240.0186475197404,"purity_ratio":1.5095512422625181,"vocabulary":51.0,"volume":901.9156293734677,"difficulty":21.93548387096774,"level":0.04558823529411765,"effort":19783.95574109542,"time":1099.1086522830788,"bugs":0.24383020276141554},"loc":{"sloc":39.0,"ploc":29.0,"lloc":23.0,"cloc":1.0,"blank":9.0,"sloc_average":39.0,"ploc_average":29.0,"lloc_average":23.0,"cloc_average":1.0,"blank_average":9.0,"sloc_min":39.0,"sloc_max":39.0,"cloc_min":1.0,"cloc_max":1.0,"ploc_min":29.0,"ploc_max":29.0,"lloc_min":23.0,"lloc_max":23.0,"blank_min":9.0,"blank_max":9.0},"nom":{"functions":1.0,"closures":0.0,"functions_average":1.0,"closures_average":0.0,"total":1.0,"average":1.0,"functions_min":1.0,"functions_max":1.0,"closures_min":0.0,"closures_max":0.0},"mi":{"mi_original":74.65679224497933,"mi_sei":44.995520168928984,"mi_visual_studio":43.65894283332125},"abc":{"assignments":0.0,"branches":0.0,"conditions":0.0,"magnitude":0.0,"assignments_average":0.0,"branches_average":0.0,"conditions_average":0.0,"assignments_min":0.0,"assignments_max":0.0,"branches_min":0.0,"branches_max":0.0,"conditions_min":0.0,"conditions_max":0.0}}},{"name":"asn1D_PolicyInformation","start_line":1033,"end_line":1108,"kind":"function","spaces":[],"metrics":{"nargs":{"total_functions":4.0,"total_closures":0.0,"average_functions":4.0,"average_closures":0.0,"total":4.0,"average":4.0,"functions_min":4.0,"functions_max":4.0,"closures_min":0.0,"closures_max":0.0},"nexits":{"sum":7.0,"average":7.0,"min":7.0,"max":7.0},"cognitive":{"sum":27.0,"average":27.0,"min":27.0,"max":27.0},"cyclomatic":{"sum":14.0,"average":14.0,"min":14.0,"max":14.0},"halstead":{"n1":27.0,"N1":194.0,"n2":48.0,"N2":132.0,"length":326.0,"estimated_program_length":396.46016259302917,"purity_ratio":1.2161354680767766,"vocabulary":75.0,"volume":2030.5948931016571,"difficulty":37.125,"level":0.026936026936026935,"effort":75385.83540639903,"time":4188.1019670221685,"bugs":0.5948469601778259},"loc":{"sloc":76.0,"ploc":60.0,"lloc":51.0,"cloc":3.0,"blank":13.0,"sloc_average":76.0,"ploc_average":60.0,"lloc_average":51.0,"cloc_average":3.0,"blank_average":13.0,"sloc_min":76.0,"sloc_max":76.0,"cloc_min":3.0,"cloc_max":3.0,"ploc_min":60.0,"ploc_max":60.0,"lloc_min":51.0,"lloc_max":51.0,"blank_min":13.0,"blank_max":13.0},"nom":{"functions":1.0,"closures":0.0,"functions_average":1.0,"closures_average":0.0,"total":1.0,"average":1.0,"functions_min":1.0,"functions_max":1.0,"closures_min":0.0,"closures_max":0.0},"mi":{"mi_original":58.01848267191352,"mi_sei":24.575432114190498,"mi_visual_studio":33.92893723503715},"abc":{"assignments":0.0,"branches":0.0,"conditions":0.0,"magnitude":0.0,"assignments_average":0.0,"branches_average":0.0,"conditions_average":0.0,"assignments_min":0.0,"assignments_max":0.0,"branches_min":0.0,"branches_max":0.0,"conditions_min":0.0,"conditions_max":0.0}}},{"name":"asn1D_CertificatePolicies","start_line":1110,"end_line":1151,"kind":"function","spaces":[],"metrics":{"nargs":{"total_functions":4.0,"total_closures":0.0,"average_functions":4.0,"average_closures":0.0,"total":4.0,"average":4.0,"functions_min":4.0,"functions_max":4.0,"closures_min":0.0,"closures_max":0.0},"nexits":{"sum":5.0,"average":5.0,"min":5.0,"max":5.0},"cognitive":{"sum":10.0,"average":10.0,"min":10.0,"max":10.0},"cyclomatic":{"sum":8.0,"average":8.0,"min":8.0,"max":8.0},"halstead":{"n1":20.0,"N1":98.0,"n2":32.0,"N2":73.0,"length":171.0,"estimated_program_length":246.43856189774726,"purity_ratio":1.4411611806885805,"vocabulary":52.0,"volume":974.7751918021266,"difficulty":22.8125,"level":0.043835616438356165,"effort":22237.059062986013,"time":1235.3921701658896,"bugs":0.26359083853020443},"loc":{"sloc":42.0,"ploc":32.0,"lloc":25.0,"cloc":1.0,"blank":9.0,"sloc_average":42.0,"ploc_average":32.0,"lloc_average":25.0,"cloc_average":1.0,"blank_average":9.0,"sloc_min":42.0,"sloc_max":42.0,"cloc_min":1.0,"cloc_max":1.0,"ploc_min":32.0,"ploc_max":32.0,"lloc_min":25.0,"lloc_max":25.0,"blank_min":9.0,"blank_max":9.0},"nom":{"functions":1.0,"closures":0.0,"functions_average":1.0,"closures_average":0.0,"total":1.0,"average":1.0,"functions_min":1.0,"functions_max":1.0,"closures_min":0.0,"closures_max":0.0},"mi":{"mi_original":72.82227644992278,"mi_sei":42.01282357112129,"mi_visual_studio":42.58612657890221},"abc":{"assignments":0.0,"branches":0.0,"conditions":0.0,"magnitude":0.0,"assignments_average":0.0,"branches_average":0.0,"conditions_average":0.0,"assignments_min":0.0,"assignments_max":0.0,"branches_min":0.0,"branches_max":0.0,"conditions_min":0.0,"conditions_max":0.0}}},{"name":"asn1D_DisplayText","start_line":1153,"end_line":1223,"kind":"function","spaces":[],"metrics":{"nargs":{"total_functions":4.0,"total_closures":0.0,"average_functions":4.0,"average_closures":0.0,"total":4.0,"average":4.0,"functions_min":4.0,"functions_max":4.0,"closures_min":0.0,"closures_max":0.0},"nexits":{"sum":7.0,"average":7.0,"min":7.0,"max":7.0},"cognitive":{"sum":10.0,"average":10.0,"min":10.0,"max":10.0},"cyclomatic":{"sum":10.0,"average":10.0,"min":10.0,"max":10.0},"halstead":{"n1":21.0,"N1":179.0,"n2":40.0,"N2":133.0,"length":312.0,"estimated_program_length":305.11578967384844,"purity_ratio":0.9779352233136168,"vocabulary":61.0,"volume":1850.3900493196206,"difficulty":34.9125,"level":0.028643036161833155,"effort":64601.742596871256,"time":3588.9856998261807,"bugs":0.5366711309014172},"loc":{"sloc":71.0,"ploc":46.0,"lloc":41.0,"cloc":5.0,"blank":20.0,"sloc_average":71.0,"ploc_average":46.0,"lloc_average":41.0,"cloc_average":5.0,"blank_average":20.0,"sloc_min":71.0,"sloc_max":71.0,"cloc_min":5.0,"cloc_max":5.0,"ploc_min":46.0,"ploc_max":46.0,"lloc_min":41.0,"lloc_max":41.0,"blank_min":20.0,"blank_max":20.0},"nom":{"functions":1.0,"closures":0.0,"functions_average":1.0,"closures_average":0.0,"total":1.0,"average":1.0,"functions_min":1.0,"functions_max":1.0,"closures_min":0.0,"closures_max":0.0},"mi":{"mi_original":60.52419697867012,"mi_sei":32.61680760850108,"mi_visual_studio":35.39426723898837},"abc":{"assignments":0.0,"branches":0.0,"conditions":0.0,"magnitude":0.0,"assignments_average":0.0,"branches_average":0.0,"conditions_average":0.0,"assignments_min":0.0,"assignments_max":0.0,"branches_min":0.0,"branches_max":0.0,"conditions_min":0.0,"conditions_max":0.0}}},{"name":"asn1D_NoticeReference_noticeNumbers","start_line":1225,"end_line":1265,"kind":"function","spaces":[],"metrics":{"nargs":{"total_functions":4.0,"total_closures":0.0,"average_functions":4.0,"average_closures":0.0,"total":4.0,"average":4.0,"functions_min":4.0,"functions_max":4.0,"closures_min":0.0,"closures_max":0.0},"nexits":{"sum":5.0,"average":5.0,"min":5.0,"max":5.0},"cognitive":{"sum":8.0,"average":8.0,"min":8.0,"max":8.0},"cyclomatic":{"sum":7.0,"average":7.0,"min":7.0,"max":7.0},"halstead":{"n1":19.0,"N1":109.0,"n2":32.0,"N2":87.0,"length":196.0,"estimated_program_length":240.71062275542812,"purity_ratio":1.228115422221572,"vocabulary":51.0,"volume":1111.795367026413,"difficulty":25.828125,"level":0.03871748336358137,"effort":28715.589713979076,"time":1595.3105396655042,"bugs":0.31257715808894193},"loc":{"sloc":41.0,"ploc":30.0,"lloc":27.0,"cloc":1.0,"blank":10.0,"sloc_average":41.0,"ploc_average":30.0,"lloc_average":27.0,"cloc_average":1.0,"blank_average":10.0,"sloc_min":41.0,"sloc_max":41.0,"cloc_min":1.0,"cloc_max":1.0,"ploc_min":30.0,"ploc_max":30.0,"lloc_min":27.0,"lloc_max":27.0,"blank_min":10.0,"blank_max":10.0},"nom":{"functions":1.0,"closures":0.0,"functions_average":1.0,"closures_average":0.0,"total":1.0,"average":1.0,"functions_min":1.0,"functions_max":1.0,"closures_min":0.0,"closures_max":0.0},"mi":{"mi_original":72.75872905521629,"mi_sei":41.96003599094768,"mi_visual_studio":42.54896435977561},"abc":{"assignments":0.0,"branches":0.0,"conditions":0.0,"magnitude":0.0,"assignments_average":0.0,"branches_average":0.0,"conditions_average":0.0,"assignments_min":0.0,"assignments_max":0.0,"branches_min":0.0,"branches_max":0.0,"conditions_min":0.0,"conditions_max":0.0}}},{"name":"asn1D_NoticeReference","start_line":1267,"end_line":1340,"kind":"function","spaces":[],"metrics":{"nargs":{"total_functions":4.0,"total_closures":0.0,"average_functions":4.0,"average_closures":0.0,"total":4.0,"average":4.0,"functions_min":4.0,"functions_max":4.0,"closures_min":0.0,"closures_max":0.0},"nexits":{"sum":7.0,"average":7.0,"min":7.0,"max":7.0},"cognitive":{"sum":22.0,"average":22.0,"min":22.0,"max":22.0},"cyclomatic":{"sum":16.0,"average":16.0,"min":16.0,"max":16.0},"halstead":{"n1":26.0,"N1":191.0,"n2":47.0,"N2":129.0,"length":320.0,"estimated_program_length":383.2771087005173,"purity_ratio":1.1977409646891166,"vocabulary":73.0,"volume":1980.7438588416057,"difficulty":35.680851063829785,"level":0.028026237328562912,"effort":70674.62662292282,"time":3926.3681457179346,"bugs":0.5697982273302932},"loc":{"sloc":74.0,"ploc":58.0,"lloc":52.0,"cloc":3.0,"blank":13.0,"sloc_average":74.0,"ploc_average":58.0,"lloc_average":52.0,"cloc_average":3.0,"blank_average":13.0,"sloc_min":74.0,"sloc_max":74.0,"cloc_min":3.0,"cloc_max":3.0,"ploc_min":58.0,"ploc_max":58.0,"lloc_min":52.0,"lloc_max":52.0,"blank_min":13.0,"blank_max":13.0},"nom":{"functions":1.0,"closures":0.0,"functions_average":1.0,"closures_average":0.0,"total":1.0,"average":1.0,"functions_min":1.0,"functions_max":1.0,"closures_min":0.0,"closures_max":0.0},"mi":{"mi_original":58.11976124510949,"mi_sei":25.12192968803118,"mi_visual_studio":33.98816447082426},"abc":{"assignments":0.0,"branches":0.0,"conditions":0.0,"magnitude":0.0,"assignments_average":0.0,"branches_average":0.0,"conditions_average":0.0,"assignments_min":0.0,"assignments_max":0.0,"branches_min":0.0,"branches_max":0.0,"conditions_min":0.0,"conditions_max":0.0}}},{"name":"asn1D_UserNotice","start_line":1342,"end_line":1433,"kind":"function","spaces":[],"metrics":{"nargs":{"total_functions":4.0,"total_closures":0.0,"average_functions":4.0,"average_closures":0.0,"total":4.0,"average":4.0,"functions_min":4.0,"functions_max":4.0,"closures_min":0.0,"closures_max":0.0},"nexits":{"sum":6.0,"average":6.0,"min":6.0,"max":6.0},"cognitive":{"sum":36.0,"average":36.0,"min":36.0,"max":36.0},"cyclomatic":{"sum":24.0,"average":24.0,"min":24.0,"max":24.0},"halstead":{"n1":27.0,"N1":247.0,"n2":62.0,"N2":171.0,"length":418.0,"estimated_program_length":497.5421338023999,"purity_ratio":1.1902921861301434,"vocabulary":89.0,"volume":2706.8565741439543,"difficulty":37.233870967741936,"level":0.026857266623348496,"effort":100786.74840985998,"time":5599.263800547777,"bugs":0.7219066372125575},"loc":{"sloc":92.0,"ploc":77.0,"lloc":60.0,"cloc":3.0,"blank":12.0,"sloc_average":92.0,"ploc_average":77.0,"lloc_average":60.0,"cloc_average":3.0,"blank_average":12.0,"sloc_min":92.0,"sloc_max":92.0,"cloc_min":3.0,"cloc_max":3.0,"ploc_min":77.0,"ploc_max":77.0,"lloc_min":60.0,"lloc_max":60.0,"blank_min":12.0,"blank_max":12.0},"nom":{"functions":1.0,"closures":0.0,"functions_average":1.0,"closures_average":0.0,"total":1.0,"average":1.0,"functions_min":1.0,"functions_max":1.0,"closures_min":0.0,"closures_max":0.0},"mi":{"mi_original":51.12859986639117,"mi_sei":14.311640231828175,"mi_visual_studio":29.899766003737525},"abc":{"assignments":0.0,"branches":0.0,"conditions":0.0,"magnitude":0.0,"assignments_average":0.0,"branches_average":0.0,"conditions_average":0.0,"assignments_min":0.0,"assignments_max":0.0,"branches_min":0.0,"branches_max":0.0,"conditions_min":0.0,"conditions_max":0.0}}},{"name":"asn1D_PolicyMappings_element","start_line":1435,"end_line":1504,"kind":"function","spaces":[],"metrics":{"nargs":{"total_functions":4.0,"total_closures":0.0,"average_functions":4.0,"average_closures":0.0,"total":4.0,"average":4.0,"functions_min":4.0,"functions_max":4.0,"closures_min":0.0,"closures_max":0.0},"nexits":{"sum":7.0,"average":7.0,"min":7.0,"max":7.0},"cognitive":{"sum":22.0,"average":22.0,"min":22.0,"max":22.0},"cyclomatic":{"sum":12.0,"average":12.0,"min":12.0,"max":12.0},"halstead":{"n1":26.0,"N1":171.0,"n2":41.0,"N2":117.0,"length":288.0,"estimated_program_length":341.8710648610098,"purity_ratio":1.187052308545173,"vocabulary":67.0,"volume":1747.0336868518384,"difficulty":37.09756097560975,"level":0.026955950032873113,"effort":64810.68872443039,"time":3600.5938180239104,"bugs":0.5378277043814685},"loc":{"sloc":70.0,"ploc":54.0,"lloc":48.0,"cloc":3.0,"blank":13.0,"sloc_average":70.0,"ploc_average":54.0,"lloc_average":48.0,"cloc_average":3.0,"blank_average":13.0,"sloc_min":70.0,"sloc_max":70.0,"cloc_min":3.0,"cloc_max":3.0,"ploc_min":54.0,"ploc_max":54.0,"lloc_min":48.0,"lloc_max":48.0,"blank_min":13.0,"blank_max":13.0},"nom":{"functions":1.0,"closures":0.0,"functions_average":1.0,"closures_average":0.0,"total":1.0,"average":1.0,"functions_min":1.0,"functions_max":1.0,"closures_min":0.0,"closures_max":0.0},"mi":{"mi_original":60.59286919710462,"mi_sei":28.700205762192063,"mi_visual_studio":35.434426431055336},"abc":{"assignments":0.0,"branches":0.0,"conditions":0.0,"magnitude":0.0,"assignments_average":0.0,"branches_average":0.0,"conditions_average":0.0,"assignments_min":0.0,"assignments_max":0.0,"branches_min":0.0,"branches_max":0.0,"conditions_min":0.0,"conditions_max":0.0}}},{"name":"asn1D_PolicyMappings","start_line":1506,"end_line":1547,"kind":"function","spaces":[],"metrics":{"nargs":{"total_functions":4.0,"total_closures":0.0,"average_functions":4.0,"average_closures":0.0,"total":4.0,"average":4.0,"functions_min":4.0,"functions_max":4.0,"closures_min":0.0,"closures_max":0.0},"nexits":{"sum":5.0,"average":5.0,"min":5.0,"max":5.0},"cognitive":{"sum":10.0,"average":10.0,"min":10.0,"max":10.0},"cyclomatic":{"sum":8.0,"average":8.0,"min":8.0,"max":8.0},"halstead":{"n1":20.0,"N1":98.0,"n2":32.0,"N2":73.0,"length":171.0,"estimated_program_length":246.43856189774726,"purity_ratio":1.4411611806885805,"vocabulary":52.0,"volume":974.7751918021266,"difficulty":22.8125,"level":0.043835616438356165,"effort":22237.059062986013,"time":1235.3921701658896,"bugs":0.26359083853020443},"loc":{"sloc":42.0,"ploc":32.0,"lloc":25.0,"cloc":1.0,"blank":9.0,"sloc_average":42.0,"ploc_average":32.0,"lloc_average":25.0,"cloc_average":1.0,"blank_average":9.0,"sloc_min":42.0,"sloc_max":42.0,"cloc_min":1.0,"cloc_max":1.0,"ploc_min":32.0,"ploc_max":32.0,"lloc_min":25.0,"lloc_max":25.0,"blank_min":9.0,"blank_max":9.0},"nom":{"functions":1.0,"closures":0.0,"functions_average":1.0,"closures_average":0.0,"total":1.0,"average":1.0,"functions_min":1.0,"functions_max":1.0,"closures_min":0.0,"closures_max":0.0},"mi":{"mi_original":72.82227644992278,"mi_sei":42.01282357112129,"mi_visual_studio":42.58612657890221},"abc":{"assignments":0.0,"branches":0.0,"conditions":0.0,"magnitude":0.0,"assignments_average":0.0,"branches_average":0.0,"conditions_average":0.0,"assignments_min":0.0,"assignments_max":0.0,"branches_min":0.0,"branches_max":0.0,"conditions_min":0.0,"conditions_max":0.0}}},{"name":"asn1D_SubjectDirectoryAttributes","start_line":1549,"end_line":1589,"kind":"function","spaces":[],"metrics":{"nargs":{"total_functions":4.0,"total_closures":0.0,"average_functions":4.0,"average_closures":0.0,"total":4.0,"average":4.0,"functions_min":4.0,"functions_max":4.0,"closures_min":0.0,"closures_max":0.0},"nexits":{"sum":5.0,"average":5.0,"min":5.0,"max":5.0},"cognitive":{"sum":10.0,"average":10.0,"min":10.0,"max":10.0},"cyclomatic":{"sum":8.0,"average":8.0,"min":8.0,"max":8.0},"halstead":{"n1":20.0,"N1":98.0,"n2":32.0,"N2":73.0,"length":171.0,"estimated_program_length":246.43856189774726,"purity_ratio":1.4411611806885805,"vocabulary":52.0,"volume":974.7751918021266,"difficulty":22.8125,"level":0.043835616438356165,"effort":22237.059062986013,"time":1235.3921701658896,"bugs":0.26359083853020443},"loc":{"sloc":41.0,"ploc":31.0,"lloc":25.0,"cloc":1.0,"blank":9.0,"sloc_average":41.0,"ploc_average":31.0,"lloc_average":25.0,"cloc_average":1.0,"blank_average":9.0,"sloc_min":41.0,"sloc_max":41.0,"cloc_min":1.0,"cloc_max":1.0,"ploc_min":31.0,"ploc_max":31.0,"lloc_min":25.0,"lloc_max":25.0,"blank_min":9.0,"blank_max":9.0},"nom":{"functions":1.0,"closures":0.0,"functions_average":1.0,"closures_average":0.0,"total":1.0,"average":1.0,"functions_min":1.0,"functions_max":1.0,"closures_min":0.0,"closures_max":0.0},"mi":{"mi_original":73.21265678550355,"mi_sei":42.71673513575953,"mi_visual_studio":42.814419172809096},"abc":{"assignments":0.0,"branches":0.0,"conditions":0.0,"magnitude":0.0,"assignments_average":0.0,"branches_average":0.0,"conditions_average":0.0,"assignments_min":0.0,"assignments_max":0.0,"branches_min":0.0,"branches_max":0.0,"conditions_min":0.0,"conditions_max":0.0}}},{"name":"asn1D_BasicConstraints","start_line":1591,"end_line":1674,"kind":"function","spaces":[],"metrics":{"nargs":{"total_functions":4.0,"total_closures":0.0,"average_functions":4.0,"average_closures":0.0,"total":4.0,"average":4.0,"functions_min":4.0,"functions_max":4.0,"closures_min":0.0,"closures_max":0.0},"nexits":{"sum":6.0,"average":6.0,"min":6.0,"max":6.0},"cognitive":{"sum":36.0,"average":36.0,"min":36.0,"max":36.0},"cyclomatic":{"sum":16.0,"average":16.0,"min":16.0,"max":16.0},"halstead":{"n1":26.0,"N1":208.0,"n2":50.0,"N2":142.0,"length":350.0,"estimated_program_length":404.4042421604046,"purity_ratio":1.1554406918868703,"vocabulary":76.0,"volume":2186.774629705255,"difficulty":36.92,"level":0.027085590465872156,"effort":80735.71932871801,"time":4485.317740484334,"bugs":0.6226670597120433},"loc":{"sloc":84.0,"ploc":66.0,"lloc":53.0,"cloc":4.0,"blank":14.0,"sloc_average":84.0,"ploc_average":66.0,"lloc_average":53.0,"cloc_average":4.0,"blank_average":14.0,"sloc_min":84.0,"sloc_max":84.0,"cloc_min":4.0,"cloc_max":4.0,"ploc_min":66.0,"ploc_max":66.0,"lloc_min":53.0,"lloc_max":53.0,"blank_min":14.0,"blank_max":14.0},"nom":{"functions":1.0,"closures":0.0,"functions_average":1.0,"closures_average":0.0,"total":1.0,"average":1.0,"functions_min":1.0,"functions_max":1.0,"closures_min":0.0,"closures_max":0.0},"mi":{"mi_original":55.5518164386998,"mi_sei":22.655552209181813,"mi_visual_studio":32.486442361812756},"abc":{"assignments":0.0,"branches":0.0,"conditions":0.0,"magnitude":0.0,"assignments_average":0.0,"branches_average":0.0,"conditions_average":0.0,"assignments_min":0.0,"assignments_max":0.0,"branches_min":0.0,"branches_max":0.0,"conditions_min":0.0,"conditions_max":0.0}}},{"name":"asn1D_GeneralSubtree","start_line":1676,"end_line":1805,"kind":"function","spaces":[],"metrics":{"nargs":{"total_functions":4.0,"total_closures":0.0,"average_functions":4.0,"average_closures":0.0,"total":4.0,"average":4.0,"functions_min":4.0,"functions_max":4.0,"closures_min":0.0,"closures_max":0.0},"nexits":{"sum":12.0,"average":12.0,"min":12.0,"max":12.0},"cognitive":{"sum":65.0,"average":65.0,"min":65.0,"max":65.0},"cyclomatic":{"sum":31.0,"average":31.0,"min":31.0,"max":31.0},"halstead":{"n1":28.0,"N1":358.0,"n2":67.0,"N2":241.0,"length":599.0,"estimated_program_length":541.0339135782837,"purity_ratio":0.903228570247552,"vocabulary":95.0,"volume":3935.3435093902376,"difficulty":50.35820895522388,"level":0.01985773562537048,"effort":198176.85075645763,"time":11009.825042025424,"bugs":1.133045526454632},"loc":{"sloc":130.0,"ploc":103.0,"lloc":89.0,"cloc":5.0,"blank":22.0,"sloc_average":130.0,"ploc_average":103.0,"lloc_average":89.0,"cloc_average":5.0,"blank_average":22.0,"sloc_min":130.0,"sloc_max":130.0,"cloc_min":5.0,"cloc_max":5.0,"ploc_min":103.0,"ploc_max":103.0,"lloc_min":89.0,"lloc_max":89.0,"blank_min":22.0,"blank_max":22.0},"nom":{"functions":1.0,"closures":0.0,"functions_average":1.0,"closures_average":0.0,"total":1.0,"average":1.0,"functions_min":1.0,"functions_max":1.0,"closures_min":0.0,"closures_max":0.0},"mi":{"mi_original":41.97162394729273,"mi_sei":2.966275087560037,"mi_visual_studio":24.54480932590218},"abc":{"assignments":0.0,"branches":0.0,"conditions":0.0,"magnitude":0.0,"assignments_average":0.0,"branches_average":0.0,"conditions_average":0.0,"assignments_min":0.0,"assignments_max":0.0,"branches_min":0.0,"branches_max":0.0,"conditions_min":0.0,"conditions_max":0.0}}},{"name":"asn1D_GeneralSubtrees","start_line":1807,"end_line":1845,"kind":"function","spaces":[],"metrics":{"nargs":{"total_functions":4.0,"total_closures":0.0,"average_functions":4.0,"average_closures":0.0,"total":4.0,"average":4.0,"functions_min":4.0,"functions_max":4.0,"closures_min":0.0,"closures_max":0.0},"nexits":{"sum":5.0,"average":5.0,"min":5.0,"max":5.0},"cognitive":{"sum":9.0,"average":9.0,"min":9.0,"max":9.0},"cyclomatic":{"sum":7.0,"average":7.0,"min":7.0,"max":7.0},"halstead":{"n1":20.0,"N1":91.0,"n2":31.0,"N2":68.0,"length":159.0,"estimated_program_length":240.0186475197404,"purity_ratio":1.5095512422625181,"vocabulary":51.0,"volume":901.9156293734677,"difficulty":21.93548387096774,"level":0.04558823529411765,"effort":19783.95574109542,"time":1099.1086522830788,"bugs":0.24383020276141554},"loc":{"sloc":39.0,"ploc":29.0,"lloc":23.0,"cloc":1.0,"blank":9.0,"sloc_average":39.0,"ploc_average":29.0,"lloc_average":23.0,"cloc_average":1.0,"blank_average":9.0,"sloc_min":39.0,"sloc_max":39.0,"cloc_min":1.0,"cloc_max":1.0,"ploc_min":29.0,"ploc_max":29.0,"lloc_min":23.0,"lloc_max":23.0,"blank_min":9.0,"blank_max":9.0},"nom":{"functions":1.0,"closures":0.0,"functions_average":1.0,"closures_average":0.0,"total":1.0,"average":1.0,"functions_min":1.0,"functions_max":1.0,"closures_min":0.0,"closures_max":0.0},"mi":{"mi_original":74.65679224497933,"mi_sei":44.995520168928984,"mi_visual_studio":43.65894283332125},"abc":{"assignments":0.0,"branches":0.0,"conditions":0.0,"magnitude":0.0,"assignments_average":0.0,"branches_average":0.0,"conditions_average":0.0,"assignments_min":0.0,"assignments_max":0.0,"branches_min":0.0,"branches_max":0.0,"conditions_min":0.0,"conditions_max":0.0}}},{"name":"asn1D_NameConstraints","start_line":1847,"end_line":1948,"kind":"function","spaces":[],"metrics":{"nargs":{"total_functions":4.0,"total_closures":0.0,"average_functions":4.0,"average_closures":0.0,"total":4.0,"average":4.0,"functions_min":4.0,"functions_max":4.0,"closures_min":0.0,"closures_max":0.0},"nexits":{"sum":10.0,"average":10.0,"min":10.0,"max":10.0},"cognitive":{"sum":58.0,"average":58.0,"min":58.0,"max":58.0},"cyclomatic":{"sum":21.0,"average":21.0,"min":21.0,"max":21.0},"halstead":{"n1":27.0,"N1":283.0,"n2":55.0,"N2":194.0,"length":477.0,"estimated_program_length":446.3567468022699,"purity_ratio":0.9357583790403982,"vocabulary":82.0,"volume":3032.552306202826,"difficulty":47.61818181818182,"level":0.021000381825124093,"effort":144404.62708991274,"time":8022.47928277293,"bugs":0.9174860819921697},"loc":{"sloc":102.0,"ploc":83.0,"lloc":71.0,"cloc":3.0,"blank":16.0,"sloc_average":102.0,"ploc_average":83.0,"lloc_average":71.0,"cloc_average":3.0,"blank_average":16.0,"sloc_min":102.0,"sloc_max":102.0,"cloc_min":3.0,"cloc_max":3.0,"ploc_min":83.0,"ploc_max":83.0,"lloc_min":71.0,"lloc_max":71.0,"blank_min":16.0,"blank_max":16.0},"nom":{"functions":1.0,"closures":0.0,"functions_average":1.0,"closures_average":0.0,"total":1.0,"average":1.0,"functions_min":1.0,"functions_max":1.0,"closures_min":0.0,"closures_max":0.0},"mi":{"mi_original":49.556209000896615,"mi_sei":11.06035099753758,"mi_visual_studio":28.980239181810887},"abc":{"assignments":0.0,"branches":0.0,"conditions":0.0,"magnitude":0.0,"assignments_average":0.0,"branches_average":0.0,"conditions_average":0.0,"assignments_min":0.0,"assignments_max":0.0,"branches_min":0.0,"branches_max":0.0,"conditions_min":0.0,"conditions_max":0.0}}},{"name":"asn1D_PolicyConstraints","start_line":1950,"end_line":2051,"kind":"function","spaces":[],"metrics":{"nargs":{"total_functions":4.0,"total_closures":0.0,"average_functions":4.0,"average_closures":0.0,"total":4.0,"average":4.0,"functions_min":4.0,"functions_max":4.0,"closures_min":0.0,"closures_max":0.0},"nexits":{"sum":10.0,"average":10.0,"min":10.0,"max":10.0},"cognitive":{"sum":58.0,"average":58.0,"min":58.0,"max":58.0},"cyclomatic":{"sum":21.0,"average":21.0,"min":21.0,"max":21.0},"halstead":{"n1":27.0,"N1":283.0,"n2":55.0,"N2":194.0,"length":477.0,"estimated_program_length":446.3567468022699,"purity_ratio":0.9357583790403982,"vocabulary":82.0,"volume":3032.552306202826,"difficulty":47.61818181818182,"level":0.021000381825124093,"effort":144404.62708991274,"time":8022.47928277293,"bugs":0.9174860819921697},"loc":{"sloc":102.0,"ploc":83.0,"lloc":71.0,"cloc":3.0,"blank":16.0,"sloc_average":102.0,"ploc_average":83.0,"lloc_average":71.0,"cloc_average":3.0,"blank_average":16.0,"sloc_min":102.0,"sloc_max":102.0,"cloc_min":3.0,"cloc_max":3.0,"ploc_min":83.0,"ploc_max":83.0,"lloc_min":71.0,"lloc_max":71.0,"blank_min":16.0,"blank_max":16.0},"nom":{"functions":1.0,"closures":0.0,"functions_average":1.0,"closures_average":0.0,"total":1.0,"average":1.0,"functions_min":1.0,"functions_max":1.0,"closures_min":0.0,"closures_max":0.0},"mi":{"mi_original":49.556209000896615,"mi_sei":11.06035099753758,"mi_visual_studio":28.980239181810887},"abc":{"assignments":0.0,"branches":0.0,"conditions":0.0,"magnitude":0.0,"assignments_average":0.0,"branches_average":0.0,"conditions_average":0.0,"assignments_min":0.0,"assignments_max":0.0,"branches_min":0.0,"branches_max":0.0,"conditions_min":0.0,"conditions_max":0.0}}},{"name":"asn1D_DistributionPointName","start_line":2053,"end_line":2104,"kind":"function","spaces":[],"metrics":{"nargs":{"total_functions":4.0,"total_closures":0.0,"average_functions":4.0,"average_closures":0.0,"total":4.0,"average":4.0,"functions_min":4.0,"functions_max":4.0,"closures_min":0.0,"closures_max":0.0},"nexits":{"sum":6.0,"average":6.0,"min":6.0,"max":6.0},"cognitive":{"sum":8.0,"average":8.0,"min":8.0,"max":8.0},"cyclomatic":{"sum":7.0,"average":7.0,"min":7.0,"max":7.0},"halstead":{"n1":22.0,"N1":123.0,"n2":35.0,"N2":93.0,"length":216.0,"estimated_program_length":277.63240120309433,"purity_ratio":1.2853351907550663,"vocabulary":57.0,"volume":1259.9042430595841,"difficulty":29.228571428571428,"level":0.034213098729227766,"effort":36825.20116142727,"time":2045.8445089681818,"bugs":0.3689567815328654},"loc":{"sloc":52.0,"ploc":35.0,"lloc":29.0,"cloc":3.0,"blank":14.0,"sloc_average":52.0,"ploc_average":35.0,"lloc_average":29.0,"cloc_average":3.0,"blank_average":14.0,"sloc_min":52.0,"sloc_max":52.0,"cloc_min":3.0,"cloc_max":3.0,"ploc_min":35.0,"ploc_max":35.0,"lloc_min":29.0,"lloc_max":29.0,"blank_min":14.0,"blank_max":14.0},"nom":{"functions":1.0,"closures":0.0,"functions_average":1.0,"closures_average":0.0,"total":1.0,"average":1.0,"functions_min":1.0,"functions_max":1.0,"closures_min":0.0,"closures_max":0.0},"mi":{"mi_original":68.25813856165468,"mi_sei":41.66638686069463,"mi_visual_studio":39.9170400945349},"abc":{"assignments":0.0,"branches":0.0,"conditions":0.0,"magnitude":0.0,"assignments_average":0.0,"branches_average":0.0,"conditions_average":0.0,"assignments_min":0.0,"assignments_max":0.0,"branches_min":0.0,"branches_max":0.0,"conditions_min":0.0,"conditions_max":0.0}}},{"name":"asn1D_DistributionPoint","start_line":2106,"end_line":2233,"kind":"function","spaces":[],"metrics":{"nargs":{"total_functions":4.0,"total_closures":0.0,"average_functions":4.0,"average_closures":0.0,"total":4.0,"average":4.0,"functions_min":4.0,"functions_max":4.0,"closures_min":0.0,"closures_max":0.0},"nexits":{"sum":13.0,"average":13.0,"min":13.0,"max":13.0},"cognitive":{"sum":78.0,"average":78.0,"min":78.0,"max":78.0},"cyclomatic":{"sum":27.0,"average":27.0,"min":27.0,"max":27.0},"halstead":{"n1":27.0,"N1":359.0,"n2":61.0,"N2":245.0,"length":604.0,"estimated_program_length":490.15694014974974,"purity_ratio":0.8115181128307115,"vocabulary":88.0,"volume":3901.4966976569276,"difficulty":54.221311475409834,"level":0.018442932728647016,"effort":211544.26766393913,"time":11752.459314663285,"bugs":1.183440023720112},"loc":{"sloc":128.0,"ploc":103.0,"lloc":89.0,"cloc":4.0,"blank":21.0,"sloc_average":128.0,"ploc_average":103.0,"lloc_average":89.0,"cloc_average":4.0,"blank_average":21.0,"sloc_min":128.0,"sloc_max":128.0,"cloc_min":4.0,"cloc_max":4.0,"ploc_min":103.0,"ploc_max":103.0,"lloc_min":89.0,"lloc_max":89.0,"blank_min":21.0,"blank_max":21.0},"nom":{"functions":1.0,"closures":0.0,"functions_average":1.0,"closures_average":0.0,"total":1.0,"average":1.0,"functions_min":1.0,"functions_max":1.0,"closures_min":0.0,"closures_max":0.0},"mi":{"mi_original":43.187708983439876,"mi_sei":2.8775191454633315,"mi_visual_studio":25.255970165754317},"abc":{"assignments":0.0,"branches":0.0,"conditions":0.0,"magnitude":0.0,"assignments_average":0.0,"branches_average":0.0,"conditions_average":0.0,"assignments_min":0.0,"assignments_max":0.0,"branches_min":0.0,"branches_max":0.0,"conditions_min":0.0,"conditions_max":0.0}}},{"name":"asn1D_CRLDistributionPoints","start_line":2235,"end_line":2276,"kind":"function","spaces":[],"metrics":{"nargs":{"total_functions":4.0,"total_closures":0.0,"average_functions":4.0,"average_closures":0.0,"total":4.0,"average":4.0,"functions_min":4.0,"functions_max":4.0,"closures_min":0.0,"closures_max":0.0},"nexits":{"sum":5.0,"average":5.0,"min":5.0,"max":5.0},"cognitive":{"sum":10.0,"average":10.0,"min":10.0,"max":10.0},"cyclomatic":{"sum":8.0,"average":8.0,"min":8.0,"max":8.0},"halstead":{"n1":20.0,"N1":98.0,"n2":32.0,"N2":73.0,"length":171.0,"estimated_program_length":246.43856189774726,"purity_ratio":1.4411611806885805,"vocabulary":52.0,"volume":974.7751918021266,"difficulty":22.8125,"level":0.043835616438356165,"effort":22237.059062986013,"time":1235.3921701658896,"bugs":0.26359083853020443},"loc":{"sloc":42.0,"ploc":32.0,"lloc":25.0,"cloc":1.0,"blank":9.0,"sloc_average":42.0,"ploc_average":32.0,"lloc_average":25.0,"cloc_average":1.0,"blank_average":9.0,"sloc_min":42.0,"sloc_max":42.0,"cloc_min":1.0,"cloc_max":1.0,"ploc_min":32.0,"ploc_max":32.0,"lloc_min":25.0,"lloc_max":25.0,"blank_min":9.0,"blank_max":9.0},"nom":{"functions":1.0,"closures":0.0,"functions_average":1.0,"closures_average":0.0,"total":1.0,"average":1.0,"functions_min":1.0,"functions_max":1.0,"closures_min":0.0,"closures_max":0.0},"mi":{"mi_original":72.82227644992278,"mi_sei":42.01282357112129,"mi_visual_studio":42.58612657890221},"abc":{"assignments":0.0,"branches":0.0,"conditions":0.0,"magnitude":0.0,"assignments_average":0.0,"branches_average":0.0,"conditions_average":0.0,"assignments_min":0.0,"assignments_max":0.0,"branches_min":0.0,"branches_max":0.0,"conditions_min":0.0,"conditions_max":0.0}}},{"name":"asn1D_ExtKeyUsageSyntax","start_line":2278,"end_line":2318,"kind":"function","spaces":[],"metrics":{"nargs":{"total_functions":4.0,"total_closures":0.0,"average_functions":4.0,"average_closures":0.0,"total":4.0,"average":4.0,"functions_min":4.0,"functions_max":4.0,"closures_min":0.0,"closures_max":0.0},"nexits":{"sum":5.0,"average":5.0,"min":5.0,"max":5.0},"cognitive":{"sum":10.0,"average":10.0,"min":10.0,"max":10.0},"cyclomatic":{"sum":8.0,"average":8.0,"min":8.0,"max":8.0},"halstead":{"n1":20.0,"N1":98.0,"n2":32.0,"N2":73.0,"length":171.0,"estimated_program_length":246.43856189774726,"purity_ratio":1.4411611806885805,"vocabulary":52.0,"volume":974.7751918021266,"difficulty":22.8125,"level":0.043835616438356165,"effort":22237.059062986013,"time":1235.3921701658896,"bugs":0.26359083853020443},"loc":{"sloc":41.0,"ploc":31.0,"lloc":25.0,"cloc":1.0,"blank":9.0,"sloc_average":41.0,"ploc_average":31.0,"lloc_average":25.0,"cloc_average":1.0,"blank_average":9.0,"sloc_min":41.0,"sloc_max":41.0,"cloc_min":1.0,"cloc_max":1.0,"ploc_min":31.0,"ploc_max":31.0,"lloc_min":25.0,"lloc_max":25.0,"blank_min":9.0,"blank_max":9.0},"nom":{"functions":1.0,"closures":0.0,"functions_average":1.0,"closures_average":0.0,"total":1.0,"average":1.0,"functions_min":1.0,"functions_max":1.0,"closures_min":0.0,"closures_max":0.0},"mi":{"mi_original":73.21265678550355,"mi_sei":42.71673513575953,"mi_visual_studio":42.814419172809096},"abc":{"assignments":0.0,"branches":0.0,"conditions":0.0,"magnitude":0.0,"assignments_average":0.0,"branches_average":0.0,"conditions_average":0.0,"assignments_min":0.0,"assignments_max":0.0,"branches_min":0.0,"branches_max":0.0,"conditions_min":0.0,"conditions_max":0.0}}},{"name":"asn1D_AccessDescription","start_line":2320,"end_line":2397,"kind":"function","spaces":[],"metrics":{"nargs":{"total_functions":4.0,"total_closures":0.0,"average_functions":4.0,"average_closures":0.0,"total":4.0,"average":4.0,"functions_min":4.0,"functions_max":4.0,"closures_min":0.0,"closures_max":0.0},"nexits":{"sum":7.0,"average":7.0,"min":7.0,"max":7.0},"cognitive":{"sum":22.0,"average":22.0,"min":22.0,"max":22.0},"cyclomatic":{"sum":21.0,"average":21.0,"min":21.0,"max":21.0},"halstead":{"n1":26.0,"N1":216.0,"n2":49.0,"N2":144.0,"length":360.0,"estimated_program_length":397.33221503331356,"purity_ratio":1.1037005973147598,"vocabulary":75.0,"volume":2242.374728578517,"difficulty":38.204081632653065,"level":0.026175213675213672,"effort":85667.86718161193,"time":4759.325954533996,"bugs":0.647774799254704},"loc":{"sloc":78.0,"ploc":62.0,"lloc":57.0,"cloc":3.0,"blank":13.0,"sloc_average":78.0,"ploc_average":62.0,"lloc_average":57.0,"cloc_average":3.0,"blank_average":13.0,"sloc_min":78.0,"sloc_max":78.0,"cloc_min":3.0,"cloc_max":3.0,"ploc_min":62.0,"ploc_max":62.0,"lloc_min":57.0,"lloc_max":57.0,"blank_min":13.0,"blank_max":13.0},"nom":{"functions":1.0,"closures":0.0,"functions_average":1.0,"closures_average":0.0,"total":1.0,"average":1.0,"functions_min":1.0,"functions_max":1.0,"closures_min":0.0,"closures_max":0.0},"mi":{"mi_original":55.471805211746755,"mi_sei":21.42472105484535,"mi_visual_studio":32.43965217061214},"abc":{"assignments":0.0,"branches":0.0,"conditions":0.0,"magnitude":0.0,"assignments_average":0.0,"branches_average":0.0,"conditions_average":0.0,"assignments_min":0.0,"assignments_max":0.0,"branches_min":0.0,"branches_max":0.0,"conditions_min":0.0,"conditions_max":0.0}}},{"name":"asn1D_AuthorityInfoAccessSyntax","start_line":2399,"end_line":2440,"kind":"function","spaces":[],"metrics":{"nargs":{"total_functions":4.0,"total_closures":0.0,"average_functions":4.0,"average_closures":0.0,"total":4.0,"average":4.0,"functions_min":4.0,"functions_max":4.0,"closures_min":0.0,"closures_max":0.0},"nexits":{"sum":5.0,"average":5.0,"min":5.0,"max":5.0},"cognitive":{"sum":10.0,"average":10.0,"min":10.0,"max":10.0},"cyclomatic":{"sum":8.0,"average":8.0,"min":8.0,"max":8.0},"halstead":{"n1":20.0,"N1":98.0,"n2":32.0,"N2":73.0,"length":171.0,"estimated_program_length":246.43856189774726,"purity_ratio":1.4411611806885805,"vocabulary":52.0,"volume":974.7751918021266,"difficulty":22.8125,"level":0.043835616438356165,"effort":22237.059062986013,"time":1235.3921701658896,"bugs":0.26359083853020443},"loc":{"sloc":42.0,"ploc":32.0,"lloc":25.0,"cloc":1.0,"blank":9.0,"sloc_average":42.0,"ploc_average":32.0,"lloc_average":25.0,"cloc_average":1.0,"blank_average":9.0,"sloc_min":42.0,"sloc_max":42.0,"cloc_min":1.0,"cloc_max":1.0,"ploc_min":32.0,"ploc_max":32.0,"lloc_min":25.0,"lloc_max":25.0,"blank_min":9.0,"blank_max":9.0},"nom":{"functions":1.0,"closures":0.0,"functions_average":1.0,"closures_average":0.0,"total":1.0,"average":1.0,"functions_min":1.0,"functions_max":1.0,"closures_min":0.0,"closures_max":0.0},"mi":{"mi_original":72.82227644992278,"mi_sei":42.01282357112129,"mi_visual_studio":42.58612657890221},"abc":{"assignments":0.0,"branches":0.0,"conditions":0.0,"magnitude":0.0,"assignments_average":0.0,"branches_average":0.0,"conditions_average":0.0,"assignments_min":0.0,"assignments_max":0.0,"branches_min":0.0,"branches_max":0.0,"conditions_min":0.0,"conditions_max":0.0}}},{"name":"asn1D_SubjectInfoAccessSyntax","start_line":2442,"end_line":2483,"kind":"function","spaces":[],"metrics":{"nargs":{"total_functions":4.0,"total_closures":0.0,"average_functions":4.0,"average_closures":0.0,"total":4.0,"average":4.0,"functions_min":4.0,"functions_max":4.0,"closures_min":0.0,"closures_max":0.0},"nexits":{"sum":5.0,"average":5.0,"min":5.0,"max":5.0},"cognitive":{"sum":10.0,"average":10.0,"min":10.0,"max":10.0},"cyclomatic":{"sum":8.0,"average":8.0,"min":8.0,"max":8.0},"halstead":{"n1":20.0,"N1":98.0,"n2":32.0,"N2":73.0,"length":171.0,"estimated_program_length":246.43856189774726,"purity_ratio":1.4411611806885805,"vocabulary":52.0,"volume":974.7751918021266,"difficulty":22.8125,"level":0.043835616438356165,"effort":22237.059062986013,"time":1235.3921701658896,"bugs":0.26359083853020443},"loc":{"sloc":42.0,"ploc":32.0,"lloc":25.0,"cloc":1.0,"blank":9.0,"sloc_average":42.0,"ploc_average":32.0,"lloc_average":25.0,"cloc_average":1.0,"blank_average":9.0,"sloc_min":42.0,"sloc_max":42.0,"cloc_min":1.0,"cloc_max":1.0,"ploc_min":32.0,"ploc_max":32.0,"lloc_min":25.0,"lloc_max":25.0,"blank_min":9.0,"blank_max":9.0},"nom":{"functions":1.0,"closures":0.0,"functions_average":1.0,"closures_average":0.0,"total":1.0,"average":1.0,"functions_min":1.0,"functions_max":1.0,"closures_min":0.0,"closures_max":0.0},"mi":{"mi_original":72.82227644992278,"mi_sei":42.01282357112129,"mi_visual_studio":42.58612657890221},"abc":{"assignments":0.0,"branches":0.0,"conditions":0.0,"magnitude":0.0,"assignments_average":0.0,"branches_average":0.0,"conditions_average":0.0,"assignments_min":0.0,"assignments_max":0.0,"branches_min":0.0,"branches_max":0.0,"conditions_min":0.0,"conditions_max":0.0}}},{"name":"asn1D_IssuingDistributionPoint","start_line":2485,"end_line":2718,"kind":"function","spaces":[],"metrics":{"nargs":{"total_functions":4.0,"total_closures":0.0,"average_functions":4.0,"average_closures":0.0,"total":4.0,"average":4.0,"functions_min":4.0,"functions_max":4.0,"closures_min":0.0,"closures_max":0.0},"nexits":{"sum":22.0,"average":22.0,"min":22.0,"max":22.0},"cognitive":{"sum":158.0,"average":158.0,"min":158.0,"max":158.0},"cyclomatic":{"sum":53.0,"average":53.0,"min":53.0,"max":53.0},"halstead":{"n1":27.0,"N1":648.0,"n2":73.0,"N2":442.0,"length":1090.0,"estimated_program_length":580.2391553566549,"purity_ratio":0.5323295003272064,"vocabulary":100.0,"volume":7241.80324685445,"difficulty":81.73972602739725,"level":0.012233953410424,"effort":591943.0133421986,"time":32885.722963455475,"bugs":2.3499863767400795},"loc":{"sloc":234.0,"ploc":185.0,"lloc":159.0,"cloc":8.0,"blank":41.0,"sloc_average":234.0,"ploc_average":185.0,"lloc_average":159.0,"cloc_average":8.0,"blank_average":41.0,"sloc_min":234.0,"sloc_max":234.0,"cloc_min":8.0,"cloc_max":8.0,"ploc_min":185.0,"ploc_max":185.0,"lloc_min":159.0,"lloc_max":159.0,"blank_min":41.0,"blank_max":41.0},"nom":{"functions":1.0,"closures":0.0,"functions_average":1.0,"closures_average":0.0,"total":1.0,"average":1.0,"functions_min":1.0,"functions_max":1.0,"closures_min":0.0,"closures_max":0.0},"mi":{"mi_original":24.21814521881892,"mi_sei":-21.237762472261416,"mi_visual_studio":14.162658022701121},"abc":{"assignments":0.0,"branches":0.0,"conditions":0.0,"magnitude":0.0,"assignments_average":0.0,"branches_average":0.0,"conditions_average":0.0,"assignments_min":0.0,"assignments_max":0.0,"branches_min":0.0,"branches_max":0.0,"conditions_min":0.0,"conditions_max":0.0}}}],"metrics":{"nargs":{"total_functions":172.0,"total_closures":0.0,"average_functions":4.0,"average_closures":0.0,"total":172.0,"average":4.0,"functions_min":0.0,"functions_max":4.0,"closures_min":0.0,"closures_max":0.0},"nexits":{"sum":275.0,"average":6.395348837209302,"min":0.0,"max":22.0},"cognitive":{"sum":1002.0,"average":23.302325581395348,"min":0.0,"max":158.0},"cyclomatic":{"sum":529.0,"average":12.022727272727273,"min":1.0,"max":53.0},"halstead":{"n1":31.0,"N1":7020.0,"n2":305.0,"N2":5000.0,"length":12020.0,"estimated_program_length":2670.643042519319,"purity_ratio":0.22218328140759724,"vocabulary":336.0,"volume":100875.6554218007,"difficulty":254.0983606557377,"level":0.0039354838709677415,"effort":25632338.672752634,"time":1424018.815152924,"bugs":28.978166297067766},"loc":{"sloc":2718.0,"ploc":2047.0,"lloc":1731.0,"cloc":105.0,"blank":566.0,"sloc_average":61.77272727272727,"ploc_average":46.52272727272727,"lloc_average":39.34090909090909,"cloc_average":2.3863636363636362,"blank_average":12.863636363636363,"sloc_min":10.0,"sloc_max":234.0,"cloc_min":0.0,"cloc_max":10.0,"ploc_min":8.0,"ploc_max":185.0,"lloc_min":5.0,"lloc_max":159.0,"blank_min":2.0,"blank_max":44.0},"nom":{"functions":43.0,"closures":0.0,"functions_average":0.9772727272727273,"closures_average":0.0,"total":43.0,"average":0.9772727272727273,"functions_min":0.0,"functions_max":1.0,"closures_min":0.0,"closures_max":0.0},"mi":{"mi_original":-138.68650412948904,"mi_sei":-206.93006045873267,"mi_visual_studio":0.0},"abc":{"assignments":0.0,"branches":0.0,"conditions":0.0,"magnitude":0.0,"assignments_average":0.0,"branches_average":0.0,"conditions_average":0.0,"assignments_min":0.0,"assignments_max":0.0,"branches_min":0.0,"branches_max":0.0,"conditions_min":0.0,"conditions_max":0.0}}}