{"name":"./src/PKIX1Explicit-2009.c","start_line":1,"end_line":457,"kind":"unit","spaces":[{"name":"asn1Init_RelativeDistinguishedName","start_line":136,"end_line":140,"kind":"function","spaces":[],"metrics":{"nargs":{"total_functions":1.0,"total_closures":0.0,"average_functions":1.0,"average_closures":0.0,"total":1.0,"average":1.0,"functions_min":1.0,"functions_max":1.0,"closures_min":0.0,"closures_max":0.0},"nexits":{"sum":1.0,"average":1.0,"min":1.0,"max":1.0},"cognitive":{"sum":0.0,"average":0.0,"min":0.0,"max":0.0},"cyclomatic":{"sum":1.0,"average":1.0,"min":1.0,"max":1.0},"halstead":{"n1":8.0,"N1":9.0,"n2":5.0,"N2":7.0,"length":16.0,"estimated_program_length":35.60964047443681,"purity_ratio":2.2256025296523005,"vocabulary":13.0,"volume":59.207035490257475,"difficulty":5.6,"level":0.17857142857142858,"effort":331.55939874544185,"time":18.41996659696899,"bugs":0.015968090091229327},"loc":{"sloc":5.0,"ploc":5.0,"lloc":2.0,"cloc":0.0,"blank":0.0,"sloc_average":5.0,"ploc_average":5.0,"lloc_average":2.0,"cloc_average":0.0,"blank_average":0.0,"sloc_min":5.0,"sloc_max":5.0,"cloc_min":0.0,"cloc_max":0.0,"ploc_min":5.0,"ploc_max":5.0,"lloc_min":2.0,"lloc_max":2.0,"blank_min":0.0,"blank_max":0.0},"nom":{"functions":1.0,"closures":0.0,"functions_average":1.0,"closures_average":0.0,"total":1.0,"average":1.0,"functions_min":1.0,"functions_max":1.0,"closures_min":0.0,"closures_max":0.0},"mi":{"mi_original":123.47569585520588,"mi_sei":102.5387419480112,"mi_visual_studio":72.20800927205022},"abc":{"assignments":0.0,"branches":0.0,"conditions":0.0,"magnitude":0.0,"assignments_average":0.0,"branches_average":0.0,"conditions_average":0.0,"assignments_min":0.0,"assignments_max":0.0,"branches_min":0.0,"branches_max":0.0,"conditions_min":0.0,"conditions_max":0.0}}},{"name":"asn1Init_RDNSequence","start_line":144,"end_line":149,"kind":"function","spaces":[],"metrics":{"nargs":{"total_functions":1.0,"total_closures":0.0,"average_functions":1.0,"average_closures":0.0,"total":1.0,"average":1.0,"functions_min":1.0,"functions_max":1.0,"closures_min":0.0,"closures_max":0.0},"nexits":{"sum":1.0,"average":1.0,"min":1.0,"max":1.0},"cognitive":{"sum":0.0,"average":0.0,"min":0.0,"max":0.0},"cyclomatic":{"sum":1.0,"average":1.0,"min":1.0,"max":1.0},"halstead":{"n1":8.0,"N1":12.0,"n2":6.0,"N2":10.0,"length":22.0,"estimated_program_length":39.50977500432694,"purity_ratio":1.7958988638330426,"vocabulary":14.0,"volume":83.76180828526729,"difficulty":6.666666666666667,"level":0.15,"effort":558.4120552351153,"time":31.022891957506406,"bugs":0.022603824962077895},"loc":{"sloc":6.0,"ploc":6.0,"lloc":3.0,"cloc":0.0,"blank":0.0,"sloc_average":6.0,"ploc_average":6.0,"lloc_average":3.0,"cloc_average":0.0,"blank_average":0.0,"sloc_min":6.0,"sloc_max":6.0,"cloc_min":0.0,"cloc_max":0.0,"ploc_min":6.0,"ploc_max":6.0,"lloc_min":3.0,"lloc_max":3.0,"blank_min":0.0,"blank_max":0.0},"nom":{"functions":1.0,"closures":0.0,"functions_average":1.0,"closures_average":0.0,"total":1.0,"average":1.0,"functions_min":1.0,"functions_max":1.0,"closures_min":0.0,"closures_max":0.0},"mi":{"mi_original":118.71801539137533,"mi_sei":95.67485993670851,"mi_visual_studio":69.42573999495634},"abc":{"assignments":0.0,"branches":0.0,"conditions":0.0,"magnitude":0.0,"assignments_average":0.0,"branches_average":0.0,"conditions_average":0.0,"assignments_min":0.0,"assignments_max":0.0,"branches_min":0.0,"branches_max":0.0,"conditions_min":0.0,"conditions_max":0.0}}},{"name":"asn1Init_Name","start_line":153,"end_line":158,"kind":"function","spaces":[],"metrics":{"nargs":{"total_functions":1.0,"total_closures":0.0,"average_functions":1.0,"average_closures":0.0,"total":1.0,"average":1.0,"functions_min":1.0,"functions_max":1.0,"closures_min":0.0,"closures_max":0.0},"nexits":{"sum":1.0,"average":1.0,"min":1.0,"max":1.0},"cognitive":{"sum":0.0,"average":0.0,"min":0.0,"max":0.0},"cyclomatic":{"sum":1.0,"average":1.0,"min":1.0,"max":1.0},"halstead":{"n1":11.0,"N1":18.0,"n2":7.0,"N2":13.0,"length":31.0,"estimated_program_length":57.70523225941349,"purity_ratio":1.8614591051423708,"vocabulary":18.0,"volume":129.26767504471167,"difficulty":10.214285714285714,"level":0.0979020979020979,"effort":1320.376966528126,"time":73.35427591822923,"bugs":0.04011844010776506},"loc":{"sloc":6.0,"ploc":6.0,"lloc":3.0,"cloc":0.0,"blank":0.0,"sloc_average":6.0,"ploc_average":6.0,"lloc_average":3.0,"cloc_average":0.0,"blank_average":0.0,"sloc_min":6.0,"sloc_max":6.0,"cloc_min":0.0,"cloc_max":0.0,"ploc_min":6.0,"ploc_max":6.0,"lloc_min":3.0,"lloc_max":3.0,"blank_min":0.0,"blank_max":0.0},"nom":{"functions":1.0,"closures":0.0,"functions_average":1.0,"closures_average":0.0,"total":1.0,"average":1.0,"functions_min":1.0,"functions_max":1.0,"closures_min":0.0,"closures_max":0.0},"mi":{"mi_original":116.46169327318938,"mi_sei":92.41967520615361,"mi_visual_studio":68.10625337613413},"abc":{"assignments":0.0,"branches":0.0,"conditions":0.0,"magnitude":0.0,"assignments_average":0.0,"branches_average":0.0,"conditions_average":0.0,"assignments_min":0.0,"assignments_max":0.0,"branches_min":0.0,"branches_max":0.0,"conditions_min":0.0,"conditions_max":0.0}}},{"name":"asn1Init_AttributeType","start_line":164,"end_line":168,"kind":"function","spaces":[],"metrics":{"nargs":{"total_functions":1.0,"total_closures":0.0,"average_functions":1.0,"average_closures":0.0,"total":1.0,"average":1.0,"functions_min":1.0,"functions_max":1.0,"closures_min":0.0,"closures_max":0.0},"nexits":{"sum":1.0,"average":1.0,"min":1.0,"max":1.0},"cognitive":{"sum":0.0,"average":0.0,"min":0.0,"max":0.0},"cyclomatic":{"sum":1.0,"average":1.0,"min":1.0,"max":1.0},"halstead":{"n1":8.0,"N1":9.0,"n2":5.0,"N2":7.0,"length":16.0,"estimated_program_length":35.60964047443681,"purity_ratio":2.2256025296523005,"vocabulary":13.0,"volume":59.207035490257475,"difficulty":5.6,"level":0.17857142857142858,"effort":331.55939874544185,"time":18.41996659696899,"bugs":0.015968090091229327},"loc":{"sloc":5.0,"ploc":5.0,"lloc":2.0,"cloc":0.0,"blank":0.0,"sloc_average":5.0,"ploc_average":5.0,"lloc_average":2.0,"cloc_average":0.0,"blank_average":0.0,"sloc_min":5.0,"sloc_max":5.0,"cloc_min":0.0,"cloc_max":0.0,"ploc_min":5.0,"ploc_max":5.0,"lloc_min":2.0,"lloc_max":2.0,"blank_min":0.0,"blank_max":0.0},"nom":{"functions":1.0,"closures":0.0,"functions_average":1.0,"closures_average":0.0,"total":1.0,"average":1.0,"functions_min":1.0,"functions_max":1.0,"closures_min":0.0,"closures_max":0.0},"mi":{"mi_original":123.47569585520588,"mi_sei":102.5387419480112,"mi_visual_studio":72.20800927205022},"abc":{"assignments":0.0,"branches":0.0,"conditions":0.0,"magnitude":0.0,"assignments_average":0.0,"branches_average":0.0,"conditions_average":0.0,"assignments_min":0.0,"assignments_max":0.0,"branches_min":0.0,"branches_max":0.0,"conditions_min":0.0,"conditions_max":0.0}}},{"name":"asn1Init_DistinguishedName","start_line":172,"end_line":176,"kind":"function","spaces":[],"metrics":{"nargs":{"total_functions":1.0,"total_closures":0.0,"average_functions":1.0,"average_closures":0.0,"total":1.0,"average":1.0,"functions_min":1.0,"functions_max":1.0,"closures_min":0.0,"closures_max":0.0},"nexits":{"sum":1.0,"average":1.0,"min":1.0,"max":1.0},"cognitive":{"sum":0.0,"average":0.0,"min":0.0,"max":0.0},"cyclomatic":{"sum":1.0,"average":1.0,"min":1.0,"max":1.0},"halstead":{"n1":6.0,"N1":8.0,"n2":5.0,"N2":6.0,"length":14.0,"estimated_program_length":27.11941547876375,"purity_ratio":1.9371011056259821,"vocabulary":11.0,"volume":48.432042660922164,"difficulty":3.6,"level":0.2777777777777778,"effort":174.3553535793198,"time":9.686408532184434,"bugs":0.010403247639062115},"loc":{"sloc":5.0,"ploc":5.0,"lloc":2.0,"cloc":0.0,"blank":0.0,"sloc_average":5.0,"ploc_average":5.0,"lloc_average":2.0,"cloc_average":0.0,"blank_average":0.0,"sloc_min":5.0,"sloc_max":5.0,"cloc_min":0.0,"cloc_max":0.0,"ploc_min":5.0,"ploc_max":5.0,"lloc_min":2.0,"lloc_max":2.0,"blank_min":0.0,"blank_max":0.0},"nom":{"functions":1.0,"closures":0.0,"functions_average":1.0,"closures_average":0.0,"total":1.0,"average":1.0,"functions_min":1.0,"functions_max":1.0,"closures_min":0.0,"closures_max":0.0},"mi":{"mi_original":124.52026532634042,"mi_sei":104.04573714388096,"mi_visual_studio":72.81886861189498},"abc":{"assignments":0.0,"branches":0.0,"conditions":0.0,"magnitude":0.0,"assignments_average":0.0,"branches_average":0.0,"conditions_average":0.0,"assignments_min":0.0,"assignments_max":0.0,"branches_min":0.0,"branches_max":0.0,"conditions_min":0.0,"conditions_max":0.0}}},{"name":"asn1Init_UniqueIdentifier","start_line":182,"end_line":187,"kind":"function","spaces":[],"metrics":{"nargs":{"total_functions":1.0,"total_closures":0.0,"average_functions":1.0,"average_closures":0.0,"total":1.0,"average":1.0,"functions_min":1.0,"functions_max":1.0,"closures_min":0.0,"closures_max":0.0},"nexits":{"sum":1.0,"average":1.0,"min":1.0,"max":1.0},"cognitive":{"sum":0.0,"average":0.0,"min":0.0,"max":0.0},"cyclomatic":{"sum":1.0,"average":1.0,"min":1.0,"max":1.0},"halstead":{"n1":8.0,"N1":12.0,"n2":6.0,"N2":10.0,"length":22.0,"estimated_program_length":39.50977500432694,"purity_ratio":1.7958988638330426,"vocabulary":14.0,"volume":83.76180828526729,"difficulty":6.666666666666667,"level":0.15,"effort":558.4120552351153,"time":31.022891957506406,"bugs":0.022603824962077895},"loc":{"sloc":6.0,"ploc":6.0,"lloc":3.0,"cloc":0.0,"blank":0.0,"sloc_average":6.0,"ploc_average":6.0,"lloc_average":3.0,"cloc_average":0.0,"blank_average":0.0,"sloc_min":6.0,"sloc_max":6.0,"cloc_min":0.0,"cloc_max":0.0,"ploc_min":6.0,"ploc_max":6.0,"lloc_min":3.0,"lloc_max":3.0,"blank_min":0.0,"blank_max":0.0},"nom":{"functions":1.0,"closures":0.0,"functions_average":1.0,"closures_average":0.0,"total":1.0,"average":1.0,"functions_min":1.0,"functions_max":1.0,"closures_min":0.0,"closures_max":0.0},"mi":{"mi_original":118.71801539137533,"mi_sei":95.67485993670851,"mi_visual_studio":69.42573999495634},"abc":{"assignments":0.0,"branches":0.0,"conditions":0.0,"magnitude":0.0,"assignments_average":0.0,"branches_average":0.0,"conditions_average":0.0,"assignments_min":0.0,"assignments_max":0.0,"branches_min":0.0,"branches_max":0.0,"conditions_min":0.0,"conditions_max":0.0}}},{"name":"asn1Init_X520name","start_line":197,"end_line":202,"kind":"function","spaces":[],"metrics":{"nargs":{"total_functions":1.0,"total_closures":0.0,"average_functions":1.0,"average_closures":0.0,"total":1.0,"average":1.0,"functions_min":1.0,"functions_max":1.0,"closures_min":0.0,"closures_max":0.0},"nexits":{"sum":1.0,"average":1.0,"min":1.0,"max":1.0},"cognitive":{"sum":0.0,"average":0.0,"min":0.0,"max":0.0},"cyclomatic":{"sum":1.0,"average":1.0,"min":1.0,"max":1.0},"halstead":{"n1":11.0,"N1":18.0,"n2":7.0,"N2":13.0,"length":31.0,"estimated_program_length":57.70523225941349,"purity_ratio":1.8614591051423708,"vocabulary":18.0,"volume":129.26767504471167,"difficulty":10.214285714285714,"level":0.0979020979020979,"effort":1320.376966528126,"time":73.35427591822923,"bugs":0.04011844010776506},"loc":{"sloc":6.0,"ploc":6.0,"lloc":3.0,"cloc":0.0,"blank":0.0,"sloc_average":6.0,"ploc_average":6.0,"lloc_average":3.0,"cloc_average":0.0,"blank_average":0.0,"sloc_min":6.0,"sloc_max":6.0,"cloc_min":0.0,"cloc_max":0.0,"ploc_min":6.0,"ploc_max":6.0,"lloc_min":3.0,"lloc_max":3.0,"blank_min":0.0,"blank_max":0.0},"nom":{"functions":1.0,"closures":0.0,"functions_average":1.0,"closures_average":0.0,"total":1.0,"average":1.0,"functions_min":1.0,"functions_max":1.0,"closures_min":0.0,"closures_max":0.0},"mi":{"mi_original":116.46169327318938,"mi_sei":92.41967520615361,"mi_visual_studio":68.10625337613413},"abc":{"assignments":0.0,"branches":0.0,"conditions":0.0,"magnitude":0.0,"assignments_average":0.0,"branches_average":0.0,"conditions_average":0.0,"assignments_min":0.0,"assignments_max":0.0,"branches_min":0.0,"branches_max":0.0,"conditions_min":0.0,"conditions_max":0.0}}},{"name":"asn1Init_X520CommonName","start_line":206,"end_line":211,"kind":"function","spaces":[],"metrics":{"nargs":{"total_functions":1.0,"total_closures":0.0,"average_functions":1.0,"average_closures":0.0,"total":1.0,"average":1.0,"functions_min":1.0,"functions_max":1.0,"closures_min":0.0,"closures_max":0.0},"nexits":{"sum":1.0,"average":1.0,"min":1.0,"max":1.0},"cognitive":{"sum":0.0,"average":0.0,"min":0.0,"max":0.0},"cyclomatic":{"sum":1.0,"average":1.0,"min":1.0,"max":1.0},"halstead":{"n1":11.0,"N1":18.0,"n2":7.0,"N2":13.0,"length":31.0,"estimated_program_length":57.70523225941349,"purity_ratio":1.8614591051423708,"vocabulary":18.0,"volume":129.26767504471167,"difficulty":10.214285714285714,"level":0.0979020979020979,"effort":1320.376966528126,"time":73.35427591822923,"bugs":0.04011844010776506},"loc":{"sloc":6.0,"ploc":6.0,"lloc":3.0,"cloc":0.0,"blank":0.0,"sloc_average":6.0,"ploc_average":6.0,"lloc_average":3.0,"cloc_average":0.0,"blank_average":0.0,"sloc_min":6.0,"sloc_max":6.0,"cloc_min":0.0,"cloc_max":0.0,"ploc_min":6.0,"ploc_max":6.0,"lloc_min":3.0,"lloc_max":3.0,"blank_min":0.0,"blank_max":0.0},"nom":{"functions":1.0,"closures":0.0,"functions_average":1.0,"closures_average":0.0,"total":1.0,"average":1.0,"functions_min":1.0,"functions_max":1.0,"closures_min":0.0,"closures_max":0.0},"mi":{"mi_original":116.46169327318938,"mi_sei":92.41967520615361,"mi_visual_studio":68.10625337613413},"abc":{"assignments":0.0,"branches":0.0,"conditions":0.0,"magnitude":0.0,"assignments_average":0.0,"branches_average":0.0,"conditions_average":0.0,"assignments_min":0.0,"assignments_max":0.0,"branches_min":0.0,"branches_max":0.0,"conditions_min":0.0,"conditions_max":0.0}}},{"name":"asn1Init_X520LocalityName","start_line":215,"end_line":220,"kind":"function","spaces":[],"metrics":{"nargs":{"total_functions":1.0,"total_closures":0.0,"average_functions":1.0,"average_closures":0.0,"total":1.0,"average":1.0,"functions_min":1.0,"functions_max":1.0,"closures_min":0.0,"closures_max":0.0},"nexits":{"sum":1.0,"average":1.0,"min":1.0,"max":1.0},"cognitive":{"sum":0.0,"average":0.0,"min":0.0,"max":0.0},"cyclomatic":{"sum":1.0,"average":1.0,"min":1.0,"max":1.0},"halstead":{"n1":11.0,"N1":18.0,"n2":7.0,"N2":13.0,"length":31.0,"estimated_program_length":57.70523225941349,"purity_ratio":1.8614591051423708,"vocabulary":18.0,"volume":129.26767504471167,"difficulty":10.214285714285714,"level":0.0979020979020979,"effort":1320.376966528126,"time":73.35427591822923,"bugs":0.04011844010776506},"loc":{"sloc":6.0,"ploc":6.0,"lloc":3.0,"cloc":0.0,"blank":0.0,"sloc_average":6.0,"ploc_average":6.0,"lloc_average":3.0,"cloc_average":0.0,"blank_average":0.0,"sloc_min":6.0,"sloc_max":6.0,"cloc_min":0.0,"cloc_max":0.0,"ploc_min":6.0,"ploc_max":6.0,"lloc_min":3.0,"lloc_max":3.0,"blank_min":0.0,"blank_max":0.0},"nom":{"functions":1.0,"closures":0.0,"functions_average":1.0,"closures_average":0.0,"total":1.0,"average":1.0,"functions_min":1.0,"functions_max":1.0,"closures_min":0.0,"closures_max":0.0},"mi":{"mi_original":116.46169327318938,"mi_sei":92.41967520615361,"mi_visual_studio":68.10625337613413},"abc":{"assignments":0.0,"branches":0.0,"conditions":0.0,"magnitude":0.0,"assignments_average":0.0,"branches_average":0.0,"conditions_average":0.0,"assignments_min":0.0,"assignments_max":0.0,"branches_min":0.0,"branches_max":0.0,"conditions_min":0.0,"conditions_max":0.0}}},{"name":"asn1Init_X520StateOrProvinceName","start_line":224,"end_line":229,"kind":"function","spaces":[],"metrics":{"nargs":{"total_functions":1.0,"total_closures":0.0,"average_functions":1.0,"average_closures":0.0,"total":1.0,"average":1.0,"functions_min":1.0,"functions_max":1.0,"closures_min":0.0,"closures_max":0.0},"nexits":{"sum":1.0,"average":1.0,"min":1.0,"max":1.0},"cognitive":{"sum":0.0,"average":0.0,"min":0.0,"max":0.0},"cyclomatic":{"sum":1.0,"average":1.0,"min":1.0,"max":1.0},"halstead":{"n1":11.0,"N1":18.0,"n2":7.0,"N2":13.0,"length":31.0,"estimated_program_length":57.70523225941349,"purity_ratio":1.8614591051423708,"vocabulary":18.0,"volume":129.26767504471167,"difficulty":10.214285714285714,"level":0.0979020979020979,"effort":1320.376966528126,"time":73.35427591822923,"bugs":0.04011844010776506},"loc":{"sloc":6.0,"ploc":6.0,"lloc":3.0,"cloc":0.0,"blank":0.0,"sloc_average":6.0,"ploc_average":6.0,"lloc_average":3.0,"cloc_average":0.0,"blank_average":0.0,"sloc_min":6.0,"sloc_max":6.0,"cloc_min":0.0,"cloc_max":0.0,"ploc_min":6.0,"ploc_max":6.0,"lloc_min":3.0,"lloc_max":3.0,"blank_min":0.0,"blank_max":0.0},"nom":{"functions":1.0,"closures":0.0,"functions_average":1.0,"closures_average":0.0,"total":1.0,"average":1.0,"functions_min":1.0,"functions_max":1.0,"closures_min":0.0,"closures_max":0.0},"mi":{"mi_original":116.46169327318938,"mi_sei":92.41967520615361,"mi_visual_studio":68.10625337613413},"abc":{"assignments":0.0,"branches":0.0,"conditions":0.0,"magnitude":0.0,"assignments_average":0.0,"branches_average":0.0,"conditions_average":0.0,"assignments_min":0.0,"assignments_max":0.0,"branches_min":0.0,"branches_max":0.0,"conditions_min":0.0,"conditions_max":0.0}}},{"name":"asn1Init_X520OrganizationName","start_line":233,"end_line":238,"kind":"function","spaces":[],"metrics":{"nargs":{"total_functions":1.0,"total_closures":0.0,"average_functions":1.0,"average_closures":0.0,"total":1.0,"average":1.0,"functions_min":1.0,"functions_max":1.0,"closures_min":0.0,"closures_max":0.0},"nexits":{"sum":1.0,"average":1.0,"min":1.0,"max":1.0},"cognitive":{"sum":0.0,"average":0.0,"min":0.0,"max":0.0},"cyclomatic":{"sum":1.0,"average":1.0,"min":1.0,"max":1.0},"halstead":{"n1":11.0,"N1":18.0,"n2":7.0,"N2":13.0,"length":31.0,"estimated_program_length":57.70523225941349,"purity_ratio":1.8614591051423708,"vocabulary":18.0,"volume":129.26767504471167,"difficulty":10.214285714285714,"level":0.0979020979020979,"effort":1320.376966528126,"time":73.35427591822923,"bugs":0.04011844010776506},"loc":{"sloc":6.0,"ploc":6.0,"lloc":3.0,"cloc":0.0,"blank":0.0,"sloc_average":6.0,"ploc_average":6.0,"lloc_average":3.0,"cloc_average":0.0,"blank_average":0.0,"sloc_min":6.0,"sloc_max":6.0,"cloc_min":0.0,"cloc_max":0.0,"ploc_min":6.0,"ploc_max":6.0,"lloc_min":3.0,"lloc_max":3.0,"blank_min":0.0,"blank_max":0.0},"nom":{"functions":1.0,"closures":0.0,"functions_average":1.0,"closures_average":0.0,"total":1.0,"average":1.0,"functions_min":1.0,"functions_max":1.0,"closures_min":0.0,"closures_max":0.0},"mi":{"mi_original":116.46169327318938,"mi_sei":92.41967520615361,"mi_visual_studio":68.10625337613413},"abc":{"assignments":0.0,"branches":0.0,"conditions":0.0,"magnitude":0.0,"assignments_average":0.0,"branches_average":0.0,"conditions_average":0.0,"assignments_min":0.0,"assignments_max":0.0,"branches_min":0.0,"branches_max":0.0,"conditions_min":0.0,"conditions_max":0.0}}},{"name":"asn1Init_X520OrganizationalUnitName","start_line":242,"end_line":247,"kind":"function","spaces":[],"metrics":{"nargs":{"total_functions":1.0,"total_closures":0.0,"average_functions":1.0,"average_closures":0.0,"total":1.0,"average":1.0,"functions_min":1.0,"functions_max":1.0,"closures_min":0.0,"closures_max":0.0},"nexits":{"sum":1.0,"average":1.0,"min":1.0,"max":1.0},"cognitive":{"sum":0.0,"average":0.0,"min":0.0,"max":0.0},"cyclomatic":{"sum":1.0,"average":1.0,"min":1.0,"max":1.0},"halstead":{"n1":11.0,"N1":18.0,"n2":7.0,"N2":13.0,"length":31.0,"estimated_program_length":57.70523225941349,"purity_ratio":1.8614591051423708,"vocabulary":18.0,"volume":129.26767504471167,"difficulty":10.214285714285714,"level":0.0979020979020979,"effort":1320.376966528126,"time":73.35427591822923,"bugs":0.04011844010776506},"loc":{"sloc":6.0,"ploc":6.0,"lloc":3.0,"cloc":0.0,"blank":0.0,"sloc_average":6.0,"ploc_average":6.0,"lloc_average":3.0,"cloc_average":0.0,"blank_average":0.0,"sloc_min":6.0,"sloc_max":6.0,"cloc_min":0.0,"cloc_max":0.0,"ploc_min":6.0,"ploc_max":6.0,"lloc_min":3.0,"lloc_max":3.0,"blank_min":0.0,"blank_max":0.0},"nom":{"functions":1.0,"closures":0.0,"functions_average":1.0,"closures_average":0.0,"total":1.0,"average":1.0,"functions_min":1.0,"functions_max":1.0,"closures_min":0.0,"closures_max":0.0},"mi":{"mi_original":116.46169327318938,"mi_sei":92.41967520615361,"mi_visual_studio":68.10625337613413},"abc":{"assignments":0.0,"branches":0.0,"conditions":0.0,"magnitude":0.0,"assignments_average":0.0,"branches_average":0.0,"conditions_average":0.0,"assignments_min":0.0,"assignments_max":0.0,"branches_min":0.0,"branches_max":0.0,"conditions_min":0.0,"conditions_max":0.0}}},{"name":"asn1Init_TBSCertificate_signature_","start_line":251,"end_line":258,"kind":"function","spaces":[],"metrics":{"nargs":{"total_functions":1.0,"total_closures":0.0,"average_functions":1.0,"average_closures":0.0,"total":1.0,"average":1.0,"functions_min":1.0,"functions_max":1.0,"closures_min":0.0,"closures_max":0.0},"nexits":{"sum":1.0,"average":1.0,"min":1.0,"max":1.0},"cognitive":{"sum":0.0,"average":0.0,"min":0.0,"max":0.0},"cyclomatic":{"sum":1.0,"average":1.0,"min":1.0,"max":1.0},"halstead":{"n1":12.0,"N1":27.0,"n2":11.0,"N2":22.0,"length":49.0,"estimated_program_length":81.07329781366414,"purity_ratio":1.6545570982380438,"vocabulary":23.0,"volume":221.65453584679364,"difficulty":12.0,"level":0.08333333333333333,"effort":2659.854430161524,"time":147.7696905645291,"bugs":0.06399076831316819},"loc":{"sloc":8.0,"ploc":8.0,"lloc":5.0,"cloc":0.0,"blank":0.0,"sloc_average":8.0,"ploc_average":8.0,"lloc_average":5.0,"cloc_average":0.0,"blank_average":0.0,"sloc_min":8.0,"sloc_max":8.0,"cloc_min":0.0,"cloc_max":0.0,"ploc_min":8.0,"ploc_max":8.0,"lloc_min":5.0,"lloc_max":5.0,"blank_min":0.0,"blank_max":0.0},"nom":{"functions":1.0,"closures":0.0,"functions_average":1.0,"closures_average":0.0,"total":1.0,"average":1.0,"functions_min":1.0,"functions_max":1.0,"closures_min":0.0,"closures_max":0.0},"mi":{"mi_original":108.99722289485396,"mi_sei":81.65072080846647,"mi_visual_studio":63.74106602038243},"abc":{"assignments":0.0,"branches":0.0,"conditions":0.0,"magnitude":0.0,"assignments_average":0.0,"branches_average":0.0,"conditions_average":0.0,"assignments_min":0.0,"assignments_max":0.0,"branches_min":0.0,"branches_max":0.0,"conditions_min":0.0,"conditions_max":0.0}}},{"name":"asn1Init_Time","start_line":262,"end_line":267,"kind":"function","spaces":[],"metrics":{"nargs":{"total_functions":1.0,"total_closures":0.0,"average_functions":1.0,"average_closures":0.0,"total":1.0,"average":1.0,"functions_min":1.0,"functions_max":1.0,"closures_min":0.0,"closures_max":0.0},"nexits":{"sum":1.0,"average":1.0,"min":1.0,"max":1.0},"cognitive":{"sum":0.0,"average":0.0,"min":0.0,"max":0.0},"cyclomatic":{"sum":1.0,"average":1.0,"min":1.0,"max":1.0},"halstead":{"n1":11.0,"N1":18.0,"n2":7.0,"N2":13.0,"length":31.0,"estimated_program_length":57.70523225941349,"purity_ratio":1.8614591051423708,"vocabulary":18.0,"volume":129.26767504471167,"difficulty":10.214285714285714,"level":0.0979020979020979,"effort":1320.376966528126,"time":73.35427591822923,"bugs":0.04011844010776506},"loc":{"sloc":6.0,"ploc":6.0,"lloc":3.0,"cloc":0.0,"blank":0.0,"sloc_average":6.0,"ploc_average":6.0,"lloc_average":3.0,"cloc_average":0.0,"blank_average":0.0,"sloc_min":6.0,"sloc_max":6.0,"cloc_min":0.0,"cloc_max":0.0,"ploc_min":6.0,"ploc_max":6.0,"lloc_min":3.0,"lloc_max":3.0,"blank_min":0.0,"blank_max":0.0},"nom":{"functions":1.0,"closures":0.0,"functions_average":1.0,"closures_average":0.0,"total":1.0,"average":1.0,"functions_min":1.0,"functions_max":1.0,"closures_min":0.0,"closures_max":0.0},"mi":{"mi_original":116.46169327318938,"mi_sei":92.41967520615361,"mi_visual_studio":68.10625337613413},"abc":{"assignments":0.0,"branches":0.0,"conditions":0.0,"magnitude":0.0,"assignments_average":0.0,"branches_average":0.0,"conditions_average":0.0,"assignments_min":0.0,"assignments_max":0.0,"branches_min":0.0,"branches_max":0.0,"conditions_min":0.0,"conditions_max":0.0}}},{"name":"asn1Init_Validity","start_line":271,"end_line":276,"kind":"function","spaces":[],"metrics":{"nargs":{"total_functions":1.0,"total_closures":0.0,"average_functions":1.0,"average_closures":0.0,"total":1.0,"average":1.0,"functions_min":1.0,"functions_max":1.0,"closures_min":0.0,"closures_max":0.0},"nexits":{"sum":1.0,"average":1.0,"min":1.0,"max":1.0},"cognitive":{"sum":0.0,"average":0.0,"min":0.0,"max":0.0},"cyclomatic":{"sum":1.0,"average":1.0,"min":1.0,"max":1.0},"halstead":{"n1":8.0,"N1":14.0,"n2":7.0,"N2":10.0,"length":24.0,"estimated_program_length":43.65148445440323,"purity_ratio":1.8188118522668013,"vocabulary":15.0,"volume":93.76537429460444,"difficulty":5.714285714285714,"level":0.175,"effort":535.8021388263111,"time":29.766785490350614,"bugs":0.02198948410727374},"loc":{"sloc":6.0,"ploc":6.0,"lloc":3.0,"cloc":0.0,"blank":0.0,"sloc_average":6.0,"ploc_average":6.0,"lloc_average":3.0,"cloc_average":0.0,"blank_average":0.0,"sloc_min":6.0,"sloc_max":6.0,"cloc_min":0.0,"cloc_max":0.0,"ploc_min":6.0,"ploc_max":6.0,"lloc_min":3.0,"lloc_max":3.0,"blank_min":0.0,"blank_max":0.0},"nom":{"functions":1.0,"closures":0.0,"functions_average":1.0,"closures_average":0.0,"total":1.0,"average":1.0,"functions_min":1.0,"functions_max":1.0,"closures_min":0.0,"closures_max":0.0},"mi":{"mi_original":118.1313592503243,"mi_sei":94.82849403130714,"mi_visual_studio":69.08266622825982},"abc":{"assignments":0.0,"branches":0.0,"conditions":0.0,"magnitude":0.0,"assignments_average":0.0,"branches_average":0.0,"conditions_average":0.0,"assignments_min":0.0,"assignments_max":0.0,"branches_min":0.0,"branches_max":0.0,"conditions_min":0.0,"conditions_max":0.0}}},{"name":"asn1Init_SubjectPublicKeyInfo_algorithm","start_line":280,"end_line":288,"kind":"function","spaces":[],"metrics":{"nargs":{"total_functions":1.0,"total_closures":0.0,"average_functions":1.0,"average_closures":0.0,"total":1.0,"average":1.0,"functions_min":1.0,"functions_max":1.0,"closures_min":0.0,"closures_max":0.0},"nexits":{"sum":1.0,"average":1.0,"min":1.0,"max":1.0},"cognitive":{"sum":0.0,"average":0.0,"min":0.0,"max":0.0},"cyclomatic":{"sum":1.0,"average":1.0,"min":1.0,"max":1.0},"halstead":{"n1":12.0,"N1":27.0,"n2":11.0,"N2":22.0,"length":49.0,"estimated_program_length":81.07329781366414,"purity_ratio":1.6545570982380438,"vocabulary":23.0,"volume":221.65453584679364,"difficulty":12.0,"level":0.08333333333333333,"effort":2659.854430161524,"time":147.7696905645291,"bugs":0.06399076831316819},"loc":{"sloc":9.0,"ploc":9.0,"lloc":5.0,"cloc":0.0,"blank":0.0,"sloc_average":9.0,"ploc_average":9.0,"lloc_average":5.0,"cloc_average":0.0,"blank_average":0.0,"sloc_min":9.0,"sloc_max":9.0,"cloc_min":0.0,"cloc_max":0.0,"ploc_min":9.0,"ploc_max":9.0,"lloc_min":5.0,"lloc_max":5.0,"blank_min":0.0,"blank_max":0.0},"nom":{"functions":1.0,"closures":0.0,"functions_average":1.0,"closures_average":0.0,"total":1.0,"average":1.0,"functions_min":1.0,"functions_max":1.0,"closures_min":0.0,"closures_max":0.0},"mi":{"mi_original":107.08913771722054,"mi_sei":78.89793578510101,"mi_visual_studio":62.62522673521669},"abc":{"assignments":0.0,"branches":0.0,"conditions":0.0,"magnitude":0.0,"assignments_average":0.0,"branches_average":0.0,"conditions_average":0.0,"assignments_min":0.0,"assignments_max":0.0,"branches_min":0.0,"branches_max":0.0,"conditions_min":0.0,"conditions_max":0.0}}},{"name":"asn1Init_SubjectPublicKeyInfo","start_line":292,"end_line":298,"kind":"function","spaces":[],"metrics":{"nargs":{"total_functions":1.0,"total_closures":0.0,"average_functions":1.0,"average_closures":0.0,"total":1.0,"average":1.0,"functions_min":1.0,"functions_max":1.0,"closures_min":0.0,"closures_max":0.0},"nexits":{"sum":1.0,"average":1.0,"min":1.0,"max":1.0},"cognitive":{"sum":0.0,"average":0.0,"min":0.0,"max":0.0},"cyclomatic":{"sum":1.0,"average":1.0,"min":1.0,"max":1.0},"halstead":{"n1":10.0,"N1":18.0,"n2":9.0,"N2":15.0,"length":33.0,"estimated_program_length":61.74860596185444,"purity_ratio":1.8711698776319527,"vocabulary":19.0,"volume":140.1816079436383,"difficulty":8.333333333333334,"level":0.12,"effort":1168.180066196986,"time":64.89889256649923,"bugs":0.03697304954311173},"loc":{"sloc":7.0,"ploc":7.0,"lloc":4.0,"cloc":0.0,"blank":0.0,"sloc_average":7.0,"ploc_average":7.0,"lloc_average":4.0,"cloc_average":0.0,"blank_average":0.0,"sloc_min":7.0,"sloc_max":7.0,"cloc_min":0.0,"cloc_max":0.0,"ploc_min":7.0,"ploc_max":7.0,"lloc_min":4.0,"lloc_max":4.0,"blank_min":0.0,"blank_max":0.0},"nom":{"functions":1.0,"closures":0.0,"functions_average":1.0,"closures_average":0.0,"total":1.0,"average":1.0,"functions_min":1.0,"functions_max":1.0,"closures_min":0.0,"closures_max":0.0},"mi":{"mi_original":113.54297392113875,"mi_sei":88.20885327120351,"mi_visual_studio":66.39939995388231},"abc":{"assignments":0.0,"branches":0.0,"conditions":0.0,"magnitude":0.0,"assignments_average":0.0,"branches_average":0.0,"conditions_average":0.0,"assignments_min":0.0,"assignments_max":0.0,"branches_min":0.0,"branches_max":0.0,"conditions_min":0.0,"conditions_max":0.0}}},{"name":"asn1Init_TBSCertificate","start_line":302,"end_line":316,"kind":"function","spaces":[],"metrics":{"nargs":{"total_functions":1.0,"total_closures":0.0,"average_functions":1.0,"average_closures":0.0,"total":1.0,"average":1.0,"functions_min":1.0,"functions_max":1.0,"closures_min":0.0,"closures_max":0.0},"nexits":{"sum":1.0,"average":1.0,"min":1.0,"max":1.0},"cognitive":{"sum":0.0,"average":0.0,"min":0.0,"max":0.0},"cyclomatic":{"sum":1.0,"average":1.0,"min":1.0,"max":1.0},"halstead":{"n1":11.0,"N1":54.0,"n2":24.0,"N2":40.0,"length":94.0,"estimated_program_length":148.09284782231802,"purity_ratio":1.5754558278970001,"vocabulary":35.0,"volume":482.15260359282684,"difficulty":9.166666666666666,"level":0.1090909090909091,"effort":4419.732199600912,"time":245.54067775560623,"bugs":0.08977237512152696},"loc":{"sloc":15.0,"ploc":15.0,"lloc":12.0,"cloc":0.0,"blank":0.0,"sloc_average":15.0,"ploc_average":15.0,"lloc_average":12.0,"cloc_average":0.0,"blank_average":0.0,"sloc_min":15.0,"sloc_max":15.0,"cloc_min":0.0,"cloc_max":0.0,"ploc_min":15.0,"ploc_max":15.0,"lloc_min":12.0,"lloc_max":12.0,"blank_min":0.0,"blank_max":0.0},"nom":{"functions":1.0,"closures":0.0,"functions_average":1.0,"closures_average":0.0,"total":1.0,"average":1.0,"functions_min":1.0,"functions_max":1.0,"closures_min":0.0,"closures_max":0.0},"mi":{"mi_original":94.77263126383198,"mi_sei":61.128973003720446,"mi_visual_studio":55.422591382357886},"abc":{"assignments":0.0,"branches":0.0,"conditions":0.0,"magnitude":0.0,"assignments_average":0.0,"branches_average":0.0,"conditions_average":0.0,"assignments_min":0.0,"assignments_max":0.0,"branches_min":0.0,"branches_max":0.0,"conditions_min":0.0,"conditions_max":0.0}}},{"name":"asn1Init_Certificate_algorithm","start_line":320,"end_line":327,"kind":"function","spaces":[],"metrics":{"nargs":{"total_functions":1.0,"total_closures":0.0,"average_functions":1.0,"average_closures":0.0,"total":1.0,"average":1.0,"functions_min":1.0,"functions_max":1.0,"closures_min":0.0,"closures_max":0.0},"nexits":{"sum":1.0,"average":1.0,"min":1.0,"max":1.0},"cognitive":{"sum":0.0,"average":0.0,"min":0.0,"max":0.0},"cyclomatic":{"sum":1.0,"average":1.0,"min":1.0,"max":1.0},"halstead":{"n1":12.0,"N1":27.0,"n2":11.0,"N2":22.0,"length":49.0,"estimated_program_length":81.07329781366414,"purity_ratio":1.6545570982380438,"vocabulary":23.0,"volume":221.65453584679364,"difficulty":12.0,"level":0.08333333333333333,"effort":2659.854430161524,"time":147.7696905645291,"bugs":0.06399076831316819},"loc":{"sloc":8.0,"ploc":8.0,"lloc":5.0,"cloc":0.0,"blank":0.0,"sloc_average":8.0,"ploc_average":8.0,"lloc_average":5.0,"cloc_average":0.0,"blank_average":0.0,"sloc_min":8.0,"sloc_max":8.0,"cloc_min":0.0,"cloc_max":0.0,"ploc_min":8.0,"ploc_max":8.0,"lloc_min":5.0,"lloc_max":5.0,"blank_min":0.0,"blank_max":0.0},"nom":{"functions":1.0,"closures":0.0,"functions_average":1.0,"closures_average":0.0,"total":1.0,"average":1.0,"functions_min":1.0,"functions_max":1.0,"closures_min":0.0,"closures_max":0.0},"mi":{"mi_original":108.99722289485396,"mi_sei":81.65072080846647,"mi_visual_studio":63.74106602038243},"abc":{"assignments":0.0,"branches":0.0,"conditions":0.0,"magnitude":0.0,"assignments_average":0.0,"branches_average":0.0,"conditions_average":0.0,"assignments_min":0.0,"assignments_max":0.0,"branches_min":0.0,"branches_max":0.0,"conditions_min":0.0,"conditions_max":0.0}}},{"name":"asn1Init_Certificate","start_line":331,"end_line":338,"kind":"function","spaces":[],"metrics":{"nargs":{"total_functions":1.0,"total_closures":0.0,"average_functions":1.0,"average_closures":0.0,"total":1.0,"average":1.0,"functions_min":1.0,"functions_max":1.0,"closures_min":0.0,"closures_max":0.0},"nexits":{"sum":1.0,"average":1.0,"min":1.0,"max":1.0},"cognitive":{"sum":0.0,"average":0.0,"min":0.0,"max":0.0},"cyclomatic":{"sum":1.0,"average":1.0,"min":1.0,"max":1.0},"halstead":{"n1":10.0,"N1":22.0,"n2":11.0,"N2":18.0,"length":40.0,"estimated_program_length":71.27302875388389,"purity_ratio":1.7818257188470974,"vocabulary":21.0,"volume":175.69269691115042,"difficulty":8.181818181818182,"level":0.12222222222222222,"effort":1437.4857020003217,"time":79.86031677779565,"bugs":0.04245684983318792},"loc":{"sloc":8.0,"ploc":8.0,"lloc":5.0,"cloc":0.0,"blank":0.0,"sloc_average":8.0,"ploc_average":8.0,"lloc_average":5.0,"cloc_average":0.0,"blank_average":0.0,"sloc_min":8.0,"sloc_max":8.0,"cloc_min":0.0,"cloc_max":0.0,"ploc_min":8.0,"ploc_max":8.0,"lloc_min":5.0,"lloc_max":5.0,"blank_min":0.0,"blank_max":0.0},"nom":{"functions":1.0,"closures":0.0,"functions_average":1.0,"closures_average":0.0,"total":1.0,"average":1.0,"functions_min":1.0,"functions_max":1.0,"closures_min":0.0,"closures_max":0.0},"mi":{"mi_original":110.20561759577762,"mi_sei":83.39406585092559,"mi_visual_studio":64.44772958817404},"abc":{"assignments":0.0,"branches":0.0,"conditions":0.0,"magnitude":0.0,"assignments_average":0.0,"branches_average":0.0,"conditions_average":0.0,"assignments_min":0.0,"assignments_max":0.0,"branches_min":0.0,"branches_max":0.0,"conditions_min":0.0,"conditions_max":0.0}}},{"name":"asn1Init_TBSCertList_signature_","start_line":342,"end_line":349,"kind":"function","spaces":[],"metrics":{"nargs":{"total_functions":1.0,"total_closures":0.0,"average_functions":1.0,"average_closures":0.0,"total":1.0,"average":1.0,"functions_min":1.0,"functions_max":1.0,"closures_min":0.0,"closures_max":0.0},"nexits":{"sum":1.0,"average":1.0,"min":1.0,"max":1.0},"cognitive":{"sum":0.0,"average":0.0,"min":0.0,"max":0.0},"cyclomatic":{"sum":1.0,"average":1.0,"min":1.0,"max":1.0},"halstead":{"n1":12.0,"N1":27.0,"n2":11.0,"N2":22.0,"length":49.0,"estimated_program_length":81.07329781366414,"purity_ratio":1.6545570982380438,"vocabulary":23.0,"volume":221.65453584679364,"difficulty":12.0,"level":0.08333333333333333,"effort":2659.854430161524,"time":147.7696905645291,"bugs":0.06399076831316819},"loc":{"sloc":8.0,"ploc":8.0,"lloc":5.0,"cloc":0.0,"blank":0.0,"sloc_average":8.0,"ploc_average":8.0,"lloc_average":5.0,"cloc_average":0.0,"blank_average":0.0,"sloc_min":8.0,"sloc_max":8.0,"cloc_min":0.0,"cloc_max":0.0,"ploc_min":8.0,"ploc_max":8.0,"lloc_min":5.0,"lloc_max":5.0,"blank_min":0.0,"blank_max":0.0},"nom":{"functions":1.0,"closures":0.0,"functions_average":1.0,"closures_average":0.0,"total":1.0,"average":1.0,"functions_min":1.0,"functions_max":1.0,"closures_min":0.0,"closures_max":0.0},"mi":{"mi_original":108.99722289485396,"mi_sei":81.65072080846647,"mi_visual_studio":63.74106602038243},"abc":{"assignments":0.0,"branches":0.0,"conditions":0.0,"magnitude":0.0,"assignments_average":0.0,"branches_average":0.0,"conditions_average":0.0,"assignments_min":0.0,"assignments_max":0.0,"branches_min":0.0,"branches_max":0.0,"conditions_min":0.0,"conditions_max":0.0}}},{"name":"asn1Init_TBSCertList_revokedCertificates_element","start_line":353,"end_line":361,"kind":"function","spaces":[],"metrics":{"nargs":{"total_functions":1.0,"total_closures":0.0,"average_functions":1.0,"average_closures":0.0,"total":1.0,"average":1.0,"functions_min":1.0,"functions_max":1.0,"closures_min":0.0,"closures_max":0.0},"nexits":{"sum":1.0,"average":1.0,"min":1.0,"max":1.0},"cognitive":{"sum":0.0,"average":0.0,"min":0.0,"max":0.0},"cyclomatic":{"sum":1.0,"average":1.0,"min":1.0,"max":1.0},"halstead":{"n1":10.0,"N1":27.0,"n2":12.0,"N2":19.0,"length":46.0,"estimated_program_length":76.2388309575275,"purity_ratio":1.6573658903810327,"vocabulary":22.0,"volume":205.13385445731566,"difficulty":7.916666666666667,"level":0.12631578947368421,"effort":1623.9763477870824,"time":90.22090821039347,"bugs":0.046053772551821796},"loc":{"sloc":9.0,"ploc":9.0,"lloc":5.0,"cloc":0.0,"blank":0.0,"sloc_average":9.0,"ploc_average":9.0,"lloc_average":5.0,"cloc_average":0.0,"blank_average":0.0,"sloc_min":9.0,"sloc_max":9.0,"cloc_min":0.0,"cloc_max":0.0,"ploc_min":9.0,"ploc_max":9.0,"lloc_min":5.0,"lloc_max":5.0,"blank_min":0.0,"blank_max":0.0},"nom":{"functions":1.0,"closures":0.0,"functions_average":1.0,"closures_average":0.0,"total":1.0,"average":1.0,"functions_min":1.0,"functions_max":1.0,"closures_min":0.0,"closures_max":0.0},"mi":{"mi_original":107.49191573106422,"mi_sei":79.47902162825243,"mi_visual_studio":62.86076943337089},"abc":{"assignments":0.0,"branches":0.0,"conditions":0.0,"magnitude":0.0,"assignments_average":0.0,"branches_average":0.0,"conditions_average":0.0,"assignments_min":0.0,"assignments_max":0.0,"branches_min":0.0,"branches_max":0.0,"conditions_min":0.0,"conditions_max":0.0}}},{"name":"asn1Init_TBSCertList_revokedCertificates","start_line":365,"end_line":370,"kind":"function","spaces":[],"metrics":{"nargs":{"total_functions":1.0,"total_closures":0.0,"average_functions":1.0,"average_closures":0.0,"total":1.0,"average":1.0,"functions_min":1.0,"functions_max":1.0,"closures_min":0.0,"closures_max":0.0},"nexits":{"sum":1.0,"average":1.0,"min":1.0,"max":1.0},"cognitive":{"sum":0.0,"average":0.0,"min":0.0,"max":0.0},"cyclomatic":{"sum":1.0,"average":1.0,"min":1.0,"max":1.0},"halstead":{"n1":8.0,"N1":9.0,"n2":5.0,"N2":7.0,"length":16.0,"estimated_program_length":35.60964047443681,"purity_ratio":2.2256025296523005,"vocabulary":13.0,"volume":59.207035490257475,"difficulty":5.6,"level":0.17857142857142858,"effort":331.55939874544185,"time":18.41996659696899,"bugs":0.015968090091229327},"loc":{"sloc":6.0,"ploc":6.0,"lloc":2.0,"cloc":0.0,"blank":0.0,"sloc_average":6.0,"ploc_average":6.0,"lloc_average":2.0,"cloc_average":0.0,"blank_average":0.0,"sloc_min":6.0,"sloc_max":6.0,"cloc_min":0.0,"cloc_max":0.0,"ploc_min":6.0,"ploc_max":6.0,"lloc_min":2.0,"lloc_max":2.0,"blank_min":0.0,"blank_max":0.0},"nom":{"functions":1.0,"closures":0.0,"functions_average":1.0,"closures_average":0.0,"total":1.0,"average":1.0,"functions_min":1.0,"functions_max":1.0,"closures_min":0.0,"closures_max":0.0},"mi":{"mi_original":120.52208663514381,"mi_sei":98.27758457350373,"mi_visual_studio":70.48075241821275},"abc":{"assignments":0.0,"branches":0.0,"conditions":0.0,"magnitude":0.0,"assignments_average":0.0,"branches_average":0.0,"conditions_average":0.0,"assignments_min":0.0,"assignments_max":0.0,"branches_min":0.0,"branches_max":0.0,"conditions_min":0.0,"conditions_max":0.0}}},{"name":"asn1Init_TBSCertList","start_line":374,"end_line":385,"kind":"function","spaces":[],"metrics":{"nargs":{"total_functions":1.0,"total_closures":0.0,"average_functions":1.0,"average_closures":0.0,"total":1.0,"average":1.0,"functions_min":1.0,"functions_max":1.0,"closures_min":0.0,"closures_max":0.0},"nexits":{"sum":1.0,"average":1.0,"min":1.0,"max":1.0},"cognitive":{"sum":0.0,"average":0.0,"min":0.0,"max":0.0},"cyclomatic":{"sum":1.0,"average":1.0,"min":1.0,"max":1.0},"halstead":{"n1":10.0,"N1":43.0,"n2":19.0,"N2":31.0,"length":74.0,"estimated_program_length":113.92990370430175,"purity_ratio":1.539593293301375,"vocabulary":29.0,"volume":359.4905936394403,"difficulty":8.157894736842104,"level":0.12258064516129033,"effort":2932.686421795434,"time":162.92702343307965,"bugs":0.06829504007858514},"loc":{"sloc":12.0,"ploc":12.0,"lloc":9.0,"cloc":0.0,"blank":0.0,"sloc_average":12.0,"ploc_average":12.0,"lloc_average":9.0,"cloc_average":0.0,"blank_average":0.0,"sloc_min":12.0,"sloc_max":12.0,"cloc_min":0.0,"cloc_max":0.0,"ploc_min":12.0,"ploc_max":12.0,"lloc_min":9.0,"lloc_max":9.0,"blank_min":0.0,"blank_max":0.0},"nom":{"functions":1.0,"closures":0.0,"functions_average":1.0,"closures_average":0.0,"total":1.0,"average":1.0,"functions_min":1.0,"functions_max":1.0,"closures_min":0.0,"closures_max":0.0},"mi":{"mi_original":99.91413461259955,"mi_sei":68.54659438770139,"mi_visual_studio":58.42931848690032},"abc":{"assignments":0.0,"branches":0.0,"conditions":0.0,"magnitude":0.0,"assignments_average":0.0,"branches_average":0.0,"conditions_average":0.0,"assignments_min":0.0,"assignments_max":0.0,"branches_min":0.0,"branches_max":0.0,"conditions_min":0.0,"conditions_max":0.0}}},{"name":"asn1Init_CertificateList_algorithm","start_line":389,"end_line":396,"kind":"function","spaces":[],"metrics":{"nargs":{"total_functions":1.0,"total_closures":0.0,"average_functions":1.0,"average_closures":0.0,"total":1.0,"average":1.0,"functions_min":1.0,"functions_max":1.0,"closures_min":0.0,"closures_max":0.0},"nexits":{"sum":1.0,"average":1.0,"min":1.0,"max":1.0},"cognitive":{"sum":0.0,"average":0.0,"min":0.0,"max":0.0},"cyclomatic":{"sum":1.0,"average":1.0,"min":1.0,"max":1.0},"halstead":{"n1":12.0,"N1":27.0,"n2":11.0,"N2":22.0,"length":49.0,"estimated_program_length":81.07329781366414,"purity_ratio":1.6545570982380438,"vocabulary":23.0,"volume":221.65453584679364,"difficulty":12.0,"level":0.08333333333333333,"effort":2659.854430161524,"time":147.7696905645291,"bugs":0.06399076831316819},"loc":{"sloc":8.0,"ploc":8.0,"lloc":5.0,"cloc":0.0,"blank":0.0,"sloc_average":8.0,"ploc_average":8.0,"lloc_average":5.0,"cloc_average":0.0,"blank_average":0.0,"sloc_min":8.0,"sloc_max":8.0,"cloc_min":0.0,"cloc_max":0.0,"ploc_min":8.0,"ploc_max":8.0,"lloc_min":5.0,"lloc_max":5.0,"blank_min":0.0,"blank_max":0.0},"nom":{"functions":1.0,"closures":0.0,"functions_average":1.0,"closures_average":0.0,"total":1.0,"average":1.0,"functions_min":1.0,"functions_max":1.0,"closures_min":0.0,"closures_max":0.0},"mi":{"mi_original":108.99722289485396,"mi_sei":81.65072080846647,"mi_visual_studio":63.74106602038243},"abc":{"assignments":0.0,"branches":0.0,"conditions":0.0,"magnitude":0.0,"assignments_average":0.0,"branches_average":0.0,"conditions_average":0.0,"assignments_min":0.0,"assignments_max":0.0,"branches_min":0.0,"branches_max":0.0,"conditions_min":0.0,"conditions_max":0.0}}},{"name":"asn1Init_CertificateList","start_line":400,"end_line":407,"kind":"function","spaces":[],"metrics":{"nargs":{"total_functions":1.0,"total_closures":0.0,"average_functions":1.0,"average_closures":0.0,"total":1.0,"average":1.0,"functions_min":1.0,"functions_max":1.0,"closures_min":0.0,"closures_max":0.0},"nexits":{"sum":1.0,"average":1.0,"min":1.0,"max":1.0},"cognitive":{"sum":0.0,"average":0.0,"min":0.0,"max":0.0},"cyclomatic":{"sum":1.0,"average":1.0,"min":1.0,"max":1.0},"halstead":{"n1":10.0,"N1":22.0,"n2":11.0,"N2":18.0,"length":40.0,"estimated_program_length":71.27302875388389,"purity_ratio":1.7818257188470974,"vocabulary":21.0,"volume":175.69269691115042,"difficulty":8.181818181818182,"level":0.12222222222222222,"effort":1437.4857020003217,"time":79.86031677779565,"bugs":0.04245684983318792},"loc":{"sloc":8.0,"ploc":8.0,"lloc":5.0,"cloc":0.0,"blank":0.0,"sloc_average":8.0,"ploc_average":8.0,"lloc_average":5.0,"cloc_average":0.0,"blank_average":0.0,"sloc_min":8.0,"sloc_max":8.0,"cloc_min":0.0,"cloc_max":0.0,"ploc_min":8.0,"ploc_max":8.0,"lloc_min":5.0,"lloc_max":5.0,"blank_min":0.0,"blank_max":0.0},"nom":{"functions":1.0,"closures":0.0,"functions_average":1.0,"closures_average":0.0,"total":1.0,"average":1.0,"functions_min":1.0,"functions_max":1.0,"closures_min":0.0,"closures_max":0.0},"mi":{"mi_original":110.20561759577762,"mi_sei":83.39406585092559,"mi_visual_studio":64.44772958817404},"abc":{"assignments":0.0,"branches":0.0,"conditions":0.0,"magnitude":0.0,"assignments_average":0.0,"branches_average":0.0,"conditions_average":0.0,"assignments_min":0.0,"assignments_max":0.0,"branches_min":0.0,"branches_max":0.0,"conditions_min":0.0,"conditions_max":0.0}}},{"name":"asn1Init__at_x520StateOrProvinceName_Type","start_line":411,"end_line":417,"kind":"function","spaces":[],"metrics":{"nargs":{"total_functions":1.0,"total_closures":0.0,"average_functions":1.0,"average_closures":0.0,"total":1.0,"average":1.0,"functions_min":1.0,"functions_max":1.0,"closures_min":0.0,"closures_max":0.0},"nexits":{"sum":1.0,"average":1.0,"min":1.0,"max":1.0},"cognitive":{"sum":0.0,"average":0.0,"min":0.0,"max":0.0},"cyclomatic":{"sum":1.0,"average":1.0,"min":1.0,"max":1.0},"halstead":{"n1":11.0,"N1":24.0,"n2":8.0,"N2":16.0,"length":40.0,"estimated_program_length":62.05374780501027,"purity_ratio":1.5513436951252566,"vocabulary":19.0,"volume":169.9171005377434,"difficulty":11.0,"level":0.09090909090909091,"effort":1869.0881059151775,"time":103.83822810639874,"bugs":0.05057842031520551},"loc":{"sloc":7.0,"ploc":7.0,"lloc":4.0,"cloc":0.0,"blank":0.0,"sloc_average":7.0,"ploc_average":7.0,"lloc_average":4.0,"cloc_average":0.0,"blank_average":0.0,"sloc_min":7.0,"sloc_max":7.0,"cloc_min":0.0,"cloc_max":0.0,"ploc_min":7.0,"ploc_max":7.0,"lloc_min":4.0,"lloc_max":4.0,"blank_min":0.0,"blank_max":0.0},"nom":{"functions":1.0,"closures":0.0,"functions_average":1.0,"closures_average":0.0,"total":1.0,"average":1.0,"functions_min":1.0,"functions_max":1.0,"closures_min":0.0,"closures_max":0.0},"mi":{"mi_original":112.54264007937198,"mi_sei":86.76567659845318,"mi_visual_studio":65.81440940314151},"abc":{"assignments":0.0,"branches":0.0,"conditions":0.0,"magnitude":0.0,"assignments_average":0.0,"branches_average":0.0,"conditions_average":0.0,"assignments_min":0.0,"assignments_max":0.0,"branches_min":0.0,"branches_max":0.0,"conditions_min":0.0,"conditions_max":0.0}}},{"name":"asn1Init__at_x520OrganizationName_Type","start_line":421,"end_line":427,"kind":"function","spaces":[],"metrics":{"nargs":{"total_functions":1.0,"total_closures":0.0,"average_functions":1.0,"average_closures":0.0,"total":1.0,"average":1.0,"functions_min":1.0,"functions_max":1.0,"closures_min":0.0,"closures_max":0.0},"nexits":{"sum":1.0,"average":1.0,"min":1.0,"max":1.0},"cognitive":{"sum":0.0,"average":0.0,"min":0.0,"max":0.0},"cyclomatic":{"sum":1.0,"average":1.0,"min":1.0,"max":1.0},"halstead":{"n1":11.0,"N1":24.0,"n2":8.0,"N2":16.0,"length":40.0,"estimated_program_length":62.05374780501027,"purity_ratio":1.5513436951252566,"vocabulary":19.0,"volume":169.9171005377434,"difficulty":11.0,"level":0.09090909090909091,"effort":1869.0881059151775,"time":103.83822810639874,"bugs":0.05057842031520551},"loc":{"sloc":7.0,"ploc":7.0,"lloc":4.0,"cloc":0.0,"blank":0.0,"sloc_average":7.0,"ploc_average":7.0,"lloc_average":4.0,"cloc_average":0.0,"blank_average":0.0,"sloc_min":7.0,"sloc_max":7.0,"cloc_min":0.0,"cloc_max":0.0,"ploc_min":7.0,"ploc_max":7.0,"lloc_min":4.0,"lloc_max":4.0,"blank_min":0.0,"blank_max":0.0},"nom":{"functions":1.0,"closures":0.0,"functions_average":1.0,"closures_average":0.0,"total":1.0,"average":1.0,"functions_min":1.0,"functions_max":1.0,"closures_min":0.0,"closures_max":0.0},"mi":{"mi_original":112.54264007937198,"mi_sei":86.76567659845318,"mi_visual_studio":65.81440940314151},"abc":{"assignments":0.0,"branches":0.0,"conditions":0.0,"magnitude":0.0,"assignments_average":0.0,"branches_average":0.0,"conditions_average":0.0,"assignments_min":0.0,"assignments_max":0.0,"branches_min":0.0,"branches_max":0.0,"conditions_min":0.0,"conditions_max":0.0}}},{"name":"asn1Init__at_x520OrganizationalUnitName_Type","start_line":431,"end_line":437,"kind":"function","spaces":[],"metrics":{"nargs":{"total_functions":1.0,"total_closures":0.0,"average_functions":1.0,"average_closures":0.0,"total":1.0,"average":1.0,"functions_min":1.0,"functions_max":1.0,"closures_min":0.0,"closures_max":0.0},"nexits":{"sum":1.0,"average":1.0,"min":1.0,"max":1.0},"cognitive":{"sum":0.0,"average":0.0,"min":0.0,"max":0.0},"cyclomatic":{"sum":1.0,"average":1.0,"min":1.0,"max":1.0},"halstead":{"n1":11.0,"N1":24.0,"n2":8.0,"N2":16.0,"length":40.0,"estimated_program_length":62.05374780501027,"purity_ratio":1.5513436951252566,"vocabulary":19.0,"volume":169.9171005377434,"difficulty":11.0,"level":0.09090909090909091,"effort":1869.0881059151775,"time":103.83822810639874,"bugs":0.05057842031520551},"loc":{"sloc":7.0,"ploc":7.0,"lloc":4.0,"cloc":0.0,"blank":0.0,"sloc_average":7.0,"ploc_average":7.0,"lloc_average":4.0,"cloc_average":0.0,"blank_average":0.0,"sloc_min":7.0,"sloc_max":7.0,"cloc_min":0.0,"cloc_max":0.0,"ploc_min":7.0,"ploc_max":7.0,"lloc_min":4.0,"lloc_max":4.0,"blank_min":0.0,"blank_max":0.0},"nom":{"functions":1.0,"closures":0.0,"functions_average":1.0,"closures_average":0.0,"total":1.0,"average":1.0,"functions_min":1.0,"functions_max":1.0,"closures_min":0.0,"closures_max":0.0},"mi":{"mi_original":112.54264007937198,"mi_sei":86.76567659845318,"mi_visual_studio":65.81440940314151},"abc":{"assignments":0.0,"branches":0.0,"conditions":0.0,"magnitude":0.0,"assignments_average":0.0,"branches_average":0.0,"conditions_average":0.0,"assignments_min":0.0,"assignments_max":0.0,"branches_min":0.0,"branches_max":0.0,"conditions_min":0.0,"conditions_max":0.0}}},{"name":"asn1Init__at_x520Title_Type","start_line":441,"end_line":447,"kind":"function","spaces":[],"metrics":{"nargs":{"total_functions":1.0,"total_closures":0.0,"average_functions":1.0,"average_closures":0.0,"total":1.0,"average":1.0,"functions_min":1.0,"functions_max":1.0,"closures_min":0.0,"closures_max":0.0},"nexits":{"sum":1.0,"average":1.0,"min":1.0,"max":1.0},"cognitive":{"sum":0.0,"average":0.0,"min":0.0,"max":0.0},"cyclomatic":{"sum":1.0,"average":1.0,"min":1.0,"max":1.0},"halstead":{"n1":11.0,"N1":24.0,"n2":8.0,"N2":16.0,"length":40.0,"estimated_program_length":62.05374780501027,"purity_ratio":1.5513436951252566,"vocabulary":19.0,"volume":169.9171005377434,"difficulty":11.0,"level":0.09090909090909091,"effort":1869.0881059151775,"time":103.83822810639874,"bugs":0.05057842031520551},"loc":{"sloc":7.0,"ploc":7.0,"lloc":4.0,"cloc":0.0,"blank":0.0,"sloc_average":7.0,"ploc_average":7.0,"lloc_average":4.0,"cloc_average":0.0,"blank_average":0.0,"sloc_min":7.0,"sloc_max":7.0,"cloc_min":0.0,"cloc_max":0.0,"ploc_min":7.0,"ploc_max":7.0,"lloc_min":4.0,"lloc_max":4.0,"blank_min":0.0,"blank_max":0.0},"nom":{"functions":1.0,"closures":0.0,"functions_average":1.0,"closures_average":0.0,"total":1.0,"average":1.0,"functions_min":1.0,"functions_max":1.0,"closures_min":0.0,"closures_max":0.0},"mi":{"mi_original":112.54264007937198,"mi_sei":86.76567659845318,"mi_visual_studio":65.81440940314151},"abc":{"assignments":0.0,"branches":0.0,"conditions":0.0,"magnitude":0.0,"assignments_average":0.0,"branches_average":0.0,"conditions_average":0.0,"assignments_min":0.0,"assignments_max":0.0,"branches_min":0.0,"branches_max":0.0,"conditions_min":0.0,"conditions_max":0.0}}},{"name":"asn1Init__at_x520Pseudonym_Type","start_line":451,"end_line":457,"kind":"function","spaces":[],"metrics":{"nargs":{"total_functions":1.0,"total_closures":0.0,"average_functions":1.0,"average_closures":0.0,"total":1.0,"average":1.0,"functions_min":1.0,"functions_max":1.0,"closures_min":0.0,"closures_max":0.0},"nexits":{"sum":1.0,"average":1.0,"min":1.0,"max":1.0},"cognitive":{"sum":0.0,"average":0.0,"min":0.0,"max":0.0},"cyclomatic":{"sum":1.0,"average":1.0,"min":1.0,"max":1.0},"halstead":{"n1":11.0,"N1":24.0,"n2":8.0,"N2":16.0,"length":40.0,"estimated_program_length":62.05374780501027,"purity_ratio":1.5513436951252566,"vocabulary":19.0,"volume":169.9171005377434,"difficulty":11.0,"level":0.09090909090909091,"effort":1869.0881059151775,"time":103.83822810639874,"bugs":0.05057842031520551},"loc":{"sloc":7.0,"ploc":7.0,"lloc":4.0,"cloc":0.0,"blank":0.0,"sloc_average":7.0,"ploc_average":7.0,"lloc_average":4.0,"cloc_average":0.0,"blank_average":0.0,"sloc_min":7.0,"sloc_max":7.0,"cloc_min":0.0,"cloc_max":0.0,"ploc_min":7.0,"ploc_max":7.0,"lloc_min":4.0,"lloc_max":4.0,"blank_min":0.0,"blank_max":0.0},"nom":{"functions":1.0,"closures":0.0,"functions_average":1.0,"closures_average":0.0,"total":1.0,"average":1.0,"functions_min":1.0,"functions_max":1.0,"closures_min":0.0,"closures_max":0.0},"mi":{"mi_original":112.54264007937198,"mi_sei":86.76567659845318,"mi_visual_studio":65.81440940314151},"abc":{"assignments":0.0,"branches":0.0,"conditions":0.0,"magnitude":0.0,"assignments_average":0.0,"branches_average":0.0,"conditions_average":0.0,"assignments_min":0.0,"assignments_max":0.0,"branches_min":0.0,"branches_max":0.0,"conditions_min":0.0,"conditions_max":0.0}}}],"metrics":{"nargs":{"total_functions":31.0,"total_closures":0.0,"average_functions":1.0,"average_closures":0.0,"total":31.0,"average":1.0,"functions_min":0.0,"functions_max":1.0,"closures_min":0.0,"closures_max":0.0},"nexits":{"sum":31.0,"average":1.0,"min":0.0,"max":1.0},"cognitive":{"sum":0.0,"average":0.0,"min":0.0,"max":0.0},"cyclomatic":{"sum":32.0,"average":1.0,"min":1.0,"max":1.0},"halstead":{"n1":12.0,"N1":954.0,"n2":161.0,"N2":763.0,"length":1717.0,"estimated_program_length":1223.297167385107,"purity_ratio":0.7124619495545178,"vocabulary":173.0,"volume":12765.256666852256,"difficulty":28.434782608695652,"level":0.035168195718654434,"effort":362977.29826614674,"time":20165.405459230373,"bugs":1.6961531156287566},"loc":{"sloc":457.0,"ploc":347.0,"lloc":156.0,"cloc":42.0,"blank":68.0,"sloc_average":14.28125,"ploc_average":10.84375,"lloc_average":4.875,"cloc_average":1.3125,"blank_average":2.125,"sloc_min":5.0,"sloc_max":15.0,"cloc_min":0.0,"cloc_max":0.0,"ploc_min":5.0,"ploc_max":15.0,"lloc_min":2.0,"lloc_max":12.0,"blank_min":0.0,"blank_max":0.0},"nom":{"functions":31.0,"closures":0.0,"functions_average":0.96875,"closures_average":0.0,"total":31.0,"average":0.96875,"functions_min":0.0,"functions_max":1.0,"closures_min":0.0,"closures_max":0.0},"mi":{"mi_original":15.25682039744575,"mi_sei":-27.80307110466546,"mi_visual_studio":8.922117191488741},"abc":{"assignments":0.0,"branches":0.0,"conditions":0.0,"magnitude":0.0,"assignments_average":0.0,"branches_average":0.0,"conditions_average":0.0,"assignments_min":0.0,"assignments_max":0.0,"branches_min":0.0,"branches_max":0.0,"conditions_min":0.0,"conditions_max":0.0}}}