{"name":"./src/PKIX1Implicit-2009.c","start_line":1,"end_line":554,"kind":"unit","spaces":[{"name":"asn1Init_KeyIdentifier","start_line":161,"end_line":166,"kind":"function","spaces":[],"metrics":{"nargs":{"total_functions":1.0,"total_closures":0.0,"average_functions":1.0,"average_closures":0.0,"total":1.0,"average":1.0,"functions_min":1.0,"functions_max":1.0,"closures_min":0.0,"closures_max":0.0},"nexits":{"sum":1.0,"average":1.0,"min":1.0,"max":1.0},"cognitive":{"sum":0.0,"average":0.0,"min":0.0,"max":0.0},"cyclomatic":{"sum":1.0,"average":1.0,"min":1.0,"max":1.0},"halstead":{"n1":8.0,"N1":12.0,"n2":6.0,"N2":10.0,"length":22.0,"estimated_program_length":39.50977500432694,"purity_ratio":1.7958988638330426,"vocabulary":14.0,"volume":83.76180828526729,"difficulty":6.666666666666667,"level":0.15,"effort":558.4120552351153,"time":31.022891957506406,"bugs":0.022603824962077895},"loc":{"sloc":6.0,"ploc":6.0,"lloc":3.0,"cloc":0.0,"blank":0.0,"sloc_average":6.0,"ploc_average":6.0,"lloc_average":3.0,"cloc_average":0.0,"blank_average":0.0,"sloc_min":6.0,"sloc_max":6.0,"cloc_min":0.0,"cloc_max":0.0,"ploc_min":6.0,"ploc_max":6.0,"lloc_min":3.0,"lloc_max":3.0,"blank_min":0.0,"blank_max":0.0},"nom":{"functions":1.0,"closures":0.0,"functions_average":1.0,"closures_average":0.0,"total":1.0,"average":1.0,"functions_min":1.0,"functions_max":1.0,"closures_min":0.0,"closures_max":0.0},"mi":{"mi_original":118.71801539137533,"mi_sei":95.67485993670851,"mi_visual_studio":69.42573999495634},"abc":{"assignments":0.0,"branches":0.0,"conditions":0.0,"magnitude":0.0,"assignments_average":0.0,"branches_average":0.0,"conditions_average":0.0,"assignments_min":0.0,"assignments_max":0.0,"branches_min":0.0,"branches_max":0.0,"conditions_min":0.0,"conditions_max":0.0}}},{"name":"asn1Init_KeyUsage","start_line":170,"end_line":175,"kind":"function","spaces":[],"metrics":{"nargs":{"total_functions":1.0,"total_closures":0.0,"average_functions":1.0,"average_closures":0.0,"total":1.0,"average":1.0,"functions_min":1.0,"functions_max":1.0,"closures_min":0.0,"closures_max":0.0},"nexits":{"sum":1.0,"average":1.0,"min":1.0,"max":1.0},"cognitive":{"sum":0.0,"average":0.0,"min":0.0,"max":0.0},"cyclomatic":{"sum":1.0,"average":1.0,"min":1.0,"max":1.0},"halstead":{"n1":10.0,"N1":17.0,"n2":7.0,"N2":13.0,"length":30.0,"estimated_program_length":52.87076540327685,"purity_ratio":1.762358846775895,"vocabulary":17.0,"volume":122.62388523751017,"difficulty":9.285714285714286,"level":0.10769230769230768,"effort":1138.6503629197373,"time":63.25835349554096,"bugs":0.03634731526118923},"loc":{"sloc":6.0,"ploc":6.0,"lloc":3.0,"cloc":0.0,"blank":0.0,"sloc_average":6.0,"ploc_average":6.0,"lloc_average":3.0,"cloc_average":0.0,"blank_average":0.0,"sloc_min":6.0,"sloc_max":6.0,"cloc_min":0.0,"cloc_max":0.0,"ploc_min":6.0,"ploc_max":6.0,"lloc_min":3.0,"lloc_max":3.0,"blank_min":0.0,"blank_max":0.0},"nom":{"functions":1.0,"closures":0.0,"functions_average":1.0,"closures_average":0.0,"total":1.0,"average":1.0,"functions_min":1.0,"functions_max":1.0,"closures_min":0.0,"closures_max":0.0},"mi":{"mi_original":116.7360630980088,"mi_sei":92.81550719179012,"mi_visual_studio":68.26670356608702},"abc":{"assignments":0.0,"branches":0.0,"conditions":0.0,"magnitude":0.0,"assignments_average":0.0,"branches_average":0.0,"conditions_average":0.0,"assignments_min":0.0,"assignments_max":0.0,"branches_min":0.0,"branches_max":0.0,"conditions_min":0.0,"conditions_max":0.0}}},{"name":"asn1Init_CertPolicyId","start_line":179,"end_line":183,"kind":"function","spaces":[],"metrics":{"nargs":{"total_functions":1.0,"total_closures":0.0,"average_functions":1.0,"average_closures":0.0,"total":1.0,"average":1.0,"functions_min":1.0,"functions_max":1.0,"closures_min":0.0,"closures_max":0.0},"nexits":{"sum":1.0,"average":1.0,"min":1.0,"max":1.0},"cognitive":{"sum":0.0,"average":0.0,"min":0.0,"max":0.0},"cyclomatic":{"sum":1.0,"average":1.0,"min":1.0,"max":1.0},"halstead":{"n1":8.0,"N1":9.0,"n2":5.0,"N2":7.0,"length":16.0,"estimated_program_length":35.60964047443681,"purity_ratio":2.2256025296523005,"vocabulary":13.0,"volume":59.207035490257475,"difficulty":5.6,"level":0.17857142857142858,"effort":331.55939874544185,"time":18.41996659696899,"bugs":0.015968090091229327},"loc":{"sloc":5.0,"ploc":5.0,"lloc":2.0,"cloc":0.0,"blank":0.0,"sloc_average":5.0,"ploc_average":5.0,"lloc_average":2.0,"cloc_average":0.0,"blank_average":0.0,"sloc_min":5.0,"sloc_max":5.0,"cloc_min":0.0,"cloc_max":0.0,"ploc_min":5.0,"ploc_max":5.0,"lloc_min":2.0,"lloc_max":2.0,"blank_min":0.0,"blank_max":0.0},"nom":{"functions":1.0,"closures":0.0,"functions_average":1.0,"closures_average":0.0,"total":1.0,"average":1.0,"functions_min":1.0,"functions_max":1.0,"closures_min":0.0,"closures_max":0.0},"mi":{"mi_original":123.47569585520588,"mi_sei":102.5387419480112,"mi_visual_studio":72.20800927205022},"abc":{"assignments":0.0,"branches":0.0,"conditions":0.0,"magnitude":0.0,"assignments_average":0.0,"branches_average":0.0,"conditions_average":0.0,"assignments_min":0.0,"assignments_max":0.0,"branches_min":0.0,"branches_max":0.0,"conditions_min":0.0,"conditions_max":0.0}}},{"name":"asn1Init_ReasonFlags","start_line":193,"end_line":198,"kind":"function","spaces":[],"metrics":{"nargs":{"total_functions":1.0,"total_closures":0.0,"average_functions":1.0,"average_closures":0.0,"total":1.0,"average":1.0,"functions_min":1.0,"functions_max":1.0,"closures_min":0.0,"closures_max":0.0},"nexits":{"sum":1.0,"average":1.0,"min":1.0,"max":1.0},"cognitive":{"sum":0.0,"average":0.0,"min":0.0,"max":0.0},"cyclomatic":{"sum":1.0,"average":1.0,"min":1.0,"max":1.0},"halstead":{"n1":10.0,"N1":17.0,"n2":7.0,"N2":13.0,"length":30.0,"estimated_program_length":52.87076540327685,"purity_ratio":1.762358846775895,"vocabulary":17.0,"volume":122.62388523751017,"difficulty":9.285714285714286,"level":0.10769230769230768,"effort":1138.6503629197373,"time":63.25835349554096,"bugs":0.03634731526118923},"loc":{"sloc":6.0,"ploc":6.0,"lloc":3.0,"cloc":0.0,"blank":0.0,"sloc_average":6.0,"ploc_average":6.0,"lloc_average":3.0,"cloc_average":0.0,"blank_average":0.0,"sloc_min":6.0,"sloc_max":6.0,"cloc_min":0.0,"cloc_max":0.0,"ploc_min":6.0,"ploc_max":6.0,"lloc_min":3.0,"lloc_max":3.0,"blank_min":0.0,"blank_max":0.0},"nom":{"functions":1.0,"closures":0.0,"functions_average":1.0,"closures_average":0.0,"total":1.0,"average":1.0,"functions_min":1.0,"functions_max":1.0,"closures_min":0.0,"closures_max":0.0},"mi":{"mi_original":116.7360630980088,"mi_sei":92.81550719179012,"mi_visual_studio":68.26670356608702},"abc":{"assignments":0.0,"branches":0.0,"conditions":0.0,"magnitude":0.0,"assignments_average":0.0,"branches_average":0.0,"conditions_average":0.0,"assignments_min":0.0,"assignments_max":0.0,"branches_min":0.0,"branches_max":0.0,"conditions_min":0.0,"conditions_max":0.0}}},{"name":"asn1Init_KeyPurposeId","start_line":202,"end_line":206,"kind":"function","spaces":[],"metrics":{"nargs":{"total_functions":1.0,"total_closures":0.0,"average_functions":1.0,"average_closures":0.0,"total":1.0,"average":1.0,"functions_min":1.0,"functions_max":1.0,"closures_min":0.0,"closures_max":0.0},"nexits":{"sum":1.0,"average":1.0,"min":1.0,"max":1.0},"cognitive":{"sum":0.0,"average":0.0,"min":0.0,"max":0.0},"cyclomatic":{"sum":1.0,"average":1.0,"min":1.0,"max":1.0},"halstead":{"n1":8.0,"N1":9.0,"n2":5.0,"N2":7.0,"length":16.0,"estimated_program_length":35.60964047443681,"purity_ratio":2.2256025296523005,"vocabulary":13.0,"volume":59.207035490257475,"difficulty":5.6,"level":0.17857142857142858,"effort":331.55939874544185,"time":18.41996659696899,"bugs":0.015968090091229327},"loc":{"sloc":5.0,"ploc":5.0,"lloc":2.0,"cloc":0.0,"blank":0.0,"sloc_average":5.0,"ploc_average":5.0,"lloc_average":2.0,"cloc_average":0.0,"blank_average":0.0,"sloc_min":5.0,"sloc_max":5.0,"cloc_min":0.0,"cloc_max":0.0,"ploc_min":5.0,"ploc_max":5.0,"lloc_min":2.0,"lloc_max":2.0,"blank_min":0.0,"blank_max":0.0},"nom":{"functions":1.0,"closures":0.0,"functions_average":1.0,"closures_average":0.0,"total":1.0,"average":1.0,"functions_min":1.0,"functions_max":1.0,"closures_min":0.0,"closures_max":0.0},"mi":{"mi_original":123.47569585520588,"mi_sei":102.5387419480112,"mi_visual_studio":72.20800927205022},"abc":{"assignments":0.0,"branches":0.0,"conditions":0.0,"magnitude":0.0,"assignments_average":0.0,"branches_average":0.0,"conditions_average":0.0,"assignments_min":0.0,"assignments_max":0.0,"branches_min":0.0,"branches_max":0.0,"conditions_min":0.0,"conditions_max":0.0}}},{"name":"CRLReason_ToString","start_line":225,"end_line":235,"kind":"function","spaces":[],"metrics":{"nargs":{"total_functions":0.0,"total_closures":0.0,"average_functions":0.0,"average_closures":0.0,"total":0.0,"average":0.0,"functions_min":0.0,"functions_max":0.0,"closures_min":0.0,"closures_max":0.0},"nexits":{"sum":2.0,"average":2.0,"min":2.0,"max":2.0},"cognitive":{"sum":3.0,"average":3.0,"min":3.0,"max":3.0},"cyclomatic":{"sum":3.0,"average":3.0,"min":3.0,"max":3.0},"halstead":{"n1":14.0,"N1":22.0,"n2":12.0,"N2":19.0,"length":41.0,"estimated_program_length":96.32251891746033,"purity_ratio":2.3493297296941544,"vocabulary":26.0,"volume":192.71802844378476,"difficulty":11.083333333333334,"level":0.09022556390977443,"effort":2135.9581485852814,"time":118.66434158807118,"bugs":0.05528499032643315},"loc":{"sloc":11.0,"ploc":10.0,"lloc":4.0,"cloc":0.0,"blank":1.0,"sloc_average":11.0,"ploc_average":10.0,"lloc_average":4.0,"cloc_average":0.0,"blank_average":1.0,"sloc_min":11.0,"sloc_max":11.0,"cloc_min":0.0,"cloc_max":0.0,"ploc_min":10.0,"ploc_max":10.0,"lloc_min":4.0,"lloc_max":4.0,"blank_min":1.0,"blank_max":1.0},"nom":{"functions":1.0,"closures":0.0,"functions_average":1.0,"closures_average":0.0,"total":1.0,"average":1.0,"functions_min":1.0,"functions_max":1.0,"closures_min":0.0,"closures_max":0.0},"mi":{"mi_original":104.10571031457016,"mi_sei":74.79739958525404,"mi_visual_studio":60.88053234770185},"abc":{"assignments":0.0,"branches":0.0,"conditions":0.0,"magnitude":0.0,"assignments_average":0.0,"branches_average":0.0,"conditions_average":0.0,"assignments_min":0.0,"assignments_max":0.0,"branches_min":0.0,"branches_max":0.0,"conditions_min":0.0,"conditions_max":0.0}}},{"name":"CRLReason_ToEnum","start_line":237,"end_line":242,"kind":"function","spaces":[],"metrics":{"nargs":{"total_functions":3.0,"total_closures":0.0,"average_functions":3.0,"average_closures":0.0,"total":3.0,"average":3.0,"functions_min":3.0,"functions_max":3.0,"closures_min":0.0,"closures_max":0.0},"nexits":{"sum":1.0,"average":1.0,"min":1.0,"max":1.0},"cognitive":{"sum":0.0,"average":0.0,"min":0.0,"max":0.0},"cyclomatic":{"sum":1.0,"average":1.0,"min":1.0,"max":1.0},"halstead":{"n1":8.0,"N1":17.0,"n2":11.0,"N2":16.0,"length":33.0,"estimated_program_length":62.05374780501027,"purity_ratio":1.8804166001518263,"vocabulary":19.0,"volume":140.1816079436383,"difficulty":5.818181818181818,"level":0.171875,"effort":815.6020825811684,"time":45.31122681006491,"bugs":0.029098077482055187},"loc":{"sloc":6.0,"ploc":6.0,"lloc":2.0,"cloc":0.0,"blank":0.0,"sloc_average":6.0,"ploc_average":6.0,"lloc_average":2.0,"cloc_average":0.0,"blank_average":0.0,"sloc_min":6.0,"sloc_max":6.0,"cloc_min":0.0,"cloc_max":0.0,"ploc_min":6.0,"ploc_max":6.0,"lloc_min":2.0,"lloc_max":2.0,"blank_min":0.0,"blank_max":0.0},"nom":{"functions":1.0,"closures":0.0,"functions_average":1.0,"closures_average":0.0,"total":1.0,"average":1.0,"functions_min":1.0,"functions_max":1.0,"closures_min":0.0,"closures_max":0.0},"mi":{"mi_original":116.04021493434033,"mi_sei":91.81161049685397,"mi_visual_studio":67.8597748154037},"abc":{"assignments":0.0,"branches":0.0,"conditions":0.0,"magnitude":0.0,"assignments_average":0.0,"branches_average":0.0,"conditions_average":0.0,"assignments_min":0.0,"assignments_max":0.0,"branches_min":0.0,"branches_max":0.0,"conditions_min":0.0,"conditions_max":0.0}}},{"name":"CRLReason_ToEnum2","start_line":244,"end_line":257,"kind":"function","spaces":[],"metrics":{"nargs":{"total_functions":4.0,"total_closures":0.0,"average_functions":4.0,"average_closures":0.0,"total":4.0,"average":4.0,"functions_min":4.0,"functions_max":4.0,"closures_min":0.0,"closures_max":0.0},"nexits":{"sum":2.0,"average":2.0,"min":2.0,"max":2.0},"cognitive":{"sum":2.0,"average":2.0,"min":2.0,"max":2.0},"cyclomatic":{"sum":2.0,"average":2.0,"min":2.0,"max":2.0},"halstead":{"n1":13.0,"N1":31.0,"n2":16.0,"N2":25.0,"length":56.0,"estimated_program_length":112.10571633583419,"purity_ratio":2.001887791711325,"vocabulary":29.0,"volume":272.04693572714405,"difficulty":10.15625,"level":0.09846153846153846,"effort":2762.976690978807,"time":153.49870505437815,"bugs":0.06563420452501968},"loc":{"sloc":14.0,"ploc":13.0,"lloc":5.0,"cloc":0.0,"blank":1.0,"sloc_average":14.0,"ploc_average":13.0,"lloc_average":5.0,"cloc_average":0.0,"blank_average":1.0,"sloc_min":14.0,"sloc_max":14.0,"cloc_min":0.0,"cloc_max":0.0,"ploc_min":13.0,"ploc_max":13.0,"lloc_min":5.0,"lloc_max":5.0,"blank_min":1.0,"blank_max":1.0},"nom":{"functions":1.0,"closures":0.0,"functions_average":1.0,"closures_average":0.0,"total":1.0,"average":1.0,"functions_min":1.0,"functions_max":1.0,"closures_min":0.0,"closures_max":0.0},"mi":{"mi_original":98.63620329223684,"mi_sei":66.80474906862193,"mi_visual_studio":57.68199022937827},"abc":{"assignments":0.0,"branches":0.0,"conditions":0.0,"magnitude":0.0,"assignments_average":0.0,"branches_average":0.0,"conditions_average":0.0,"assignments_min":0.0,"assignments_max":0.0,"branches_min":0.0,"branches_max":0.0,"conditions_min":0.0,"conditions_max":0.0}}},{"name":"asn1Init_GeneralName_otherName","start_line":263,"end_line":269,"kind":"function","spaces":[],"metrics":{"nargs":{"total_functions":1.0,"total_closures":0.0,"average_functions":1.0,"average_closures":0.0,"total":1.0,"average":1.0,"functions_min":1.0,"functions_max":1.0,"closures_min":0.0,"closures_max":0.0},"nexits":{"sum":1.0,"average":1.0,"min":1.0,"max":1.0},"cognitive":{"sum":0.0,"average":0.0,"min":0.0,"max":0.0},"cyclomatic":{"sum":1.0,"average":1.0,"min":1.0,"max":1.0},"halstead":{"n1":9.0,"N1":18.0,"n2":9.0,"N2":16.0,"length":34.0,"estimated_program_length":57.05865002596162,"purity_ratio":1.6781955889988711,"vocabulary":18.0,"volume":141.7774500490386,"difficulty":8.0,"level":0.125,"effort":1134.2196003923088,"time":63.01220002179494,"bugs":0.03625296323782281},"loc":{"sloc":7.0,"ploc":7.0,"lloc":4.0,"cloc":0.0,"blank":0.0,"sloc_average":7.0,"ploc_average":7.0,"lloc_average":4.0,"cloc_average":0.0,"blank_average":0.0,"sloc_min":7.0,"sloc_max":7.0,"cloc_min":0.0,"cloc_max":0.0,"ploc_min":7.0,"ploc_max":7.0,"lloc_min":4.0,"lloc_max":4.0,"blank_min":0.0,"blank_max":0.0},"nom":{"functions":1.0,"closures":0.0,"functions_average":1.0,"closures_average":0.0,"total":1.0,"average":1.0,"functions_min":1.0,"functions_max":1.0,"closures_min":0.0,"closures_max":0.0},"mi":{"mi_original":113.48411099530654,"mi_sei":88.12393202001311,"mi_visual_studio":66.36497719023775},"abc":{"assignments":0.0,"branches":0.0,"conditions":0.0,"magnitude":0.0,"assignments_average":0.0,"branches_average":0.0,"conditions_average":0.0,"assignments_min":0.0,"assignments_max":0.0,"branches_min":0.0,"branches_max":0.0,"conditions_min":0.0,"conditions_max":0.0}}},{"name":"asn1Init_EDIPartyName_nameAssigner","start_line":273,"end_line":278,"kind":"function","spaces":[],"metrics":{"nargs":{"total_functions":1.0,"total_closures":0.0,"average_functions":1.0,"average_closures":0.0,"total":1.0,"average":1.0,"functions_min":1.0,"functions_max":1.0,"closures_min":0.0,"closures_max":0.0},"nexits":{"sum":1.0,"average":1.0,"min":1.0,"max":1.0},"cognitive":{"sum":0.0,"average":0.0,"min":0.0,"max":0.0},"cyclomatic":{"sum":1.0,"average":1.0,"min":1.0,"max":1.0},"halstead":{"n1":11.0,"N1":18.0,"n2":7.0,"N2":13.0,"length":31.0,"estimated_program_length":57.70523225941349,"purity_ratio":1.8614591051423708,"vocabulary":18.0,"volume":129.26767504471167,"difficulty":10.214285714285714,"level":0.0979020979020979,"effort":1320.376966528126,"time":73.35427591822923,"bugs":0.04011844010776506},"loc":{"sloc":6.0,"ploc":6.0,"lloc":3.0,"cloc":0.0,"blank":0.0,"sloc_average":6.0,"ploc_average":6.0,"lloc_average":3.0,"cloc_average":0.0,"blank_average":0.0,"sloc_min":6.0,"sloc_max":6.0,"cloc_min":0.0,"cloc_max":0.0,"ploc_min":6.0,"ploc_max":6.0,"lloc_min":3.0,"lloc_max":3.0,"blank_min":0.0,"blank_max":0.0},"nom":{"functions":1.0,"closures":0.0,"functions_average":1.0,"closures_average":0.0,"total":1.0,"average":1.0,"functions_min":1.0,"functions_max":1.0,"closures_min":0.0,"closures_max":0.0},"mi":{"mi_original":116.46169327318938,"mi_sei":92.41967520615361,"mi_visual_studio":68.10625337613413},"abc":{"assignments":0.0,"branches":0.0,"conditions":0.0,"magnitude":0.0,"assignments_average":0.0,"branches_average":0.0,"conditions_average":0.0,"assignments_min":0.0,"assignments_max":0.0,"branches_min":0.0,"branches_max":0.0,"conditions_min":0.0,"conditions_max":0.0}}},{"name":"asn1Init_EDIPartyName_partyName","start_line":282,"end_line":287,"kind":"function","spaces":[],"metrics":{"nargs":{"total_functions":1.0,"total_closures":0.0,"average_functions":1.0,"average_closures":0.0,"total":1.0,"average":1.0,"functions_min":1.0,"functions_max":1.0,"closures_min":0.0,"closures_max":0.0},"nexits":{"sum":1.0,"average":1.0,"min":1.0,"max":1.0},"cognitive":{"sum":0.0,"average":0.0,"min":0.0,"max":0.0},"cyclomatic":{"sum":1.0,"average":1.0,"min":1.0,"max":1.0},"halstead":{"n1":11.0,"N1":18.0,"n2":7.0,"N2":13.0,"length":31.0,"estimated_program_length":57.70523225941349,"purity_ratio":1.8614591051423708,"vocabulary":18.0,"volume":129.26767504471167,"difficulty":10.214285714285714,"level":0.0979020979020979,"effort":1320.376966528126,"time":73.35427591822923,"bugs":0.04011844010776506},"loc":{"sloc":6.0,"ploc":6.0,"lloc":3.0,"cloc":0.0,"blank":0.0,"sloc_average":6.0,"ploc_average":6.0,"lloc_average":3.0,"cloc_average":0.0,"blank_average":0.0,"sloc_min":6.0,"sloc_max":6.0,"cloc_min":0.0,"cloc_max":0.0,"ploc_min":6.0,"ploc_max":6.0,"lloc_min":3.0,"lloc_max":3.0,"blank_min":0.0,"blank_max":0.0},"nom":{"functions":1.0,"closures":0.0,"functions_average":1.0,"closures_average":0.0,"total":1.0,"average":1.0,"functions_min":1.0,"functions_max":1.0,"closures_min":0.0,"closures_max":0.0},"mi":{"mi_original":116.46169327318938,"mi_sei":92.41967520615361,"mi_visual_studio":68.10625337613413},"abc":{"assignments":0.0,"branches":0.0,"conditions":0.0,"magnitude":0.0,"assignments_average":0.0,"branches_average":0.0,"conditions_average":0.0,"assignments_min":0.0,"assignments_max":0.0,"branches_min":0.0,"branches_max":0.0,"conditions_min":0.0,"conditions_max":0.0}}},{"name":"asn1Init_EDIPartyName","start_line":291,"end_line":297,"kind":"function","spaces":[],"metrics":{"nargs":{"total_functions":1.0,"total_closures":0.0,"average_functions":1.0,"average_closures":0.0,"total":1.0,"average":1.0,"functions_min":1.0,"functions_max":1.0,"closures_min":0.0,"closures_max":0.0},"nexits":{"sum":1.0,"average":1.0,"min":1.0,"max":1.0},"cognitive":{"sum":0.0,"average":0.0,"min":0.0,"max":0.0},"cyclomatic":{"sum":1.0,"average":1.0,"min":1.0,"max":1.0},"halstead":{"n1":10.0,"N1":23.0,"n2":10.0,"N2":16.0,"length":39.0,"estimated_program_length":66.43856189774725,"purity_ratio":1.7035528691730064,"vocabulary":20.0,"volume":168.55519570060713,"difficulty":8.0,"level":0.125,"effort":1348.441565604857,"time":74.91342031138095,"bugs":0.04068492309270183},"loc":{"sloc":7.0,"ploc":7.0,"lloc":4.0,"cloc":0.0,"blank":0.0,"sloc_average":7.0,"ploc_average":7.0,"lloc_average":4.0,"cloc_average":0.0,"blank_average":0.0,"sloc_min":7.0,"sloc_max":7.0,"cloc_min":0.0,"cloc_max":0.0,"ploc_min":7.0,"ploc_max":7.0,"lloc_min":4.0,"lloc_max":4.0,"blank_min":0.0,"blank_max":0.0},"nom":{"functions":1.0,"closures":0.0,"functions_average":1.0,"closures_average":0.0,"total":1.0,"average":1.0,"functions_min":1.0,"functions_max":1.0,"closures_min":0.0,"closures_max":0.0},"mi":{"mi_original":112.58448659650739,"mi_sei":86.82604836120288,"mi_visual_studio":65.83888105058912},"abc":{"assignments":0.0,"branches":0.0,"conditions":0.0,"magnitude":0.0,"assignments_average":0.0,"branches_average":0.0,"conditions_average":0.0,"assignments_min":0.0,"assignments_max":0.0,"branches_min":0.0,"branches_max":0.0,"conditions_min":0.0,"conditions_max":0.0}}},{"name":"asn1Init_GeneralName","start_line":301,"end_line":306,"kind":"function","spaces":[],"metrics":{"nargs":{"total_functions":1.0,"total_closures":0.0,"average_functions":1.0,"average_closures":0.0,"total":1.0,"average":1.0,"functions_min":1.0,"functions_max":1.0,"closures_min":0.0,"closures_max":0.0},"nexits":{"sum":1.0,"average":1.0,"min":1.0,"max":1.0},"cognitive":{"sum":0.0,"average":0.0,"min":0.0,"max":0.0},"cyclomatic":{"sum":1.0,"average":1.0,"min":1.0,"max":1.0},"halstead":{"n1":11.0,"N1":18.0,"n2":7.0,"N2":13.0,"length":31.0,"estimated_program_length":57.70523225941349,"purity_ratio":1.8614591051423708,"vocabulary":18.0,"volume":129.26767504471167,"difficulty":10.214285714285714,"level":0.0979020979020979,"effort":1320.376966528126,"time":73.35427591822923,"bugs":0.04011844010776506},"loc":{"sloc":6.0,"ploc":6.0,"lloc":3.0,"cloc":0.0,"blank":0.0,"sloc_average":6.0,"ploc_average":6.0,"lloc_average":3.0,"cloc_average":0.0,"blank_average":0.0,"sloc_min":6.0,"sloc_max":6.0,"cloc_min":0.0,"cloc_max":0.0,"ploc_min":6.0,"ploc_max":6.0,"lloc_min":3.0,"lloc_max":3.0,"blank_min":0.0,"blank_max":0.0},"nom":{"functions":1.0,"closures":0.0,"functions_average":1.0,"closures_average":0.0,"total":1.0,"average":1.0,"functions_min":1.0,"functions_max":1.0,"closures_min":0.0,"closures_max":0.0},"mi":{"mi_original":116.46169327318938,"mi_sei":92.41967520615361,"mi_visual_studio":68.10625337613413},"abc":{"assignments":0.0,"branches":0.0,"conditions":0.0,"magnitude":0.0,"assignments_average":0.0,"branches_average":0.0,"conditions_average":0.0,"assignments_min":0.0,"assignments_max":0.0,"branches_min":0.0,"branches_max":0.0,"conditions_min":0.0,"conditions_max":0.0}}},{"name":"asn1Init_GeneralNames","start_line":310,"end_line":314,"kind":"function","spaces":[],"metrics":{"nargs":{"total_functions":1.0,"total_closures":0.0,"average_functions":1.0,"average_closures":0.0,"total":1.0,"average":1.0,"functions_min":1.0,"functions_max":1.0,"closures_min":0.0,"closures_max":0.0},"nexits":{"sum":1.0,"average":1.0,"min":1.0,"max":1.0},"cognitive":{"sum":0.0,"average":0.0,"min":0.0,"max":0.0},"cyclomatic":{"sum":1.0,"average":1.0,"min":1.0,"max":1.0},"halstead":{"n1":8.0,"N1":9.0,"n2":5.0,"N2":7.0,"length":16.0,"estimated_program_length":35.60964047443681,"purity_ratio":2.2256025296523005,"vocabulary":13.0,"volume":59.207035490257475,"difficulty":5.6,"level":0.17857142857142858,"effort":331.55939874544185,"time":18.41996659696899,"bugs":0.015968090091229327},"loc":{"sloc":5.0,"ploc":5.0,"lloc":2.0,"cloc":0.0,"blank":0.0,"sloc_average":5.0,"ploc_average":5.0,"lloc_average":2.0,"cloc_average":0.0,"blank_average":0.0,"sloc_min":5.0,"sloc_max":5.0,"cloc_min":0.0,"cloc_max":0.0,"ploc_min":5.0,"ploc_max":5.0,"lloc_min":2.0,"lloc_max":2.0,"blank_min":0.0,"blank_max":0.0},"nom":{"functions":1.0,"closures":0.0,"functions_average":1.0,"closures_average":0.0,"total":1.0,"average":1.0,"functions_min":1.0,"functions_max":1.0,"closures_min":0.0,"closures_max":0.0},"mi":{"mi_original":123.47569585520588,"mi_sei":102.5387419480112,"mi_visual_studio":72.20800927205022},"abc":{"assignments":0.0,"branches":0.0,"conditions":0.0,"magnitude":0.0,"assignments_average":0.0,"branches_average":0.0,"conditions_average":0.0,"assignments_min":0.0,"assignments_max":0.0,"branches_min":0.0,"branches_max":0.0,"conditions_min":0.0,"conditions_max":0.0}}},{"name":"asn1Init_AuthorityKeyIdentifier","start_line":318,"end_line":324,"kind":"function","spaces":[],"metrics":{"nargs":{"total_functions":1.0,"total_closures":0.0,"average_functions":1.0,"average_closures":0.0,"total":1.0,"average":1.0,"functions_min":1.0,"functions_max":1.0,"closures_min":0.0,"closures_max":0.0},"nexits":{"sum":1.0,"average":1.0,"min":1.0,"max":1.0},"cognitive":{"sum":0.0,"average":0.0,"min":0.0,"max":0.0},"cyclomatic":{"sum":1.0,"average":1.0,"min":1.0,"max":1.0},"halstead":{"n1":10.0,"N1":23.0,"n2":10.0,"N2":16.0,"length":39.0,"estimated_program_length":66.43856189774725,"purity_ratio":1.7035528691730064,"vocabulary":20.0,"volume":168.55519570060713,"difficulty":8.0,"level":0.125,"effort":1348.441565604857,"time":74.91342031138095,"bugs":0.04068492309270183},"loc":{"sloc":7.0,"ploc":7.0,"lloc":4.0,"cloc":0.0,"blank":0.0,"sloc_average":7.0,"ploc_average":7.0,"lloc_average":4.0,"cloc_average":0.0,"blank_average":0.0,"sloc_min":7.0,"sloc_max":7.0,"cloc_min":0.0,"cloc_max":0.0,"ploc_min":7.0,"ploc_max":7.0,"lloc_min":4.0,"lloc_max":4.0,"blank_min":0.0,"blank_max":0.0},"nom":{"functions":1.0,"closures":0.0,"functions_average":1.0,"closures_average":0.0,"total":1.0,"average":1.0,"functions_min":1.0,"functions_max":1.0,"closures_min":0.0,"closures_max":0.0},"mi":{"mi_original":112.58448659650739,"mi_sei":86.82604836120288,"mi_visual_studio":65.83888105058912},"abc":{"assignments":0.0,"branches":0.0,"conditions":0.0,"magnitude":0.0,"assignments_average":0.0,"branches_average":0.0,"conditions_average":0.0,"assignments_min":0.0,"assignments_max":0.0,"branches_min":0.0,"branches_max":0.0,"conditions_min":0.0,"conditions_max":0.0}}},{"name":"asn1Init_PrivateKeyUsagePeriod","start_line":328,"end_line":334,"kind":"function","spaces":[],"metrics":{"nargs":{"total_functions":1.0,"total_closures":0.0,"average_functions":1.0,"average_closures":0.0,"total":1.0,"average":1.0,"functions_min":1.0,"functions_max":1.0,"closures_min":0.0,"closures_max":0.0},"nexits":{"sum":1.0,"average":1.0,"min":1.0,"max":1.0},"cognitive":{"sum":0.0,"average":0.0,"min":0.0,"max":0.0},"cyclomatic":{"sum":1.0,"average":1.0,"min":1.0,"max":1.0},"halstead":{"n1":12.0,"N1":23.0,"n2":8.0,"N2":16.0,"length":39.0,"estimated_program_length":67.01955000865388,"purity_ratio":1.7184500002218943,"vocabulary":20.0,"volume":168.55519570060713,"difficulty":12.0,"level":0.08333333333333333,"effort":2022.6623484072857,"time":112.37013046707142,"bugs":0.053312331034624565},"loc":{"sloc":7.0,"ploc":7.0,"lloc":4.0,"cloc":0.0,"blank":0.0,"sloc_average":7.0,"ploc_average":7.0,"lloc_average":4.0,"cloc_average":0.0,"blank_average":0.0,"sloc_min":7.0,"sloc_max":7.0,"cloc_min":0.0,"cloc_max":0.0,"ploc_min":7.0,"ploc_max":7.0,"lloc_min":4.0,"lloc_max":4.0,"blank_min":0.0,"blank_max":0.0},"nom":{"functions":1.0,"closures":0.0,"functions_average":1.0,"closures_average":0.0,"total":1.0,"average":1.0,"functions_min":1.0,"functions_max":1.0,"closures_min":0.0,"closures_max":0.0},"mi":{"mi_original":112.58448659650739,"mi_sei":86.82604836120288,"mi_visual_studio":65.83888105058912},"abc":{"assignments":0.0,"branches":0.0,"conditions":0.0,"magnitude":0.0,"assignments_average":0.0,"branches_average":0.0,"conditions_average":0.0,"assignments_min":0.0,"assignments_max":0.0,"branches_min":0.0,"branches_max":0.0,"conditions_min":0.0,"conditions_max":0.0}}},{"name":"asn1Init_PolicyQualifierInfo","start_line":338,"end_line":344,"kind":"function","spaces":[],"metrics":{"nargs":{"total_functions":1.0,"total_closures":0.0,"average_functions":1.0,"average_closures":0.0,"total":1.0,"average":1.0,"functions_min":1.0,"functions_max":1.0,"closures_min":0.0,"closures_max":0.0},"nexits":{"sum":1.0,"average":1.0,"min":1.0,"max":1.0},"cognitive":{"sum":0.0,"average":0.0,"min":0.0,"max":0.0},"cyclomatic":{"sum":1.0,"average":1.0,"min":1.0,"max":1.0},"halstead":{"n1":9.0,"N1":18.0,"n2":9.0,"N2":16.0,"length":34.0,"estimated_program_length":57.05865002596162,"purity_ratio":1.6781955889988711,"vocabulary":18.0,"volume":141.7774500490386,"difficulty":8.0,"level":0.125,"effort":1134.2196003923088,"time":63.01220002179494,"bugs":0.03625296323782281},"loc":{"sloc":7.0,"ploc":7.0,"lloc":4.0,"cloc":0.0,"blank":0.0,"sloc_average":7.0,"ploc_average":7.0,"lloc_average":4.0,"cloc_average":0.0,"blank_average":0.0,"sloc_min":7.0,"sloc_max":7.0,"cloc_min":0.0,"cloc_max":0.0,"ploc_min":7.0,"ploc_max":7.0,"lloc_min":4.0,"lloc_max":4.0,"blank_min":0.0,"blank_max":0.0},"nom":{"functions":1.0,"closures":0.0,"functions_average":1.0,"closures_average":0.0,"total":1.0,"average":1.0,"functions_min":1.0,"functions_max":1.0,"closures_min":0.0,"closures_max":0.0},"mi":{"mi_original":113.48411099530654,"mi_sei":88.12393202001311,"mi_visual_studio":66.36497719023775},"abc":{"assignments":0.0,"branches":0.0,"conditions":0.0,"magnitude":0.0,"assignments_average":0.0,"branches_average":0.0,"conditions_average":0.0,"assignments_min":0.0,"assignments_max":0.0,"branches_min":0.0,"branches_max":0.0,"conditions_min":0.0,"conditions_max":0.0}}},{"name":"asn1Init_PolicyInformation_policyQualifiers","start_line":348,"end_line":353,"kind":"function","spaces":[],"metrics":{"nargs":{"total_functions":1.0,"total_closures":0.0,"average_functions":1.0,"average_closures":0.0,"total":1.0,"average":1.0,"functions_min":1.0,"functions_max":1.0,"closures_min":0.0,"closures_max":0.0},"nexits":{"sum":1.0,"average":1.0,"min":1.0,"max":1.0},"cognitive":{"sum":0.0,"average":0.0,"min":0.0,"max":0.0},"cyclomatic":{"sum":1.0,"average":1.0,"min":1.0,"max":1.0},"halstead":{"n1":8.0,"N1":9.0,"n2":5.0,"N2":7.0,"length":16.0,"estimated_program_length":35.60964047443681,"purity_ratio":2.2256025296523005,"vocabulary":13.0,"volume":59.207035490257475,"difficulty":5.6,"level":0.17857142857142858,"effort":331.55939874544185,"time":18.41996659696899,"bugs":0.015968090091229327},"loc":{"sloc":6.0,"ploc":6.0,"lloc":2.0,"cloc":0.0,"blank":0.0,"sloc_average":6.0,"ploc_average":6.0,"lloc_average":2.0,"cloc_average":0.0,"blank_average":0.0,"sloc_min":6.0,"sloc_max":6.0,"cloc_min":0.0,"cloc_max":0.0,"ploc_min":6.0,"ploc_max":6.0,"lloc_min":2.0,"lloc_max":2.0,"blank_min":0.0,"blank_max":0.0},"nom":{"functions":1.0,"closures":0.0,"functions_average":1.0,"closures_average":0.0,"total":1.0,"average":1.0,"functions_min":1.0,"functions_max":1.0,"closures_min":0.0,"closures_max":0.0},"mi":{"mi_original":120.52208663514381,"mi_sei":98.27758457350373,"mi_visual_studio":70.48075241821275},"abc":{"assignments":0.0,"branches":0.0,"conditions":0.0,"magnitude":0.0,"assignments_average":0.0,"branches_average":0.0,"conditions_average":0.0,"assignments_min":0.0,"assignments_max":0.0,"branches_min":0.0,"branches_max":0.0,"conditions_min":0.0,"conditions_max":0.0}}},{"name":"asn1Init_PolicyInformation","start_line":357,"end_line":363,"kind":"function","spaces":[],"metrics":{"nargs":{"total_functions":1.0,"total_closures":0.0,"average_functions":1.0,"average_closures":0.0,"total":1.0,"average":1.0,"functions_min":1.0,"functions_max":1.0,"closures_min":0.0,"closures_max":0.0},"nexits":{"sum":1.0,"average":1.0,"min":1.0,"max":1.0},"cognitive":{"sum":0.0,"average":0.0,"min":0.0,"max":0.0},"cyclomatic":{"sum":1.0,"average":1.0,"min":1.0,"max":1.0},"halstead":{"n1":10.0,"N1":23.0,"n2":10.0,"N2":16.0,"length":39.0,"estimated_program_length":66.43856189774725,"purity_ratio":1.7035528691730064,"vocabulary":20.0,"volume":168.55519570060713,"difficulty":8.0,"level":0.125,"effort":1348.441565604857,"time":74.91342031138095,"bugs":0.04068492309270183},"loc":{"sloc":7.0,"ploc":7.0,"lloc":4.0,"cloc":0.0,"blank":0.0,"sloc_average":7.0,"ploc_average":7.0,"lloc_average":4.0,"cloc_average":0.0,"blank_average":0.0,"sloc_min":7.0,"sloc_max":7.0,"cloc_min":0.0,"cloc_max":0.0,"ploc_min":7.0,"ploc_max":7.0,"lloc_min":4.0,"lloc_max":4.0,"blank_min":0.0,"blank_max":0.0},"nom":{"functions":1.0,"closures":0.0,"functions_average":1.0,"closures_average":0.0,"total":1.0,"average":1.0,"functions_min":1.0,"functions_max":1.0,"closures_min":0.0,"closures_max":0.0},"mi":{"mi_original":112.58448659650739,"mi_sei":86.82604836120288,"mi_visual_studio":65.83888105058912},"abc":{"assignments":0.0,"branches":0.0,"conditions":0.0,"magnitude":0.0,"assignments_average":0.0,"branches_average":0.0,"conditions_average":0.0,"assignments_min":0.0,"assignments_max":0.0,"branches_min":0.0,"branches_max":0.0,"conditions_min":0.0,"conditions_max":0.0}}},{"name":"asn1Init_CertificatePolicies","start_line":367,"end_line":371,"kind":"function","spaces":[],"metrics":{"nargs":{"total_functions":1.0,"total_closures":0.0,"average_functions":1.0,"average_closures":0.0,"total":1.0,"average":1.0,"functions_min":1.0,"functions_max":1.0,"closures_min":0.0,"closures_max":0.0},"nexits":{"sum":1.0,"average":1.0,"min":1.0,"max":1.0},"cognitive":{"sum":0.0,"average":0.0,"min":0.0,"max":0.0},"cyclomatic":{"sum":1.0,"average":1.0,"min":1.0,"max":1.0},"halstead":{"n1":8.0,"N1":9.0,"n2":5.0,"N2":7.0,"length":16.0,"estimated_program_length":35.60964047443681,"purity_ratio":2.2256025296523005,"vocabulary":13.0,"volume":59.207035490257475,"difficulty":5.6,"level":0.17857142857142858,"effort":331.55939874544185,"time":18.41996659696899,"bugs":0.015968090091229327},"loc":{"sloc":5.0,"ploc":5.0,"lloc":2.0,"cloc":0.0,"blank":0.0,"sloc_average":5.0,"ploc_average":5.0,"lloc_average":2.0,"cloc_average":0.0,"blank_average":0.0,"sloc_min":5.0,"sloc_max":5.0,"cloc_min":0.0,"cloc_max":0.0,"ploc_min":5.0,"ploc_max":5.0,"lloc_min":2.0,"lloc_max":2.0,"blank_min":0.0,"blank_max":0.0},"nom":{"functions":1.0,"closures":0.0,"functions_average":1.0,"closures_average":0.0,"total":1.0,"average":1.0,"functions_min":1.0,"functions_max":1.0,"closures_min":0.0,"closures_max":0.0},"mi":{"mi_original":123.47569585520588,"mi_sei":102.5387419480112,"mi_visual_studio":72.20800927205022},"abc":{"assignments":0.0,"branches":0.0,"conditions":0.0,"magnitude":0.0,"assignments_average":0.0,"branches_average":0.0,"conditions_average":0.0,"assignments_min":0.0,"assignments_max":0.0,"branches_min":0.0,"branches_max":0.0,"conditions_min":0.0,"conditions_max":0.0}}},{"name":"asn1Init_DisplayText","start_line":375,"end_line":380,"kind":"function","spaces":[],"metrics":{"nargs":{"total_functions":1.0,"total_closures":0.0,"average_functions":1.0,"average_closures":0.0,"total":1.0,"average":1.0,"functions_min":1.0,"functions_max":1.0,"closures_min":0.0,"closures_max":0.0},"nexits":{"sum":1.0,"average":1.0,"min":1.0,"max":1.0},"cognitive":{"sum":0.0,"average":0.0,"min":0.0,"max":0.0},"cyclomatic":{"sum":1.0,"average":1.0,"min":1.0,"max":1.0},"halstead":{"n1":11.0,"N1":18.0,"n2":7.0,"N2":13.0,"length":31.0,"estimated_program_length":57.70523225941349,"purity_ratio":1.8614591051423708,"vocabulary":18.0,"volume":129.26767504471167,"difficulty":10.214285714285714,"level":0.0979020979020979,"effort":1320.376966528126,"time":73.35427591822923,"bugs":0.04011844010776506},"loc":{"sloc":6.0,"ploc":6.0,"lloc":3.0,"cloc":0.0,"blank":0.0,"sloc_average":6.0,"ploc_average":6.0,"lloc_average":3.0,"cloc_average":0.0,"blank_average":0.0,"sloc_min":6.0,"sloc_max":6.0,"cloc_min":0.0,"cloc_max":0.0,"ploc_min":6.0,"ploc_max":6.0,"lloc_min":3.0,"lloc_max":3.0,"blank_min":0.0,"blank_max":0.0},"nom":{"functions":1.0,"closures":0.0,"functions_average":1.0,"closures_average":0.0,"total":1.0,"average":1.0,"functions_min":1.0,"functions_max":1.0,"closures_min":0.0,"closures_max":0.0},"mi":{"mi_original":116.46169327318938,"mi_sei":92.41967520615361,"mi_visual_studio":68.10625337613413},"abc":{"assignments":0.0,"branches":0.0,"conditions":0.0,"magnitude":0.0,"assignments_average":0.0,"branches_average":0.0,"conditions_average":0.0,"assignments_min":0.0,"assignments_max":0.0,"branches_min":0.0,"branches_max":0.0,"conditions_min":0.0,"conditions_max":0.0}}},{"name":"asn1Init_NoticeReference_noticeNumbers","start_line":384,"end_line":390,"kind":"function","spaces":[],"metrics":{"nargs":{"total_functions":1.0,"total_closures":0.0,"average_functions":1.0,"average_closures":0.0,"total":1.0,"average":1.0,"functions_min":1.0,"functions_max":1.0,"closures_min":0.0,"closures_max":0.0},"nexits":{"sum":1.0,"average":1.0,"min":1.0,"max":1.0},"cognitive":{"sum":0.0,"average":0.0,"min":0.0,"max":0.0},"cyclomatic":{"sum":1.0,"average":1.0,"min":1.0,"max":1.0},"halstead":{"n1":8.0,"N1":12.0,"n2":6.0,"N2":10.0,"length":22.0,"estimated_program_length":39.50977500432694,"purity_ratio":1.7958988638330426,"vocabulary":14.0,"volume":83.76180828526729,"difficulty":6.666666666666667,"level":0.15,"effort":558.4120552351153,"time":31.022891957506406,"bugs":0.022603824962077895},"loc":{"sloc":7.0,"ploc":7.0,"lloc":3.0,"cloc":0.0,"blank":0.0,"sloc_average":7.0,"ploc_average":7.0,"lloc_average":3.0,"cloc_average":0.0,"blank_average":0.0,"sloc_min":7.0,"sloc_max":7.0,"cloc_min":0.0,"cloc_max":0.0,"ploc_min":7.0,"ploc_max":7.0,"lloc_min":3.0,"lloc_max":3.0,"blank_min":0.0,"blank_max":0.0},"nom":{"functions":1.0,"closures":0.0,"functions_average":1.0,"closures_average":0.0,"total":1.0,"average":1.0,"functions_min":1.0,"functions_max":1.0,"closures_min":0.0,"closures_max":0.0},"mi":{"mi_original":116.22077437817376,"mi_sei":92.07210271105805,"mi_visual_studio":67.96536513343494},"abc":{"assignments":0.0,"branches":0.0,"conditions":0.0,"magnitude":0.0,"assignments_average":0.0,"branches_average":0.0,"conditions_average":0.0,"assignments_min":0.0,"assignments_max":0.0,"branches_min":0.0,"branches_max":0.0,"conditions_min":0.0,"conditions_max":0.0}}},{"name":"asn1Init_NoticeReference","start_line":394,"end_line":399,"kind":"function","spaces":[],"metrics":{"nargs":{"total_functions":1.0,"total_closures":0.0,"average_functions":1.0,"average_closures":0.0,"total":1.0,"average":1.0,"functions_min":1.0,"functions_max":1.0,"closures_min":0.0,"closures_max":0.0},"nexits":{"sum":1.0,"average":1.0,"min":1.0,"max":1.0},"cognitive":{"sum":0.0,"average":0.0,"min":0.0,"max":0.0},"cyclomatic":{"sum":1.0,"average":1.0,"min":1.0,"max":1.0},"halstead":{"n1":8.0,"N1":14.0,"n2":8.0,"N2":10.0,"length":24.0,"estimated_program_length":48.0,"purity_ratio":2.0,"vocabulary":16.0,"volume":96.0,"difficulty":5.0,"level":0.2,"effort":480.0,"time":26.666666666666668,"bugs":0.020434918197161412},"loc":{"sloc":6.0,"ploc":6.0,"lloc":3.0,"cloc":0.0,"blank":0.0,"sloc_average":6.0,"ploc_average":6.0,"lloc_average":3.0,"cloc_average":0.0,"blank_average":0.0,"sloc_min":6.0,"sloc_max":6.0,"cloc_min":0.0,"cloc_max":0.0,"ploc_min":6.0,"ploc_max":6.0,"lloc_min":3.0,"lloc_max":3.0,"blank_min":0.0,"blank_max":0.0},"nom":{"functions":1.0,"closures":0.0,"functions_average":1.0,"closures_average":0.0,"total":1.0,"average":1.0,"functions_min":1.0,"functions_max":1.0,"closures_min":0.0,"closures_max":0.0},"mi":{"mi_original":118.00888600287277,"mi_sei":94.65180248456727,"mi_visual_studio":69.01104444612443},"abc":{"assignments":0.0,"branches":0.0,"conditions":0.0,"magnitude":0.0,"assignments_average":0.0,"branches_average":0.0,"conditions_average":0.0,"assignments_min":0.0,"assignments_max":0.0,"branches_min":0.0,"branches_max":0.0,"conditions_min":0.0,"conditions_max":0.0}}},{"name":"asn1Init_UserNotice","start_line":403,"end_line":409,"kind":"function","spaces":[],"metrics":{"nargs":{"total_functions":1.0,"total_closures":0.0,"average_functions":1.0,"average_closures":0.0,"total":1.0,"average":1.0,"functions_min":1.0,"functions_max":1.0,"closures_min":0.0,"closures_max":0.0},"nexits":{"sum":1.0,"average":1.0,"min":1.0,"max":1.0},"cognitive":{"sum":0.0,"average":0.0,"min":0.0,"max":0.0},"cyclomatic":{"sum":1.0,"average":1.0,"min":1.0,"max":1.0},"halstead":{"n1":10.0,"N1":23.0,"n2":10.0,"N2":16.0,"length":39.0,"estimated_program_length":66.43856189774725,"purity_ratio":1.7035528691730064,"vocabulary":20.0,"volume":168.55519570060713,"difficulty":8.0,"level":0.125,"effort":1348.441565604857,"time":74.91342031138095,"bugs":0.04068492309270183},"loc":{"sloc":7.0,"ploc":7.0,"lloc":4.0,"cloc":0.0,"blank":0.0,"sloc_average":7.0,"ploc_average":7.0,"lloc_average":4.0,"cloc_average":0.0,"blank_average":0.0,"sloc_min":7.0,"sloc_max":7.0,"cloc_min":0.0,"cloc_max":0.0,"ploc_min":7.0,"ploc_max":7.0,"lloc_min":4.0,"lloc_max":4.0,"blank_min":0.0,"blank_max":0.0},"nom":{"functions":1.0,"closures":0.0,"functions_average":1.0,"closures_average":0.0,"total":1.0,"average":1.0,"functions_min":1.0,"functions_max":1.0,"closures_min":0.0,"closures_max":0.0},"mi":{"mi_original":112.58448659650739,"mi_sei":86.82604836120288,"mi_visual_studio":65.83888105058912},"abc":{"assignments":0.0,"branches":0.0,"conditions":0.0,"magnitude":0.0,"assignments_average":0.0,"branches_average":0.0,"conditions_average":0.0,"assignments_min":0.0,"assignments_max":0.0,"branches_min":0.0,"branches_max":0.0,"conditions_min":0.0,"conditions_max":0.0}}},{"name":"asn1Init_PolicyMappings_element","start_line":413,"end_line":418,"kind":"function","spaces":[],"metrics":{"nargs":{"total_functions":1.0,"total_closures":0.0,"average_functions":1.0,"average_closures":0.0,"total":1.0,"average":1.0,"functions_min":1.0,"functions_max":1.0,"closures_min":0.0,"closures_max":0.0},"nexits":{"sum":1.0,"average":1.0,"min":1.0,"max":1.0},"cognitive":{"sum":0.0,"average":0.0,"min":0.0,"max":0.0},"cyclomatic":{"sum":1.0,"average":1.0,"min":1.0,"max":1.0},"halstead":{"n1":8.0,"N1":14.0,"n2":7.0,"N2":10.0,"length":24.0,"estimated_program_length":43.65148445440323,"purity_ratio":1.8188118522668013,"vocabulary":15.0,"volume":93.76537429460444,"difficulty":5.714285714285714,"level":0.175,"effort":535.8021388263111,"time":29.766785490350614,"bugs":0.02198948410727374},"loc":{"sloc":6.0,"ploc":6.0,"lloc":3.0,"cloc":0.0,"blank":0.0,"sloc_average":6.0,"ploc_average":6.0,"lloc_average":3.0,"cloc_average":0.0,"blank_average":0.0,"sloc_min":6.0,"sloc_max":6.0,"cloc_min":0.0,"cloc_max":0.0,"ploc_min":6.0,"ploc_max":6.0,"lloc_min":3.0,"lloc_max":3.0,"blank_min":0.0,"blank_max":0.0},"nom":{"functions":1.0,"closures":0.0,"functions_average":1.0,"closures_average":0.0,"total":1.0,"average":1.0,"functions_min":1.0,"functions_max":1.0,"closures_min":0.0,"closures_max":0.0},"mi":{"mi_original":118.1313592503243,"mi_sei":94.82849403130714,"mi_visual_studio":69.08266622825982},"abc":{"assignments":0.0,"branches":0.0,"conditions":0.0,"magnitude":0.0,"assignments_average":0.0,"branches_average":0.0,"conditions_average":0.0,"assignments_min":0.0,"assignments_max":0.0,"branches_min":0.0,"branches_max":0.0,"conditions_min":0.0,"conditions_max":0.0}}},{"name":"asn1Init_PolicyMappings","start_line":422,"end_line":426,"kind":"function","spaces":[],"metrics":{"nargs":{"total_functions":1.0,"total_closures":0.0,"average_functions":1.0,"average_closures":0.0,"total":1.0,"average":1.0,"functions_min":1.0,"functions_max":1.0,"closures_min":0.0,"closures_max":0.0},"nexits":{"sum":1.0,"average":1.0,"min":1.0,"max":1.0},"cognitive":{"sum":0.0,"average":0.0,"min":0.0,"max":0.0},"cyclomatic":{"sum":1.0,"average":1.0,"min":1.0,"max":1.0},"halstead":{"n1":8.0,"N1":9.0,"n2":5.0,"N2":7.0,"length":16.0,"estimated_program_length":35.60964047443681,"purity_ratio":2.2256025296523005,"vocabulary":13.0,"volume":59.207035490257475,"difficulty":5.6,"level":0.17857142857142858,"effort":331.55939874544185,"time":18.41996659696899,"bugs":0.015968090091229327},"loc":{"sloc":5.0,"ploc":5.0,"lloc":2.0,"cloc":0.0,"blank":0.0,"sloc_average":5.0,"ploc_average":5.0,"lloc_average":2.0,"cloc_average":0.0,"blank_average":0.0,"sloc_min":5.0,"sloc_max":5.0,"cloc_min":0.0,"cloc_max":0.0,"ploc_min":5.0,"ploc_max":5.0,"lloc_min":2.0,"lloc_max":2.0,"blank_min":0.0,"blank_max":0.0},"nom":{"functions":1.0,"closures":0.0,"functions_average":1.0,"closures_average":0.0,"total":1.0,"average":1.0,"functions_min":1.0,"functions_max":1.0,"closures_min":0.0,"closures_max":0.0},"mi":{"mi_original":123.47569585520588,"mi_sei":102.5387419480112,"mi_visual_studio":72.20800927205022},"abc":{"assignments":0.0,"branches":0.0,"conditions":0.0,"magnitude":0.0,"assignments_average":0.0,"branches_average":0.0,"conditions_average":0.0,"assignments_min":0.0,"assignments_max":0.0,"branches_min":0.0,"branches_max":0.0,"conditions_min":0.0,"conditions_max":0.0}}},{"name":"asn1Init_SubjectDirectoryAttributes","start_line":430,"end_line":434,"kind":"function","spaces":[],"metrics":{"nargs":{"total_functions":1.0,"total_closures":0.0,"average_functions":1.0,"average_closures":0.0,"total":1.0,"average":1.0,"functions_min":1.0,"functions_max":1.0,"closures_min":0.0,"closures_max":0.0},"nexits":{"sum":1.0,"average":1.0,"min":1.0,"max":1.0},"cognitive":{"sum":0.0,"average":0.0,"min":0.0,"max":0.0},"cyclomatic":{"sum":1.0,"average":1.0,"min":1.0,"max":1.0},"halstead":{"n1":8.0,"N1":9.0,"n2":5.0,"N2":7.0,"length":16.0,"estimated_program_length":35.60964047443681,"purity_ratio":2.2256025296523005,"vocabulary":13.0,"volume":59.207035490257475,"difficulty":5.6,"level":0.17857142857142858,"effort":331.55939874544185,"time":18.41996659696899,"bugs":0.015968090091229327},"loc":{"sloc":5.0,"ploc":5.0,"lloc":2.0,"cloc":0.0,"blank":0.0,"sloc_average":5.0,"ploc_average":5.0,"lloc_average":2.0,"cloc_average":0.0,"blank_average":0.0,"sloc_min":5.0,"sloc_max":5.0,"cloc_min":0.0,"cloc_max":0.0,"ploc_min":5.0,"ploc_max":5.0,"lloc_min":2.0,"lloc_max":2.0,"blank_min":0.0,"blank_max":0.0},"nom":{"functions":1.0,"closures":0.0,"functions_average":1.0,"closures_average":0.0,"total":1.0,"average":1.0,"functions_min":1.0,"functions_max":1.0,"closures_min":0.0,"closures_max":0.0},"mi":{"mi_original":123.47569585520588,"mi_sei":102.5387419480112,"mi_visual_studio":72.20800927205022},"abc":{"assignments":0.0,"branches":0.0,"conditions":0.0,"magnitude":0.0,"assignments_average":0.0,"branches_average":0.0,"conditions_average":0.0,"assignments_min":0.0,"assignments_max":0.0,"branches_min":0.0,"branches_max":0.0,"conditions_min":0.0,"conditions_max":0.0}}},{"name":"asn1Init_BasicConstraints","start_line":438,"end_line":443,"kind":"function","spaces":[],"metrics":{"nargs":{"total_functions":1.0,"total_closures":0.0,"average_functions":1.0,"average_closures":0.0,"total":1.0,"average":1.0,"functions_min":1.0,"functions_max":1.0,"closures_min":0.0,"closures_max":0.0},"nexits":{"sum":1.0,"average":1.0,"min":1.0,"max":1.0},"cognitive":{"sum":0.0,"average":0.0,"min":0.0,"max":0.0},"cyclomatic":{"sum":1.0,"average":1.0,"min":1.0,"max":1.0},"halstead":{"n1":11.0,"N1":18.0,"n2":8.0,"N2":13.0,"length":31.0,"estimated_program_length":62.05374780501027,"purity_ratio":2.0017338001616216,"vocabulary":19.0,"volume":131.68575291675114,"difficulty":8.9375,"level":0.11188811188811189,"effort":1176.9414166934632,"time":65.38563426074796,"bugs":0.03715768447618632},"loc":{"sloc":6.0,"ploc":6.0,"lloc":3.0,"cloc":0.0,"blank":0.0,"sloc_average":6.0,"ploc_average":6.0,"lloc_average":3.0,"cloc_average":0.0,"blank_average":0.0,"sloc_min":6.0,"sloc_max":6.0,"cloc_min":0.0,"cloc_max":0.0,"ploc_min":6.0,"ploc_max":6.0,"lloc_min":3.0,"lloc_max":3.0,"blank_min":0.0,"blank_max":0.0},"nom":{"functions":1.0,"closures":0.0,"functions_average":1.0,"closures_average":0.0,"total":1.0,"average":1.0,"functions_min":1.0,"functions_max":1.0,"closures_min":0.0,"closures_max":0.0},"mi":{"mi_original":116.36532079064327,"mi_sei":92.28063910350616,"mi_visual_studio":68.04989519920659},"abc":{"assignments":0.0,"branches":0.0,"conditions":0.0,"magnitude":0.0,"assignments_average":0.0,"branches_average":0.0,"conditions_average":0.0,"assignments_min":0.0,"assignments_max":0.0,"branches_min":0.0,"branches_max":0.0,"conditions_min":0.0,"conditions_max":0.0}}},{"name":"asn1Init_GeneralSubtree","start_line":447,"end_line":453,"kind":"function","spaces":[],"metrics":{"nargs":{"total_functions":1.0,"total_closures":0.0,"average_functions":1.0,"average_closures":0.0,"total":1.0,"average":1.0,"functions_min":1.0,"functions_max":1.0,"closures_min":0.0,"closures_max":0.0},"nexits":{"sum":1.0,"average":1.0,"min":1.0,"max":1.0},"cognitive":{"sum":0.0,"average":0.0,"min":0.0,"max":0.0},"cyclomatic":{"sum":1.0,"average":1.0,"min":1.0,"max":1.0},"halstead":{"n1":11.0,"N1":22.0,"n2":9.0,"N2":16.0,"length":38.0,"estimated_program_length":66.58307281799108,"purity_ratio":1.752186126789239,"vocabulary":20.0,"volume":164.2332676057198,"difficulty":9.777777777777779,"level":0.10227272727272727,"effort":1605.836394367038,"time":89.21313302039101,"bugs":0.045710181203860153},"loc":{"sloc":7.0,"ploc":7.0,"lloc":4.0,"cloc":0.0,"blank":0.0,"sloc_average":7.0,"ploc_average":7.0,"lloc_average":4.0,"cloc_average":0.0,"blank_average":0.0,"sloc_min":7.0,"sloc_max":7.0,"cloc_min":0.0,"cloc_max":0.0,"ploc_min":7.0,"ploc_max":7.0,"lloc_min":4.0,"lloc_max":4.0,"blank_min":0.0,"blank_max":0.0},"nom":{"functions":1.0,"closures":0.0,"functions_average":1.0,"closures_average":0.0,"total":1.0,"average":1.0,"functions_min":1.0,"functions_max":1.0,"closures_min":0.0,"closures_max":0.0},"mi":{"mi_original":112.71955912580435,"mi_sei":87.02091682937993,"mi_visual_studio":65.91787083380372},"abc":{"assignments":0.0,"branches":0.0,"conditions":0.0,"magnitude":0.0,"assignments_average":0.0,"branches_average":0.0,"conditions_average":0.0,"assignments_min":0.0,"assignments_max":0.0,"branches_min":0.0,"branches_max":0.0,"conditions_min":0.0,"conditions_max":0.0}}},{"name":"asn1Init_GeneralSubtrees","start_line":457,"end_line":461,"kind":"function","spaces":[],"metrics":{"nargs":{"total_functions":1.0,"total_closures":0.0,"average_functions":1.0,"average_closures":0.0,"total":1.0,"average":1.0,"functions_min":1.0,"functions_max":1.0,"closures_min":0.0,"closures_max":0.0},"nexits":{"sum":1.0,"average":1.0,"min":1.0,"max":1.0},"cognitive":{"sum":0.0,"average":0.0,"min":0.0,"max":0.0},"cyclomatic":{"sum":1.0,"average":1.0,"min":1.0,"max":1.0},"halstead":{"n1":8.0,"N1":9.0,"n2":5.0,"N2":7.0,"length":16.0,"estimated_program_length":35.60964047443681,"purity_ratio":2.2256025296523005,"vocabulary":13.0,"volume":59.207035490257475,"difficulty":5.6,"level":0.17857142857142858,"effort":331.55939874544185,"time":18.41996659696899,"bugs":0.015968090091229327},"loc":{"sloc":5.0,"ploc":5.0,"lloc":2.0,"cloc":0.0,"blank":0.0,"sloc_average":5.0,"ploc_average":5.0,"lloc_average":2.0,"cloc_average":0.0,"blank_average":0.0,"sloc_min":5.0,"sloc_max":5.0,"cloc_min":0.0,"cloc_max":0.0,"ploc_min":5.0,"ploc_max":5.0,"lloc_min":2.0,"lloc_max":2.0,"blank_min":0.0,"blank_max":0.0},"nom":{"functions":1.0,"closures":0.0,"functions_average":1.0,"closures_average":0.0,"total":1.0,"average":1.0,"functions_min":1.0,"functions_max":1.0,"closures_min":0.0,"closures_max":0.0},"mi":{"mi_original":123.47569585520588,"mi_sei":102.5387419480112,"mi_visual_studio":72.20800927205022},"abc":{"assignments":0.0,"branches":0.0,"conditions":0.0,"magnitude":0.0,"assignments_average":0.0,"branches_average":0.0,"conditions_average":0.0,"assignments_min":0.0,"assignments_max":0.0,"branches_min":0.0,"branches_max":0.0,"conditions_min":0.0,"conditions_max":0.0}}},{"name":"asn1Init_NameConstraints","start_line":465,"end_line":471,"kind":"function","spaces":[],"metrics":{"nargs":{"total_functions":1.0,"total_closures":0.0,"average_functions":1.0,"average_closures":0.0,"total":1.0,"average":1.0,"functions_min":1.0,"functions_max":1.0,"closures_min":0.0,"closures_max":0.0},"nexits":{"sum":1.0,"average":1.0,"min":1.0,"max":1.0},"cognitive":{"sum":0.0,"average":0.0,"min":0.0,"max":0.0},"cyclomatic":{"sum":1.0,"average":1.0,"min":1.0,"max":1.0},"halstead":{"n1":10.0,"N1":23.0,"n2":9.0,"N2":16.0,"length":39.0,"estimated_program_length":61.74860596185444,"purity_ratio":1.5832975887654983,"vocabulary":19.0,"volume":165.66917302429982,"difficulty":8.88888888888889,"level":0.11249999999999999,"effort":1472.6148713271095,"time":81.81193729595053,"bugs":0.04314576760321885},"loc":{"sloc":7.0,"ploc":7.0,"lloc":4.0,"cloc":0.0,"blank":0.0,"sloc_average":7.0,"ploc_average":7.0,"lloc_average":4.0,"cloc_average":0.0,"blank_average":0.0,"sloc_min":7.0,"sloc_max":7.0,"cloc_min":0.0,"cloc_max":0.0,"ploc_min":7.0,"ploc_max":7.0,"lloc_min":4.0,"lloc_max":4.0,"blank_min":0.0,"blank_max":0.0},"nom":{"functions":1.0,"closures":0.0,"functions_average":1.0,"closures_average":0.0,"total":1.0,"average":1.0,"functions_min":1.0,"functions_max":1.0,"closures_min":0.0,"closures_max":0.0},"mi":{"mi_original":112.67429268089029,"mi_sei":86.95561115378376,"mi_visual_studio":65.89139922859081},"abc":{"assignments":0.0,"branches":0.0,"conditions":0.0,"magnitude":0.0,"assignments_average":0.0,"branches_average":0.0,"conditions_average":0.0,"assignments_min":0.0,"assignments_max":0.0,"branches_min":0.0,"branches_max":0.0,"conditions_min":0.0,"conditions_max":0.0}}},{"name":"asn1Init_PolicyConstraints","start_line":475,"end_line":479,"kind":"function","spaces":[],"metrics":{"nargs":{"total_functions":1.0,"total_closures":0.0,"average_functions":1.0,"average_closures":0.0,"total":1.0,"average":1.0,"functions_min":1.0,"functions_max":1.0,"closures_min":0.0,"closures_max":0.0},"nexits":{"sum":1.0,"average":1.0,"min":1.0,"max":1.0},"cognitive":{"sum":0.0,"average":0.0,"min":0.0,"max":0.0},"cyclomatic":{"sum":1.0,"average":1.0,"min":1.0,"max":1.0},"halstead":{"n1":10.0,"N1":15.0,"n2":6.0,"N2":10.0,"length":25.0,"estimated_program_length":48.72905595320056,"purity_ratio":1.9491622381280223,"vocabulary":16.0,"volume":100.0,"difficulty":8.333333333333334,"level":0.12,"effort":833.3333333333334,"time":46.2962962962963,"bugs":0.02951829358840586},"loc":{"sloc":5.0,"ploc":5.0,"lloc":2.0,"cloc":0.0,"blank":0.0,"sloc_average":5.0,"ploc_average":5.0,"lloc_average":2.0,"cloc_average":0.0,"blank_average":0.0,"sloc_min":5.0,"sloc_max":5.0,"cloc_min":0.0,"cloc_max":0.0,"ploc_min":5.0,"ploc_max":5.0,"lloc_min":2.0,"lloc_max":2.0,"blank_min":0.0,"blank_max":0.0},"nom":{"functions":1.0,"closures":0.0,"functions_average":1.0,"closures_average":0.0,"total":1.0,"average":1.0,"functions_min":1.0,"functions_max":1.0,"closures_min":0.0,"closures_max":0.0},"mi":{"mi_original":120.7502208514295,"mi_sei":98.60671267599619,"mi_visual_studio":70.61416424060205},"abc":{"assignments":0.0,"branches":0.0,"conditions":0.0,"magnitude":0.0,"assignments_average":0.0,"branches_average":0.0,"conditions_average":0.0,"assignments_min":0.0,"assignments_max":0.0,"branches_min":0.0,"branches_max":0.0,"conditions_min":0.0,"conditions_max":0.0}}},{"name":"asn1Init_DistributionPointName","start_line":483,"end_line":488,"kind":"function","spaces":[],"metrics":{"nargs":{"total_functions":1.0,"total_closures":0.0,"average_functions":1.0,"average_closures":0.0,"total":1.0,"average":1.0,"functions_min":1.0,"functions_max":1.0,"closures_min":0.0,"closures_max":0.0},"nexits":{"sum":1.0,"average":1.0,"min":1.0,"max":1.0},"cognitive":{"sum":0.0,"average":0.0,"min":0.0,"max":0.0},"cyclomatic":{"sum":1.0,"average":1.0,"min":1.0,"max":1.0},"halstead":{"n1":11.0,"N1":18.0,"n2":7.0,"N2":13.0,"length":31.0,"estimated_program_length":57.70523225941349,"purity_ratio":1.8614591051423708,"vocabulary":18.0,"volume":129.26767504471167,"difficulty":10.214285714285714,"level":0.0979020979020979,"effort":1320.376966528126,"time":73.35427591822923,"bugs":0.04011844010776506},"loc":{"sloc":6.0,"ploc":6.0,"lloc":3.0,"cloc":0.0,"blank":0.0,"sloc_average":6.0,"ploc_average":6.0,"lloc_average":3.0,"cloc_average":0.0,"blank_average":0.0,"sloc_min":6.0,"sloc_max":6.0,"cloc_min":0.0,"cloc_max":0.0,"ploc_min":6.0,"ploc_max":6.0,"lloc_min":3.0,"lloc_max":3.0,"blank_min":0.0,"blank_max":0.0},"nom":{"functions":1.0,"closures":0.0,"functions_average":1.0,"closures_average":0.0,"total":1.0,"average":1.0,"functions_min":1.0,"functions_max":1.0,"closures_min":0.0,"closures_max":0.0},"mi":{"mi_original":116.46169327318938,"mi_sei":92.41967520615361,"mi_visual_studio":68.10625337613413},"abc":{"assignments":0.0,"branches":0.0,"conditions":0.0,"magnitude":0.0,"assignments_average":0.0,"branches_average":0.0,"conditions_average":0.0,"assignments_min":0.0,"assignments_max":0.0,"branches_min":0.0,"branches_max":0.0,"conditions_min":0.0,"conditions_max":0.0}}},{"name":"asn1Init_DistributionPoint","start_line":492,"end_line":499,"kind":"function","spaces":[],"metrics":{"nargs":{"total_functions":1.0,"total_closures":0.0,"average_functions":1.0,"average_closures":0.0,"total":1.0,"average":1.0,"functions_min":1.0,"functions_max":1.0,"closures_min":0.0,"closures_max":0.0},"nexits":{"sum":1.0,"average":1.0,"min":1.0,"max":1.0},"cognitive":{"sum":0.0,"average":0.0,"min":0.0,"max":0.0},"cyclomatic":{"sum":1.0,"average":1.0,"min":1.0,"max":1.0},"halstead":{"n1":10.0,"N1":27.0,"n2":12.0,"N2":19.0,"length":46.0,"estimated_program_length":76.2388309575275,"purity_ratio":1.6573658903810327,"vocabulary":22.0,"volume":205.13385445731566,"difficulty":7.916666666666667,"level":0.12631578947368421,"effort":1623.9763477870824,"time":90.22090821039347,"bugs":0.046053772551821796},"loc":{"sloc":8.0,"ploc":8.0,"lloc":5.0,"cloc":0.0,"blank":0.0,"sloc_average":8.0,"ploc_average":8.0,"lloc_average":5.0,"cloc_average":0.0,"blank_average":0.0,"sloc_min":8.0,"sloc_max":8.0,"cloc_min":0.0,"cloc_max":0.0,"ploc_min":8.0,"ploc_max":8.0,"lloc_min":5.0,"lloc_max":5.0,"blank_min":0.0,"blank_max":0.0},"nom":{"functions":1.0,"closures":0.0,"functions_average":1.0,"closures_average":0.0,"total":1.0,"average":1.0,"functions_min":1.0,"functions_max":1.0,"closures_min":0.0,"closures_max":0.0},"mi":{"mi_original":109.40000090869765,"mi_sei":82.23180665161789,"mi_visual_studio":63.97660871853664},"abc":{"assignments":0.0,"branches":0.0,"conditions":0.0,"magnitude":0.0,"assignments_average":0.0,"branches_average":0.0,"conditions_average":0.0,"assignments_min":0.0,"assignments_max":0.0,"branches_min":0.0,"branches_max":0.0,"conditions_min":0.0,"conditions_max":0.0}}},{"name":"asn1Init_CRLDistributionPoints","start_line":503,"end_line":507,"kind":"function","spaces":[],"metrics":{"nargs":{"total_functions":1.0,"total_closures":0.0,"average_functions":1.0,"average_closures":0.0,"total":1.0,"average":1.0,"functions_min":1.0,"functions_max":1.0,"closures_min":0.0,"closures_max":0.0},"nexits":{"sum":1.0,"average":1.0,"min":1.0,"max":1.0},"cognitive":{"sum":0.0,"average":0.0,"min":0.0,"max":0.0},"cyclomatic":{"sum":1.0,"average":1.0,"min":1.0,"max":1.0},"halstead":{"n1":8.0,"N1":9.0,"n2":5.0,"N2":7.0,"length":16.0,"estimated_program_length":35.60964047443681,"purity_ratio":2.2256025296523005,"vocabulary":13.0,"volume":59.207035490257475,"difficulty":5.6,"level":0.17857142857142858,"effort":331.55939874544185,"time":18.41996659696899,"bugs":0.015968090091229327},"loc":{"sloc":5.0,"ploc":5.0,"lloc":2.0,"cloc":0.0,"blank":0.0,"sloc_average":5.0,"ploc_average":5.0,"lloc_average":2.0,"cloc_average":0.0,"blank_average":0.0,"sloc_min":5.0,"sloc_max":5.0,"cloc_min":0.0,"cloc_max":0.0,"ploc_min":5.0,"ploc_max":5.0,"lloc_min":2.0,"lloc_max":2.0,"blank_min":0.0,"blank_max":0.0},"nom":{"functions":1.0,"closures":0.0,"functions_average":1.0,"closures_average":0.0,"total":1.0,"average":1.0,"functions_min":1.0,"functions_max":1.0,"closures_min":0.0,"closures_max":0.0},"mi":{"mi_original":123.47569585520588,"mi_sei":102.5387419480112,"mi_visual_studio":72.20800927205022},"abc":{"assignments":0.0,"branches":0.0,"conditions":0.0,"magnitude":0.0,"assignments_average":0.0,"branches_average":0.0,"conditions_average":0.0,"assignments_min":0.0,"assignments_max":0.0,"branches_min":0.0,"branches_max":0.0,"conditions_min":0.0,"conditions_max":0.0}}},{"name":"asn1Init_ExtKeyUsageSyntax","start_line":511,"end_line":515,"kind":"function","spaces":[],"metrics":{"nargs":{"total_functions":1.0,"total_closures":0.0,"average_functions":1.0,"average_closures":0.0,"total":1.0,"average":1.0,"functions_min":1.0,"functions_max":1.0,"closures_min":0.0,"closures_max":0.0},"nexits":{"sum":1.0,"average":1.0,"min":1.0,"max":1.0},"cognitive":{"sum":0.0,"average":0.0,"min":0.0,"max":0.0},"cyclomatic":{"sum":1.0,"average":1.0,"min":1.0,"max":1.0},"halstead":{"n1":8.0,"N1":9.0,"n2":5.0,"N2":7.0,"length":16.0,"estimated_program_length":35.60964047443681,"purity_ratio":2.2256025296523005,"vocabulary":13.0,"volume":59.207035490257475,"difficulty":5.6,"level":0.17857142857142858,"effort":331.55939874544185,"time":18.41996659696899,"bugs":0.015968090091229327},"loc":{"sloc":5.0,"ploc":5.0,"lloc":2.0,"cloc":0.0,"blank":0.0,"sloc_average":5.0,"ploc_average":5.0,"lloc_average":2.0,"cloc_average":0.0,"blank_average":0.0,"sloc_min":5.0,"sloc_max":5.0,"cloc_min":0.0,"cloc_max":0.0,"ploc_min":5.0,"ploc_max":5.0,"lloc_min":2.0,"lloc_max":2.0,"blank_min":0.0,"blank_max":0.0},"nom":{"functions":1.0,"closures":0.0,"functions_average":1.0,"closures_average":0.0,"total":1.0,"average":1.0,"functions_min":1.0,"functions_max":1.0,"closures_min":0.0,"closures_max":0.0},"mi":{"mi_original":123.47569585520588,"mi_sei":102.5387419480112,"mi_visual_studio":72.20800927205022},"abc":{"assignments":0.0,"branches":0.0,"conditions":0.0,"magnitude":0.0,"assignments_average":0.0,"branches_average":0.0,"conditions_average":0.0,"assignments_min":0.0,"assignments_max":0.0,"branches_min":0.0,"branches_max":0.0,"conditions_min":0.0,"conditions_max":0.0}}},{"name":"asn1Init_AccessDescription","start_line":519,"end_line":524,"kind":"function","spaces":[],"metrics":{"nargs":{"total_functions":1.0,"total_closures":0.0,"average_functions":1.0,"average_closures":0.0,"total":1.0,"average":1.0,"functions_min":1.0,"functions_max":1.0,"closures_min":0.0,"closures_max":0.0},"nexits":{"sum":1.0,"average":1.0,"min":1.0,"max":1.0},"cognitive":{"sum":0.0,"average":0.0,"min":0.0,"max":0.0},"cyclomatic":{"sum":1.0,"average":1.0,"min":1.0,"max":1.0},"halstead":{"n1":10.0,"N1":14.0,"n2":8.0,"N2":11.0,"length":25.0,"estimated_program_length":57.219280948873624,"purity_ratio":2.288771237954945,"vocabulary":18.0,"volume":104.2481250360578,"difficulty":6.875,"level":0.14545454545454545,"effort":716.7058596228974,"time":39.81699220127208,"bugs":0.026695581296606083},"loc":{"sloc":6.0,"ploc":6.0,"lloc":3.0,"cloc":0.0,"blank":0.0,"sloc_average":6.0,"ploc_average":6.0,"lloc_average":3.0,"cloc_average":0.0,"blank_average":0.0,"sloc_min":6.0,"sloc_max":6.0,"cloc_min":0.0,"cloc_max":0.0,"ploc_min":6.0,"ploc_max":6.0,"lloc_min":3.0,"lloc_max":3.0,"blank_min":0.0,"blank_max":0.0},"nom":{"functions":1.0,"closures":0.0,"functions_average":1.0,"closures_average":0.0,"total":1.0,"average":1.0,"functions_min":1.0,"functions_max":1.0,"closures_min":0.0,"closures_max":0.0},"mi":{"mi_original":117.5802724471975,"mi_sei":94.03344383333678,"mi_visual_studio":68.76039324397514},"abc":{"assignments":0.0,"branches":0.0,"conditions":0.0,"magnitude":0.0,"assignments_average":0.0,"branches_average":0.0,"conditions_average":0.0,"assignments_min":0.0,"assignments_max":0.0,"branches_min":0.0,"branches_max":0.0,"conditions_min":0.0,"conditions_max":0.0}}},{"name":"asn1Init_AuthorityInfoAccessSyntax","start_line":528,"end_line":532,"kind":"function","spaces":[],"metrics":{"nargs":{"total_functions":1.0,"total_closures":0.0,"average_functions":1.0,"average_closures":0.0,"total":1.0,"average":1.0,"functions_min":1.0,"functions_max":1.0,"closures_min":0.0,"closures_max":0.0},"nexits":{"sum":1.0,"average":1.0,"min":1.0,"max":1.0},"cognitive":{"sum":0.0,"average":0.0,"min":0.0,"max":0.0},"cyclomatic":{"sum":1.0,"average":1.0,"min":1.0,"max":1.0},"halstead":{"n1":8.0,"N1":9.0,"n2":5.0,"N2":7.0,"length":16.0,"estimated_program_length":35.60964047443681,"purity_ratio":2.2256025296523005,"vocabulary":13.0,"volume":59.207035490257475,"difficulty":5.6,"level":0.17857142857142858,"effort":331.55939874544185,"time":18.41996659696899,"bugs":0.015968090091229327},"loc":{"sloc":5.0,"ploc":5.0,"lloc":2.0,"cloc":0.0,"blank":0.0,"sloc_average":5.0,"ploc_average":5.0,"lloc_average":2.0,"cloc_average":0.0,"blank_average":0.0,"sloc_min":5.0,"sloc_max":5.0,"cloc_min":0.0,"cloc_max":0.0,"ploc_min":5.0,"ploc_max":5.0,"lloc_min":2.0,"lloc_max":2.0,"blank_min":0.0,"blank_max":0.0},"nom":{"functions":1.0,"closures":0.0,"functions_average":1.0,"closures_average":0.0,"total":1.0,"average":1.0,"functions_min":1.0,"functions_max":1.0,"closures_min":0.0,"closures_max":0.0},"mi":{"mi_original":123.47569585520588,"mi_sei":102.5387419480112,"mi_visual_studio":72.20800927205022},"abc":{"assignments":0.0,"branches":0.0,"conditions":0.0,"magnitude":0.0,"assignments_average":0.0,"branches_average":0.0,"conditions_average":0.0,"assignments_min":0.0,"assignments_max":0.0,"branches_min":0.0,"branches_max":0.0,"conditions_min":0.0,"conditions_max":0.0}}},{"name":"asn1Init_SubjectInfoAccessSyntax","start_line":536,"end_line":540,"kind":"function","spaces":[],"metrics":{"nargs":{"total_functions":1.0,"total_closures":0.0,"average_functions":1.0,"average_closures":0.0,"total":1.0,"average":1.0,"functions_min":1.0,"functions_max":1.0,"closures_min":0.0,"closures_max":0.0},"nexits":{"sum":1.0,"average":1.0,"min":1.0,"max":1.0},"cognitive":{"sum":0.0,"average":0.0,"min":0.0,"max":0.0},"cyclomatic":{"sum":1.0,"average":1.0,"min":1.0,"max":1.0},"halstead":{"n1":8.0,"N1":9.0,"n2":5.0,"N2":7.0,"length":16.0,"estimated_program_length":35.60964047443681,"purity_ratio":2.2256025296523005,"vocabulary":13.0,"volume":59.207035490257475,"difficulty":5.6,"level":0.17857142857142858,"effort":331.55939874544185,"time":18.41996659696899,"bugs":0.015968090091229327},"loc":{"sloc":5.0,"ploc":5.0,"lloc":2.0,"cloc":0.0,"blank":0.0,"sloc_average":5.0,"ploc_average":5.0,"lloc_average":2.0,"cloc_average":0.0,"blank_average":0.0,"sloc_min":5.0,"sloc_max":5.0,"cloc_min":0.0,"cloc_max":0.0,"ploc_min":5.0,"ploc_max":5.0,"lloc_min":2.0,"lloc_max":2.0,"blank_min":0.0,"blank_max":0.0},"nom":{"functions":1.0,"closures":0.0,"functions_average":1.0,"closures_average":0.0,"total":1.0,"average":1.0,"functions_min":1.0,"functions_max":1.0,"closures_min":0.0,"closures_max":0.0},"mi":{"mi_original":123.47569585520588,"mi_sei":102.5387419480112,"mi_visual_studio":72.20800927205022},"abc":{"assignments":0.0,"branches":0.0,"conditions":0.0,"magnitude":0.0,"assignments_average":0.0,"branches_average":0.0,"conditions_average":0.0,"assignments_min":0.0,"assignments_max":0.0,"branches_min":0.0,"branches_max":0.0,"conditions_min":0.0,"conditions_max":0.0}}},{"name":"asn1Init_IssuingDistributionPoint","start_line":544,"end_line":554,"kind":"function","spaces":[],"metrics":{"nargs":{"total_functions":1.0,"total_closures":0.0,"average_functions":1.0,"average_closures":0.0,"total":1.0,"average":1.0,"functions_min":1.0,"functions_max":1.0,"closures_min":0.0,"closures_max":0.0},"nexits":{"sum":1.0,"average":1.0,"min":1.0,"max":1.0},"cognitive":{"sum":0.0,"average":0.0,"min":0.0,"max":0.0},"cyclomatic":{"sum":1.0,"average":1.0,"min":1.0,"max":1.0},"halstead":{"n1":11.0,"N1":35.0,"n2":15.0,"N2":28.0,"length":63.0,"estimated_program_length":96.65710673913804,"purity_ratio":1.5342397895101276,"vocabulary":26.0,"volume":296.1277022428888,"difficulty":10.266666666666667,"level":0.0974025974025974,"effort":3040.244409693659,"time":168.90246720520327,"bugs":0.06995483625018216},"loc":{"sloc":11.0,"ploc":11.0,"lloc":8.0,"cloc":0.0,"blank":0.0,"sloc_average":11.0,"ploc_average":11.0,"lloc_average":8.0,"cloc_average":0.0,"blank_average":0.0,"sloc_min":11.0,"sloc_max":11.0,"cloc_min":0.0,"cloc_max":0.0,"ploc_min":11.0,"ploc_max":11.0,"lloc_min":8.0,"lloc_max":8.0,"blank_min":0.0,"blank_max":0.0},"nom":{"functions":1.0,"closures":0.0,"functions_average":1.0,"closures_average":0.0,"total":1.0,"average":1.0,"functions_min":1.0,"functions_max":1.0,"closures_min":0.0,"closures_max":0.0},"mi":{"mi_original":102.3319844841966,"mi_sei":72.03481440706851,"mi_visual_studio":59.84326578023193},"abc":{"assignments":0.0,"branches":0.0,"conditions":0.0,"magnitude":0.0,"assignments_average":0.0,"branches_average":0.0,"conditions_average":0.0,"assignments_min":0.0,"assignments_max":0.0,"branches_min":0.0,"branches_max":0.0,"conditions_min":0.0,"conditions_max":0.0}}}],"metrics":{"nargs":{"total_functions":44.0,"total_closures":0.0,"average_functions":1.1,"average_closures":0.0,"total":44.0,"average":1.1,"functions_min":0.0,"functions_max":4.0,"closures_min":0.0,"closures_max":0.0},"nexits":{"sum":42.0,"average":1.05,"min":0.0,"max":2.0},"cognitive":{"sum":5.0,"average":0.125,"min":0.0,"max":3.0},"cyclomatic":{"sum":44.0,"average":1.0731707317073171,"min":1.0,"max":3.0},"halstead":{"n1":18.0,"N1":1065.0,"n2":228.0,"N2":860.0,"length":1925.0,"estimated_program_length":1860.9575732555227,"purity_ratio":0.9667312068859858,"vocabulary":246.0,"volume":15289.340422778037,"difficulty":33.94736842105263,"level":0.02945736434108527,"effort":519032.87224693864,"time":28835.15956927437,"bugs":2.1528246363303074},"loc":{"sloc":554.0,"ploc":418.0,"lloc":163.0,"cloc":49.0,"blank":87.0,"sloc_average":13.512195121951219,"ploc_average":10.195121951219512,"lloc_average":3.975609756097561,"cloc_average":1.1951219512195121,"blank_average":2.1219512195121952,"sloc_min":5.0,"sloc_max":14.0,"cloc_min":0.0,"cloc_max":0.0,"ploc_min":5.0,"ploc_max":13.0,"lloc_min":2.0,"lloc_max":8.0,"blank_min":0.0,"blank_max":1.0},"nom":{"functions":40.0,"closures":0.0,"functions_average":0.975609756097561,"closures_average":0.0,"total":40.0,"average":0.975609756097561,"functions_min":0.0,"functions_max":1.0,"closures_min":0.0,"closures_max":0.0},"mi":{"mi_original":8.44039404178065,"mi_sei":-36.813649558844745,"mi_visual_studio":4.935902948409737},"abc":{"assignments":0.0,"branches":0.0,"conditions":0.0,"magnitude":0.0,"assignments_average":0.0,"branches_average":0.0,"conditions_average":0.0,"assignments_min":0.0,"assignments_max":0.0,"branches_min":0.0,"branches_max":0.0,"conditions_min":0.0,"conditions_max":0.0}}}