{"name":"./src/PKIX1Explicit-2009Dec.c","start_line":1,"end_line":2463,"kind":"unit","spaces":[{"name":"asn1D_RelativeDistinguishedName","start_line":15,"end_line":65,"kind":"function","spaces":[],"metrics":{"nargs":{"total_functions":4.0,"total_closures":0.0,"average_functions":4.0,"average_closures":0.0,"total":4.0,"average":4.0,"functions_min":4.0,"functions_max":4.0,"closures_min":0.0,"closures_max":0.0},"nexits":{"sum":5.0,"average":5.0,"min":5.0,"max":5.0},"cognitive":{"sum":14.0,"average":14.0,"min":14.0,"max":14.0},"cyclomatic":{"sum":9.0,"average":9.0,"min":9.0,"max":9.0},"halstead":{"n1":23.0,"N1":133.0,"n2":42.0,"N2":110.0,"length":243.0,"estimated_program_length":330.5192567460192,"purity_ratio":1.3601615503951408,"vocabulary":65.0,"volume":1463.4353785659143,"difficulty":30.11904761904762,"level":0.03320158102766798,"effort":44077.27985442575,"time":2448.7377696903195,"bugs":0.4159316177826974},"loc":{"sloc":51.0,"ploc":41.0,"lloc":33.0,"cloc":1.0,"blank":9.0,"sloc_average":51.0,"ploc_average":41.0,"lloc_average":33.0,"cloc_average":1.0,"blank_average":9.0,"sloc_min":51.0,"sloc_max":51.0,"cloc_min":1.0,"cloc_max":1.0,"ploc_min":41.0,"ploc_max":41.0,"lloc_min":33.0,"lloc_max":33.0,"blank_min":9.0,"blank_max":9.0},"nom":{"functions":1.0,"closures":0.0,"functions_average":1.0,"closures_average":0.0,"total":1.0,"average":1.0,"functions_min":1.0,"functions_max":1.0,"closures_min":0.0,"closures_max":0.0},"mi":{"mi_original":67.33400661115118,"mi_sei":33.11961622926342,"mi_visual_studio":39.37661205330478},"abc":{"assignments":0.0,"branches":0.0,"conditions":0.0,"magnitude":0.0,"assignments_average":0.0,"branches_average":0.0,"conditions_average":0.0,"assignments_min":0.0,"assignments_max":0.0,"branches_min":0.0,"branches_max":0.0,"conditions_min":0.0,"conditions_max":0.0}}},{"name":"asn1D_RDNSequence","start_line":67,"end_line":109,"kind":"function","spaces":[],"metrics":{"nargs":{"total_functions":4.0,"total_closures":0.0,"average_functions":4.0,"average_closures":0.0,"total":4.0,"average":4.0,"functions_min":4.0,"functions_max":4.0,"closures_min":0.0,"closures_max":0.0},"nexits":{"sum":5.0,"average":5.0,"min":5.0,"max":5.0},"cognitive":{"sum":8.0,"average":8.0,"min":8.0,"max":8.0},"cyclomatic":{"sum":7.0,"average":7.0,"min":7.0,"max":7.0},"halstead":{"n1":19.0,"N1":114.0,"n2":33.0,"N2":91.0,"length":205.0,"estimated_program_length":247.17562869425709,"purity_ratio":1.2057347741183273,"vocabulary":52.0,"volume":1168.5901422189238,"difficulty":26.196969696969695,"level":0.03817235396182765,"effort":30613.520543886654,"time":1700.7511413270363,"bugs":0.3262027335481767},"loc":{"sloc":43.0,"ploc":32.0,"lloc":28.0,"cloc":1.0,"blank":10.0,"sloc_average":43.0,"ploc_average":32.0,"lloc_average":28.0,"cloc_average":1.0,"blank_average":10.0,"sloc_min":43.0,"sloc_max":43.0,"cloc_min":1.0,"cloc_max":1.0,"ploc_min":32.0,"ploc_max":32.0,"lloc_min":28.0,"lloc_max":28.0,"blank_min":10.0,"blank_max":10.0},"nom":{"functions":1.0,"closures":0.0,"functions_average":1.0,"closures_average":0.0,"total":1.0,"average":1.0,"functions_min":1.0,"functions_max":1.0,"closures_min":0.0,"closures_max":0.0},"mi":{"mi_original":71.72808099417173,"mi_sei":40.196544862092125,"mi_visual_studio":41.94624619542206},"abc":{"assignments":0.0,"branches":0.0,"conditions":0.0,"magnitude":0.0,"assignments_average":0.0,"branches_average":0.0,"conditions_average":0.0,"assignments_min":0.0,"assignments_max":0.0,"branches_min":0.0,"branches_max":0.0,"conditions_min":0.0,"conditions_max":0.0}}},{"name":"asn1D_Name","start_line":111,"end_line":142,"kind":"function","spaces":[],"metrics":{"nargs":{"total_functions":4.0,"total_closures":0.0,"average_functions":4.0,"average_closures":0.0,"total":4.0,"average":4.0,"functions_min":4.0,"functions_max":4.0,"closures_min":0.0,"closures_max":0.0},"nexits":{"sum":4.0,"average":4.0,"min":4.0,"max":4.0},"cognitive":{"sum":4.0,"average":4.0,"min":4.0,"max":4.0},"cyclomatic":{"sum":4.0,"average":4.0,"min":4.0,"max":4.0},"halstead":{"n1":21.0,"N1":71.0,"n2":28.0,"N2":53.0,"length":124.0,"estimated_program_length":226.84460369596687,"purity_ratio":1.8293919652900554,"vocabulary":49.0,"volume":696.2240206702859,"difficulty":19.875,"level":0.050314465408805034,"effort":13837.452410821932,"time":768.747356156774,"bugs":0.19212453916632735},"loc":{"sloc":32.0,"ploc":22.0,"lloc":17.0,"cloc":2.0,"blank":8.0,"sloc_average":32.0,"ploc_average":22.0,"lloc_average":17.0,"cloc_average":2.0,"blank_average":8.0,"sloc_min":32.0,"sloc_max":32.0,"cloc_min":2.0,"cloc_max":2.0,"ploc_min":22.0,"ploc_max":22.0,"lloc_min":17.0,"lloc_max":17.0,"blank_min":8.0,"blank_max":8.0},"nom":{"functions":1.0,"closures":0.0,"functions_average":1.0,"closures_average":0.0,"total":1.0,"average":1.0,"functions_min":1.0,"functions_max":1.0,"closures_min":0.0,"closures_max":0.0},"mi":{"mi_original":79.89758669255484,"mi_sei":58.85869133999903,"mi_visual_studio":46.72373490792681},"abc":{"assignments":0.0,"branches":0.0,"conditions":0.0,"magnitude":0.0,"assignments_average":0.0,"branches_average":0.0,"conditions_average":0.0,"assignments_min":0.0,"assignments_max":0.0,"branches_min":0.0,"branches_max":0.0,"conditions_min":0.0,"conditions_max":0.0}}},{"name":"asn1D_CertificateSerialNumber","start_line":144,"end_line":153,"kind":"function","spaces":[],"metrics":{"nargs":{"total_functions":4.0,"total_closures":0.0,"average_functions":4.0,"average_closures":0.0,"total":4.0,"average":4.0,"functions_min":4.0,"functions_max":4.0,"closures_min":0.0,"closures_max":0.0},"nexits":{"sum":2.0,"average":2.0,"min":2.0,"max":2.0},"cognitive":{"sum":1.0,"average":1.0,"min":1.0,"max":1.0},"cyclomatic":{"sum":2.0,"average":2.0,"min":2.0,"max":2.0},"halstead":{"n1":10.0,"N1":27.0,"n2":14.0,"N2":24.0,"length":51.0,"estimated_program_length":86.52224985768008,"purity_ratio":1.6965147030917662,"vocabulary":24.0,"volume":233.83308753677895,"difficulty":8.571428571428571,"level":0.11666666666666667,"effort":2004.2836074581053,"time":111.34908930322807,"bugs":0.052988894821003135},"loc":{"sloc":10.0,"ploc":8.0,"lloc":5.0,"cloc":0.0,"blank":2.0,"sloc_average":10.0,"ploc_average":8.0,"lloc_average":5.0,"cloc_average":0.0,"blank_average":2.0,"sloc_min":10.0,"sloc_max":10.0,"cloc_min":0.0,"cloc_max":0.0,"ploc_min":8.0,"ploc_max":8.0,"lloc_min":5.0,"lloc_max":5.0,"blank_min":2.0,"blank_max":2.0},"nom":{"functions":1.0,"closures":0.0,"functions_average":1.0,"closures_average":0.0,"total":1.0,"average":1.0,"functions_min":1.0,"functions_max":1.0,"closures_min":0.0,"closures_max":0.0},"mi":{"mi_original":104.87416218299124,"mi_sei":75.80422142558253,"mi_visual_studio":61.32991940525803},"abc":{"assignments":0.0,"branches":0.0,"conditions":0.0,"magnitude":0.0,"assignments_average":0.0,"branches_average":0.0,"conditions_average":0.0,"assignments_min":0.0,"assignments_max":0.0,"branches_min":0.0,"branches_max":0.0,"conditions_min":0.0,"conditions_max":0.0}}},{"name":"asn1D_AttributeType","start_line":155,"end_line":167,"kind":"function","spaces":[],"metrics":{"nargs":{"total_functions":4.0,"total_closures":0.0,"average_functions":4.0,"average_closures":0.0,"total":4.0,"average":4.0,"functions_min":4.0,"functions_max":4.0,"closures_min":0.0,"closures_max":0.0},"nexits":{"sum":2.0,"average":2.0,"min":2.0,"max":2.0},"cognitive":{"sum":2.0,"average":2.0,"min":2.0,"max":2.0},"cyclomatic":{"sum":3.0,"average":3.0,"min":3.0,"max":3.0},"halstead":{"n1":11.0,"N1":34.0,"n2":15.0,"N2":29.0,"length":63.0,"estimated_program_length":96.65710673913804,"purity_ratio":1.5342397895101276,"vocabulary":26.0,"volume":296.1277022428888,"difficulty":10.633333333333333,"level":0.09404388714733543,"effort":3148.8245671827176,"time":174.93469817681765,"bugs":0.07161066752168917},"loc":{"sloc":13.0,"ploc":11.0,"lloc":7.0,"cloc":0.0,"blank":2.0,"sloc_average":13.0,"ploc_average":11.0,"lloc_average":7.0,"cloc_average":0.0,"blank_average":2.0,"sloc_min":13.0,"sloc_max":13.0,"cloc_min":0.0,"cloc_max":0.0,"ploc_min":11.0,"ploc_max":11.0,"lloc_min":7.0,"lloc_max":7.0,"blank_min":2.0,"blank_max":2.0},"nom":{"functions":1.0,"closures":0.0,"functions_average":1.0,"closures_average":0.0,"total":1.0,"average":1.0,"functions_min":1.0,"functions_max":1.0,"closures_min":0.0,"closures_max":0.0},"mi":{"mi_original":99.1657083126533,"mi_sei":67.67048319510702,"mi_visual_studio":57.991642288101346},"abc":{"assignments":0.0,"branches":0.0,"conditions":0.0,"magnitude":0.0,"assignments_average":0.0,"branches_average":0.0,"conditions_average":0.0,"assignments_min":0.0,"assignments_max":0.0,"branches_min":0.0,"branches_max":0.0,"conditions_min":0.0,"conditions_max":0.0}}},{"name":"asn1D_DistinguishedName","start_line":169,"end_line":181,"kind":"function","spaces":[],"metrics":{"nargs":{"total_functions":4.0,"total_closures":0.0,"average_functions":4.0,"average_closures":0.0,"total":4.0,"average":4.0,"functions_min":4.0,"functions_max":4.0,"closures_min":0.0,"closures_max":0.0},"nexits":{"sum":2.0,"average":2.0,"min":2.0,"max":2.0},"cognitive":{"sum":2.0,"average":2.0,"min":2.0,"max":2.0},"cyclomatic":{"sum":3.0,"average":3.0,"min":3.0,"max":3.0},"halstead":{"n1":11.0,"N1":34.0,"n2":15.0,"N2":29.0,"length":63.0,"estimated_program_length":96.65710673913804,"purity_ratio":1.5342397895101276,"vocabulary":26.0,"volume":296.1277022428888,"difficulty":10.633333333333333,"level":0.09404388714733543,"effort":3148.8245671827176,"time":174.93469817681765,"bugs":0.07161066752168917},"loc":{"sloc":13.0,"ploc":11.0,"lloc":7.0,"cloc":0.0,"blank":2.0,"sloc_average":13.0,"ploc_average":11.0,"lloc_average":7.0,"cloc_average":0.0,"blank_average":2.0,"sloc_min":13.0,"sloc_max":13.0,"cloc_min":0.0,"cloc_max":0.0,"ploc_min":11.0,"ploc_max":11.0,"lloc_min":7.0,"lloc_max":7.0,"blank_min":2.0,"blank_max":2.0},"nom":{"functions":1.0,"closures":0.0,"functions_average":1.0,"closures_average":0.0,"total":1.0,"average":1.0,"functions_min":1.0,"functions_max":1.0,"closures_min":0.0,"closures_max":0.0},"mi":{"mi_original":99.1657083126533,"mi_sei":67.67048319510702,"mi_visual_studio":57.991642288101346},"abc":{"assignments":0.0,"branches":0.0,"conditions":0.0,"magnitude":0.0,"assignments_average":0.0,"branches_average":0.0,"conditions_average":0.0,"assignments_min":0.0,"assignments_max":0.0,"branches_min":0.0,"branches_max":0.0,"conditions_min":0.0,"conditions_max":0.0}}},{"name":"asn1D_Version","start_line":183,"end_line":192,"kind":"function","spaces":[],"metrics":{"nargs":{"total_functions":4.0,"total_closures":0.0,"average_functions":4.0,"average_closures":0.0,"total":4.0,"average":4.0,"functions_min":4.0,"functions_max":4.0,"closures_min":0.0,"closures_max":0.0},"nexits":{"sum":2.0,"average":2.0,"min":2.0,"max":2.0},"cognitive":{"sum":1.0,"average":1.0,"min":1.0,"max":1.0},"cyclomatic":{"sum":2.0,"average":2.0,"min":2.0,"max":2.0},"halstead":{"n1":10.0,"N1":27.0,"n2":14.0,"N2":24.0,"length":51.0,"estimated_program_length":86.52224985768008,"purity_ratio":1.6965147030917662,"vocabulary":24.0,"volume":233.83308753677895,"difficulty":8.571428571428571,"level":0.11666666666666667,"effort":2004.2836074581053,"time":111.34908930322807,"bugs":0.052988894821003135},"loc":{"sloc":10.0,"ploc":8.0,"lloc":5.0,"cloc":0.0,"blank":2.0,"sloc_average":10.0,"ploc_average":8.0,"lloc_average":5.0,"cloc_average":0.0,"blank_average":2.0,"sloc_min":10.0,"sloc_max":10.0,"cloc_min":0.0,"cloc_max":0.0,"ploc_min":8.0,"ploc_max":8.0,"lloc_min":5.0,"lloc_max":5.0,"blank_min":2.0,"blank_max":2.0},"nom":{"functions":1.0,"closures":0.0,"functions_average":1.0,"closures_average":0.0,"total":1.0,"average":1.0,"functions_min":1.0,"functions_max":1.0,"closures_min":0.0,"closures_max":0.0},"mi":{"mi_original":104.87416218299124,"mi_sei":75.80422142558253,"mi_visual_studio":61.32991940525803},"abc":{"assignments":0.0,"branches":0.0,"conditions":0.0,"magnitude":0.0,"assignments_average":0.0,"branches_average":0.0,"conditions_average":0.0,"assignments_min":0.0,"assignments_max":0.0,"branches_min":0.0,"branches_max":0.0,"conditions_min":0.0,"conditions_max":0.0}}},{"name":"asn1D_UniqueIdentifier","start_line":194,"end_line":203,"kind":"function","spaces":[],"metrics":{"nargs":{"total_functions":4.0,"total_closures":0.0,"average_functions":4.0,"average_closures":0.0,"total":4.0,"average":4.0,"functions_min":4.0,"functions_max":4.0,"closures_min":0.0,"closures_max":0.0},"nexits":{"sum":2.0,"average":2.0,"min":2.0,"max":2.0},"cognitive":{"sum":1.0,"average":1.0,"min":1.0,"max":1.0},"cyclomatic":{"sum":2.0,"average":2.0,"min":2.0,"max":2.0},"halstead":{"n1":12.0,"N1":33.0,"n2":16.0,"N2":28.0,"length":61.0,"estimated_program_length":107.01955000865388,"purity_ratio":1.7544188526008833,"vocabulary":28.0,"volume":293.24865024551383,"difficulty":10.5,"level":0.09523809523809523,"effort":3079.110827577895,"time":171.0617126432164,"bugs":0.07054977384023697},"loc":{"sloc":10.0,"ploc":8.0,"lloc":5.0,"cloc":0.0,"blank":2.0,"sloc_average":10.0,"ploc_average":8.0,"lloc_average":5.0,"cloc_average":0.0,"blank_average":2.0,"sloc_min":10.0,"sloc_max":10.0,"cloc_min":0.0,"cloc_max":0.0,"ploc_min":8.0,"ploc_max":8.0,"lloc_min":5.0,"lloc_max":5.0,"blank_min":2.0,"blank_max":2.0},"nom":{"functions":1.0,"closures":0.0,"functions_average":1.0,"closures_average":0.0,"total":1.0,"average":1.0,"functions_min":1.0,"functions_max":1.0,"closures_min":0.0,"closures_max":0.0},"mi":{"mi_original":103.69681289264228,"mi_sei":74.10566544300195,"mi_visual_studio":60.64141104832882},"abc":{"assignments":0.0,"branches":0.0,"conditions":0.0,"magnitude":0.0,"assignments_average":0.0,"branches_average":0.0,"conditions_average":0.0,"assignments_min":0.0,"assignments_max":0.0,"branches_min":0.0,"branches_max":0.0,"conditions_min":0.0,"conditions_max":0.0}}},{"name":"asn1D__at_x520countryName_Type","start_line":205,"end_line":217,"kind":"function","spaces":[],"metrics":{"nargs":{"total_functions":4.0,"total_closures":0.0,"average_functions":4.0,"average_closures":0.0,"total":4.0,"average":4.0,"functions_min":4.0,"functions_max":4.0,"closures_min":0.0,"closures_max":0.0},"nexits":{"sum":2.0,"average":2.0,"min":2.0,"max":2.0},"cognitive":{"sum":1.0,"average":1.0,"min":1.0,"max":1.0},"cyclomatic":{"sum":2.0,"average":2.0,"min":2.0,"max":2.0},"halstead":{"n1":11.0,"N1":39.0,"n2":19.0,"N2":31.0,"length":70.0,"estimated_program_length":118.76437056043838,"purity_ratio":1.6966338651491197,"vocabulary":30.0,"volume":343.4823416925963,"difficulty":8.973684210526315,"level":0.11143695014662758,"effort":3082.302066241456,"time":171.23900368008088,"bugs":0.07059851135062468},"loc":{"sloc":13.0,"ploc":10.0,"lloc":6.0,"cloc":0.0,"blank":3.0,"sloc_average":13.0,"ploc_average":10.0,"lloc_average":6.0,"cloc_average":0.0,"blank_average":3.0,"sloc_min":13.0,"sloc_max":13.0,"cloc_min":0.0,"cloc_max":0.0,"ploc_min":10.0,"ploc_max":10.0,"lloc_min":6.0,"lloc_max":6.0,"blank_min":3.0,"blank_max":3.0},"nom":{"functions":1.0,"closures":0.0,"functions_average":1.0,"closures_average":0.0,"total":1.0,"average":1.0,"functions_min":1.0,"functions_max":1.0,"closures_min":0.0,"closures_max":0.0},"mi":{"mi_original":98.62431475179375,"mi_sei":66.78759753028129,"mi_visual_studio":57.675037866546056},"abc":{"assignments":0.0,"branches":0.0,"conditions":0.0,"magnitude":0.0,"assignments_average":0.0,"branches_average":0.0,"conditions_average":0.0,"assignments_min":0.0,"assignments_max":0.0,"branches_min":0.0,"branches_max":0.0,"conditions_min":0.0,"conditions_max":0.0}}},{"name":"asn1D__at_x520SerialNumber_Type","start_line":219,"end_line":231,"kind":"function","spaces":[],"metrics":{"nargs":{"total_functions":4.0,"total_closures":0.0,"average_functions":4.0,"average_closures":0.0,"total":4.0,"average":4.0,"functions_min":4.0,"functions_max":4.0,"closures_min":0.0,"closures_max":0.0},"nexits":{"sum":2.0,"average":2.0,"min":2.0,"max":2.0},"cognitive":{"sum":1.0,"average":1.0,"min":1.0,"max":1.0},"cyclomatic":{"sum":2.0,"average":2.0,"min":2.0,"max":2.0},"halstead":{"n1":11.0,"N1":39.0,"n2":19.0,"N2":31.0,"length":70.0,"estimated_program_length":118.76437056043838,"purity_ratio":1.6966338651491197,"vocabulary":30.0,"volume":343.4823416925963,"difficulty":8.973684210526315,"level":0.11143695014662758,"effort":3082.302066241456,"time":171.23900368008088,"bugs":0.07059851135062468},"loc":{"sloc":13.0,"ploc":10.0,"lloc":6.0,"cloc":0.0,"blank":3.0,"sloc_average":13.0,"ploc_average":10.0,"lloc_average":6.0,"cloc_average":0.0,"blank_average":3.0,"sloc_min":13.0,"sloc_max":13.0,"cloc_min":0.0,"cloc_max":0.0,"ploc_min":10.0,"ploc_max":10.0,"lloc_min":6.0,"lloc_max":6.0,"blank_min":3.0,"blank_max":3.0},"nom":{"functions":1.0,"closures":0.0,"functions_average":1.0,"closures_average":0.0,"total":1.0,"average":1.0,"functions_min":1.0,"functions_max":1.0,"closures_min":0.0,"closures_max":0.0},"mi":{"mi_original":98.62431475179375,"mi_sei":66.78759753028129,"mi_visual_studio":57.675037866546056},"abc":{"assignments":0.0,"branches":0.0,"conditions":0.0,"magnitude":0.0,"assignments_average":0.0,"branches_average":0.0,"conditions_average":0.0,"assignments_min":0.0,"assignments_max":0.0,"branches_min":0.0,"branches_max":0.0,"conditions_min":0.0,"conditions_max":0.0}}},{"name":"asn1D__at_emailAddress_Type","start_line":233,"end_line":245,"kind":"function","spaces":[],"metrics":{"nargs":{"total_functions":4.0,"total_closures":0.0,"average_functions":4.0,"average_closures":0.0,"total":4.0,"average":4.0,"functions_min":4.0,"functions_max":4.0,"closures_min":0.0,"closures_max":0.0},"nexits":{"sum":2.0,"average":2.0,"min":2.0,"max":2.0},"cognitive":{"sum":1.0,"average":1.0,"min":1.0,"max":1.0},"cyclomatic":{"sum":2.0,"average":2.0,"min":2.0,"max":2.0},"halstead":{"n1":11.0,"N1":39.0,"n2":19.0,"N2":31.0,"length":70.0,"estimated_program_length":118.76437056043838,"purity_ratio":1.6966338651491197,"vocabulary":30.0,"volume":343.4823416925963,"difficulty":8.973684210526315,"level":0.11143695014662758,"effort":3082.302066241456,"time":171.23900368008088,"bugs":0.07059851135062468},"loc":{"sloc":13.0,"ploc":10.0,"lloc":6.0,"cloc":0.0,"blank":3.0,"sloc_average":13.0,"ploc_average":10.0,"lloc_average":6.0,"cloc_average":0.0,"blank_average":3.0,"sloc_min":13.0,"sloc_max":13.0,"cloc_min":0.0,"cloc_max":0.0,"ploc_min":10.0,"ploc_max":10.0,"lloc_min":6.0,"lloc_max":6.0,"blank_min":3.0,"blank_max":3.0},"nom":{"functions":1.0,"closures":0.0,"functions_average":1.0,"closures_average":0.0,"total":1.0,"average":1.0,"functions_min":1.0,"functions_max":1.0,"closures_min":0.0,"closures_max":0.0},"mi":{"mi_original":98.62431475179375,"mi_sei":66.78759753028129,"mi_visual_studio":57.675037866546056},"abc":{"assignments":0.0,"branches":0.0,"conditions":0.0,"magnitude":0.0,"assignments_average":0.0,"branches_average":0.0,"conditions_average":0.0,"assignments_min":0.0,"assignments_max":0.0,"branches_min":0.0,"branches_max":0.0,"conditions_min":0.0,"conditions_max":0.0}}},{"name":"asn1D_X520name","start_line":247,"end_line":334,"kind":"function","spaces":[],"metrics":{"nargs":{"total_functions":4.0,"total_closures":0.0,"average_functions":4.0,"average_closures":0.0,"total":4.0,"average":4.0,"functions_min":4.0,"functions_max":4.0,"closures_min":0.0,"closures_max":0.0},"nexits":{"sum":8.0,"average":8.0,"min":8.0,"max":8.0},"cognitive":{"sum":13.0,"average":13.0,"min":13.0,"max":13.0},"cyclomatic":{"sum":13.0,"average":13.0,"min":13.0,"max":13.0},"halstead":{"n1":22.0,"N1":222.0,"n2":45.0,"N2":164.0,"length":386.0,"estimated_program_length":345.2408849448559,"purity_ratio":0.8944064376809738,"vocabulary":67.0,"volume":2341.5104275167,"difficulty":40.08888888888889,"level":0.024944567627494457,"effort":93868.55136089171,"time":5214.91952004954,"bugs":0.6884813109485636},"loc":{"sloc":88.0,"ploc":58.0,"lloc":51.0,"cloc":6.0,"blank":24.0,"sloc_average":88.0,"ploc_average":58.0,"lloc_average":51.0,"cloc_average":6.0,"blank_average":24.0,"sloc_min":88.0,"sloc_max":88.0,"cloc_min":6.0,"cloc_max":6.0,"ploc_min":58.0,"ploc_max":58.0,"lloc_min":51.0,"lloc_max":51.0,"blank_min":24.0,"blank_max":24.0},"nom":{"functions":1.0,"closures":0.0,"functions_average":1.0,"closures_average":0.0,"total":1.0,"average":1.0,"functions_min":1.0,"functions_max":1.0,"closures_min":0.0,"closures_max":0.0},"mi":{"mi_original":55.13267589924706,"mi_sei":24.841317790242652,"mi_visual_studio":32.2413309352322},"abc":{"assignments":0.0,"branches":0.0,"conditions":0.0,"magnitude":0.0,"assignments_average":0.0,"branches_average":0.0,"conditions_average":0.0,"assignments_min":0.0,"assignments_max":0.0,"branches_min":0.0,"branches_max":0.0,"conditions_min":0.0,"conditions_max":0.0}}},{"name":"asn1D_X520CommonName","start_line":336,"end_line":423,"kind":"function","spaces":[],"metrics":{"nargs":{"total_functions":4.0,"total_closures":0.0,"average_functions":4.0,"average_closures":0.0,"total":4.0,"average":4.0,"functions_min":4.0,"functions_max":4.0,"closures_min":0.0,"closures_max":0.0},"nexits":{"sum":8.0,"average":8.0,"min":8.0,"max":8.0},"cognitive":{"sum":13.0,"average":13.0,"min":13.0,"max":13.0},"cyclomatic":{"sum":13.0,"average":13.0,"min":13.0,"max":13.0},"halstead":{"n1":22.0,"N1":222.0,"n2":45.0,"N2":164.0,"length":386.0,"estimated_program_length":345.2408849448559,"purity_ratio":0.8944064376809738,"vocabulary":67.0,"volume":2341.5104275167,"difficulty":40.08888888888889,"level":0.024944567627494457,"effort":93868.55136089171,"time":5214.91952004954,"bugs":0.6884813109485636},"loc":{"sloc":88.0,"ploc":58.0,"lloc":51.0,"cloc":6.0,"blank":24.0,"sloc_average":88.0,"ploc_average":58.0,"lloc_average":51.0,"cloc_average":6.0,"blank_average":24.0,"sloc_min":88.0,"sloc_max":88.0,"cloc_min":6.0,"cloc_max":6.0,"ploc_min":58.0,"ploc_max":58.0,"lloc_min":51.0,"lloc_max":51.0,"blank_min":24.0,"blank_max":24.0},"nom":{"functions":1.0,"closures":0.0,"functions_average":1.0,"closures_average":0.0,"total":1.0,"average":1.0,"functions_min":1.0,"functions_max":1.0,"closures_min":0.0,"closures_max":0.0},"mi":{"mi_original":55.13267589924706,"mi_sei":24.841317790242652,"mi_visual_studio":32.2413309352322},"abc":{"assignments":0.0,"branches":0.0,"conditions":0.0,"magnitude":0.0,"assignments_average":0.0,"branches_average":0.0,"conditions_average":0.0,"assignments_min":0.0,"assignments_max":0.0,"branches_min":0.0,"branches_max":0.0,"conditions_min":0.0,"conditions_max":0.0}}},{"name":"asn1D_X520LocalityName","start_line":425,"end_line":512,"kind":"function","spaces":[],"metrics":{"nargs":{"total_functions":4.0,"total_closures":0.0,"average_functions":4.0,"average_closures":0.0,"total":4.0,"average":4.0,"functions_min":4.0,"functions_max":4.0,"closures_min":0.0,"closures_max":0.0},"nexits":{"sum":8.0,"average":8.0,"min":8.0,"max":8.0},"cognitive":{"sum":13.0,"average":13.0,"min":13.0,"max":13.0},"cyclomatic":{"sum":13.0,"average":13.0,"min":13.0,"max":13.0},"halstead":{"n1":22.0,"N1":222.0,"n2":45.0,"N2":164.0,"length":386.0,"estimated_program_length":345.2408849448559,"purity_ratio":0.8944064376809738,"vocabulary":67.0,"volume":2341.5104275167,"difficulty":40.08888888888889,"level":0.024944567627494457,"effort":93868.55136089171,"time":5214.91952004954,"bugs":0.6884813109485636},"loc":{"sloc":88.0,"ploc":58.0,"lloc":51.0,"cloc":6.0,"blank":24.0,"sloc_average":88.0,"ploc_average":58.0,"lloc_average":51.0,"cloc_average":6.0,"blank_average":24.0,"sloc_min":88.0,"sloc_max":88.0,"cloc_min":6.0,"cloc_max":6.0,"ploc_min":58.0,"ploc_max":58.0,"lloc_min":51.0,"lloc_max":51.0,"blank_min":24.0,"blank_max":24.0},"nom":{"functions":1.0,"closures":0.0,"functions_average":1.0,"closures_average":0.0,"total":1.0,"average":1.0,"functions_min":1.0,"functions_max":1.0,"closures_min":0.0,"closures_max":0.0},"mi":{"mi_original":55.13267589924706,"mi_sei":24.841317790242652,"mi_visual_studio":32.2413309352322},"abc":{"assignments":0.0,"branches":0.0,"conditions":0.0,"magnitude":0.0,"assignments_average":0.0,"branches_average":0.0,"conditions_average":0.0,"assignments_min":0.0,"assignments_max":0.0,"branches_min":0.0,"branches_max":0.0,"conditions_min":0.0,"conditions_max":0.0}}},{"name":"asn1D_X520StateOrProvinceName","start_line":514,"end_line":601,"kind":"function","spaces":[],"metrics":{"nargs":{"total_functions":4.0,"total_closures":0.0,"average_functions":4.0,"average_closures":0.0,"total":4.0,"average":4.0,"functions_min":4.0,"functions_max":4.0,"closures_min":0.0,"closures_max":0.0},"nexits":{"sum":8.0,"average":8.0,"min":8.0,"max":8.0},"cognitive":{"sum":13.0,"average":13.0,"min":13.0,"max":13.0},"cyclomatic":{"sum":13.0,"average":13.0,"min":13.0,"max":13.0},"halstead":{"n1":22.0,"N1":222.0,"n2":45.0,"N2":164.0,"length":386.0,"estimated_program_length":345.2408849448559,"purity_ratio":0.8944064376809738,"vocabulary":67.0,"volume":2341.5104275167,"difficulty":40.08888888888889,"level":0.024944567627494457,"effort":93868.55136089171,"time":5214.91952004954,"bugs":0.6884813109485636},"loc":{"sloc":88.0,"ploc":58.0,"lloc":51.0,"cloc":6.0,"blank":24.0,"sloc_average":88.0,"ploc_average":58.0,"lloc_average":51.0,"cloc_average":6.0,"blank_average":24.0,"sloc_min":88.0,"sloc_max":88.0,"cloc_min":6.0,"cloc_max":6.0,"ploc_min":58.0,"ploc_max":58.0,"lloc_min":51.0,"lloc_max":51.0,"blank_min":24.0,"blank_max":24.0},"nom":{"functions":1.0,"closures":0.0,"functions_average":1.0,"closures_average":0.0,"total":1.0,"average":1.0,"functions_min":1.0,"functions_max":1.0,"closures_min":0.0,"closures_max":0.0},"mi":{"mi_original":55.13267589924706,"mi_sei":24.841317790242652,"mi_visual_studio":32.2413309352322},"abc":{"assignments":0.0,"branches":0.0,"conditions":0.0,"magnitude":0.0,"assignments_average":0.0,"branches_average":0.0,"conditions_average":0.0,"assignments_min":0.0,"assignments_max":0.0,"branches_min":0.0,"branches_max":0.0,"conditions_min":0.0,"conditions_max":0.0}}},{"name":"asn1D_X520OrganizationName","start_line":603,"end_line":690,"kind":"function","spaces":[],"metrics":{"nargs":{"total_functions":4.0,"total_closures":0.0,"average_functions":4.0,"average_closures":0.0,"total":4.0,"average":4.0,"functions_min":4.0,"functions_max":4.0,"closures_min":0.0,"closures_max":0.0},"nexits":{"sum":8.0,"average":8.0,"min":8.0,"max":8.0},"cognitive":{"sum":13.0,"average":13.0,"min":13.0,"max":13.0},"cyclomatic":{"sum":13.0,"average":13.0,"min":13.0,"max":13.0},"halstead":{"n1":22.0,"N1":222.0,"n2":45.0,"N2":164.0,"length":386.0,"estimated_program_length":345.2408849448559,"purity_ratio":0.8944064376809738,"vocabulary":67.0,"volume":2341.5104275167,"difficulty":40.08888888888889,"level":0.024944567627494457,"effort":93868.55136089171,"time":5214.91952004954,"bugs":0.6884813109485636},"loc":{"sloc":88.0,"ploc":58.0,"lloc":51.0,"cloc":6.0,"blank":24.0,"sloc_average":88.0,"ploc_average":58.0,"lloc_average":51.0,"cloc_average":6.0,"blank_average":24.0,"sloc_min":88.0,"sloc_max":88.0,"cloc_min":6.0,"cloc_max":6.0,"ploc_min":58.0,"ploc_max":58.0,"lloc_min":51.0,"lloc_max":51.0,"blank_min":24.0,"blank_max":24.0},"nom":{"functions":1.0,"closures":0.0,"functions_average":1.0,"closures_average":0.0,"total":1.0,"average":1.0,"functions_min":1.0,"functions_max":1.0,"closures_min":0.0,"closures_max":0.0},"mi":{"mi_original":55.13267589924706,"mi_sei":24.841317790242652,"mi_visual_studio":32.2413309352322},"abc":{"assignments":0.0,"branches":0.0,"conditions":0.0,"magnitude":0.0,"assignments_average":0.0,"branches_average":0.0,"conditions_average":0.0,"assignments_min":0.0,"assignments_max":0.0,"branches_min":0.0,"branches_max":0.0,"conditions_min":0.0,"conditions_max":0.0}}},{"name":"asn1D_X520OrganizationalUnitName","start_line":692,"end_line":779,"kind":"function","spaces":[],"metrics":{"nargs":{"total_functions":4.0,"total_closures":0.0,"average_functions":4.0,"average_closures":0.0,"total":4.0,"average":4.0,"functions_min":4.0,"functions_max":4.0,"closures_min":0.0,"closures_max":0.0},"nexits":{"sum":8.0,"average":8.0,"min":8.0,"max":8.0},"cognitive":{"sum":13.0,"average":13.0,"min":13.0,"max":13.0},"cyclomatic":{"sum":13.0,"average":13.0,"min":13.0,"max":13.0},"halstead":{"n1":22.0,"N1":222.0,"n2":45.0,"N2":164.0,"length":386.0,"estimated_program_length":345.2408849448559,"purity_ratio":0.8944064376809738,"vocabulary":67.0,"volume":2341.5104275167,"difficulty":40.08888888888889,"level":0.024944567627494457,"effort":93868.55136089171,"time":5214.91952004954,"bugs":0.6884813109485636},"loc":{"sloc":88.0,"ploc":58.0,"lloc":51.0,"cloc":6.0,"blank":24.0,"sloc_average":88.0,"ploc_average":58.0,"lloc_average":51.0,"cloc_average":6.0,"blank_average":24.0,"sloc_min":88.0,"sloc_max":88.0,"cloc_min":6.0,"cloc_max":6.0,"ploc_min":58.0,"ploc_max":58.0,"lloc_min":51.0,"lloc_max":51.0,"blank_min":24.0,"blank_max":24.0},"nom":{"functions":1.0,"closures":0.0,"functions_average":1.0,"closures_average":0.0,"total":1.0,"average":1.0,"functions_min":1.0,"functions_max":1.0,"closures_min":0.0,"closures_max":0.0},"mi":{"mi_original":55.13267589924706,"mi_sei":24.841317790242652,"mi_visual_studio":32.2413309352322},"abc":{"assignments":0.0,"branches":0.0,"conditions":0.0,"magnitude":0.0,"assignments_average":0.0,"branches_average":0.0,"conditions_average":0.0,"assignments_min":0.0,"assignments_max":0.0,"branches_min":0.0,"branches_max":0.0,"conditions_min":0.0,"conditions_max":0.0}}},{"name":"asn1D_TBSCertificate_signature_","start_line":781,"end_line":850,"kind":"function","spaces":[],"metrics":{"nargs":{"total_functions":4.0,"total_closures":0.0,"average_functions":4.0,"average_closures":0.0,"total":4.0,"average":4.0,"functions_min":4.0,"functions_max":4.0,"closures_min":0.0,"closures_max":0.0},"nexits":{"sum":6.0,"average":6.0,"min":6.0,"max":6.0},"cognitive":{"sum":22.0,"average":22.0,"min":22.0,"max":22.0},"cyclomatic":{"sum":12.0,"average":12.0,"min":12.0,"max":12.0},"halstead":{"n1":27.0,"N1":182.0,"n2":47.0,"N2":125.0,"length":307.0,"estimated_program_length":389.4476385872626,"purity_ratio":1.2685590833461322,"vocabulary":74.0,"volume":1906.3021832480877,"difficulty":35.90425531914894,"level":0.02785185185185185,"effort":68444.36030279039,"time":3802.4644612661327,"bugs":0.557746933448809},"loc":{"sloc":70.0,"ploc":54.0,"lloc":48.0,"cloc":3.0,"blank":13.0,"sloc_average":70.0,"ploc_average":54.0,"lloc_average":48.0,"cloc_average":3.0,"blank_average":13.0,"sloc_min":70.0,"sloc_max":70.0,"cloc_min":3.0,"cloc_max":3.0,"ploc_min":54.0,"ploc_max":54.0,"lloc_min":48.0,"lloc_max":48.0,"blank_min":13.0,"blank_max":13.0},"nom":{"functions":1.0,"closures":0.0,"functions_average":1.0,"closures_average":0.0,"total":1.0,"average":1.0,"functions_min":1.0,"functions_max":1.0,"closures_min":0.0,"closures_max":0.0},"mi":{"mi_original":60.1391898818419,"mi_sei":28.045684863908654,"mi_visual_studio":35.16911688996603},"abc":{"assignments":0.0,"branches":0.0,"conditions":0.0,"magnitude":0.0,"assignments_average":0.0,"branches_average":0.0,"conditions_average":0.0,"assignments_min":0.0,"assignments_max":0.0,"branches_min":0.0,"branches_max":0.0,"conditions_min":0.0,"conditions_max":0.0}}},{"name":"asn1D_Time","start_line":852,"end_line":896,"kind":"function","spaces":[],"metrics":{"nargs":{"total_functions":4.0,"total_closures":0.0,"average_functions":4.0,"average_closures":0.0,"total":4.0,"average":4.0,"functions_min":4.0,"functions_max":4.0,"closures_min":0.0,"closures_max":0.0},"nexits":{"sum":5.0,"average":5.0,"min":5.0,"max":5.0},"cognitive":{"sum":6.0,"average":6.0,"min":6.0,"max":6.0},"cyclomatic":{"sum":6.0,"average":6.0,"min":6.0,"max":6.0},"halstead":{"n1":21.0,"N1":111.0,"n2":32.0,"N2":84.0,"length":195.0,"estimated_program_length":252.23866587835397,"purity_ratio":1.2935316198889948,"vocabulary":53.0,"volume":1116.9444886398237,"difficulty":27.5625,"level":0.036281179138321996,"effort":30785.78246813514,"time":1710.3212482297301,"bugs":0.3274252814513805},"loc":{"sloc":45.0,"ploc":30.0,"lloc":25.0,"cloc":3.0,"blank":12.0,"sloc_average":45.0,"ploc_average":30.0,"lloc_average":25.0,"cloc_average":3.0,"blank_average":12.0,"sloc_min":45.0,"sloc_max":45.0,"cloc_min":3.0,"cloc_max":3.0,"ploc_min":30.0,"ploc_max":30.0,"lloc_min":25.0,"lloc_max":25.0,"blank_min":12.0,"blank_max":12.0},"nom":{"functions":1.0,"closures":0.0,"functions_average":1.0,"closures_average":0.0,"total":1.0,"average":1.0,"functions_min":1.0,"functions_max":1.0,"closures_min":0.0,"closures_max":0.0},"mi":{"mi_original":71.45663674050358,"mi_sei":47.47111974397515,"mi_visual_studio":41.78750686579157},"abc":{"assignments":0.0,"branches":0.0,"conditions":0.0,"magnitude":0.0,"assignments_average":0.0,"branches_average":0.0,"conditions_average":0.0,"assignments_min":0.0,"assignments_max":0.0,"branches_min":0.0,"branches_max":0.0,"conditions_min":0.0,"conditions_max":0.0}}},{"name":"asn1D_Validity","start_line":898,"end_line":966,"kind":"function","spaces":[],"metrics":{"nargs":{"total_functions":4.0,"total_closures":0.0,"average_functions":4.0,"average_closures":0.0,"total":4.0,"average":4.0,"functions_min":4.0,"functions_max":4.0,"closures_min":0.0,"closures_max":0.0},"nexits":{"sum":7.0,"average":7.0,"min":7.0,"max":7.0},"cognitive":{"sum":22.0,"average":22.0,"min":22.0,"max":22.0},"cyclomatic":{"sum":13.0,"average":13.0,"min":13.0,"max":13.0},"halstead":{"n1":26.0,"N1":176.0,"n2":42.0,"N2":120.0,"length":296.0,"estimated_program_length":348.6887644283763,"purity_ratio":1.1780025825282983,"vocabulary":68.0,"volume":1801.8890010101004,"difficulty":37.142857142857146,"level":0.02692307692307692,"effort":66927.30575180374,"time":3718.1836528779854,"bugs":0.5494746235036911},"loc":{"sloc":69.0,"ploc":53.0,"lloc":49.0,"cloc":3.0,"blank":13.0,"sloc_average":69.0,"ploc_average":53.0,"lloc_average":49.0,"cloc_average":3.0,"blank_average":13.0,"sloc_min":69.0,"sloc_max":69.0,"cloc_min":3.0,"cloc_max":3.0,"ploc_min":53.0,"ploc_max":53.0,"lloc_min":49.0,"lloc_max":49.0,"blank_min":13.0,"blank_max":13.0},"nom":{"functions":1.0,"closures":0.0,"functions_average":1.0,"closures_average":0.0,"total":1.0,"average":1.0,"functions_min":1.0,"functions_max":1.0,"closures_min":0.0,"closures_max":0.0},"mi":{"mi_original":60.43520226476582,"mi_sei":28.68439684188683,"mi_visual_studio":35.34222354664668},"abc":{"assignments":0.0,"branches":0.0,"conditions":0.0,"magnitude":0.0,"assignments_average":0.0,"branches_average":0.0,"conditions_average":0.0,"assignments_min":0.0,"assignments_max":0.0,"branches_min":0.0,"branches_max":0.0,"conditions_min":0.0,"conditions_max":0.0}}},{"name":"asn1D_SubjectPublicKeyInfo_algorithm","start_line":968,"end_line":1037,"kind":"function","spaces":[],"metrics":{"nargs":{"total_functions":4.0,"total_closures":0.0,"average_functions":4.0,"average_closures":0.0,"total":4.0,"average":4.0,"functions_min":4.0,"functions_max":4.0,"closures_min":0.0,"closures_max":0.0},"nexits":{"sum":6.0,"average":6.0,"min":6.0,"max":6.0},"cognitive":{"sum":22.0,"average":22.0,"min":22.0,"max":22.0},"cyclomatic":{"sum":12.0,"average":12.0,"min":12.0,"max":12.0},"halstead":{"n1":27.0,"N1":182.0,"n2":47.0,"N2":125.0,"length":307.0,"estimated_program_length":389.4476385872626,"purity_ratio":1.2685590833461322,"vocabulary":74.0,"volume":1906.3021832480877,"difficulty":35.90425531914894,"level":0.02785185185185185,"effort":68444.36030279039,"time":3802.4644612661327,"bugs":0.557746933448809},"loc":{"sloc":70.0,"ploc":54.0,"lloc":48.0,"cloc":3.0,"blank":13.0,"sloc_average":70.0,"ploc_average":54.0,"lloc_average":48.0,"cloc_average":3.0,"blank_average":13.0,"sloc_min":70.0,"sloc_max":70.0,"cloc_min":3.0,"cloc_max":3.0,"ploc_min":54.0,"ploc_max":54.0,"lloc_min":48.0,"lloc_max":48.0,"blank_min":13.0,"blank_max":13.0},"nom":{"functions":1.0,"closures":0.0,"functions_average":1.0,"closures_average":0.0,"total":1.0,"average":1.0,"functions_min":1.0,"functions_max":1.0,"closures_min":0.0,"closures_max":0.0},"mi":{"mi_original":60.1391898818419,"mi_sei":28.045684863908654,"mi_visual_studio":35.16911688996603},"abc":{"assignments":0.0,"branches":0.0,"conditions":0.0,"magnitude":0.0,"assignments_average":0.0,"branches_average":0.0,"conditions_average":0.0,"assignments_min":0.0,"assignments_max":0.0,"branches_min":0.0,"branches_max":0.0,"conditions_min":0.0,"conditions_max":0.0}}},{"name":"asn1D_SubjectPublicKeyInfo","start_line":1039,"end_line":1108,"kind":"function","spaces":[],"metrics":{"nargs":{"total_functions":4.0,"total_closures":0.0,"average_functions":4.0,"average_closures":0.0,"total":4.0,"average":4.0,"functions_min":4.0,"functions_max":4.0,"closures_min":0.0,"closures_max":0.0},"nexits":{"sum":7.0,"average":7.0,"min":7.0,"max":7.0},"cognitive":{"sum":22.0,"average":22.0,"min":22.0,"max":22.0},"cyclomatic":{"sum":13.0,"average":13.0,"min":13.0,"max":13.0},"halstead":{"n1":26.0,"N1":182.0,"n2":46.0,"N2":125.0,"length":307.0,"estimated_program_length":376.29528265029097,"purity_ratio":1.2257175330628372,"vocabulary":72.0,"volume":1894.1669754427899,"difficulty":35.32608695652174,"level":0.028307692307692305,"effort":66913.50728466378,"time":3717.4170713702097,"bugs":0.5493990970997961},"loc":{"sloc":70.0,"ploc":54.0,"lloc":49.0,"cloc":3.0,"blank":13.0,"sloc_average":70.0,"ploc_average":54.0,"lloc_average":49.0,"cloc_average":3.0,"blank_average":13.0,"sloc_min":70.0,"sloc_max":70.0,"cloc_min":3.0,"cloc_max":3.0,"ploc_min":54.0,"ploc_max":54.0,"lloc_min":49.0,"lloc_max":49.0,"blank_min":13.0,"blank_max":13.0},"nom":{"functions":1.0,"closures":0.0,"functions_average":1.0,"closures_average":0.0,"total":1.0,"average":1.0,"functions_min":1.0,"functions_max":1.0,"closures_min":0.0,"closures_max":0.0},"mi":{"mi_original":59.94239804242176,"mi_sei":27.86359411249429,"mi_visual_studio":35.0540339429367},"abc":{"assignments":0.0,"branches":0.0,"conditions":0.0,"magnitude":0.0,"assignments_average":0.0,"branches_average":0.0,"conditions_average":0.0,"assignments_min":0.0,"assignments_max":0.0,"branches_min":0.0,"branches_max":0.0,"conditions_min":0.0,"conditions_max":0.0}}},{"name":"asn1D_TBSCertificate","start_line":1110,"end_line":1344,"kind":"function","spaces":[],"metrics":{"nargs":{"total_functions":4.0,"total_closures":0.0,"average_functions":4.0,"average_closures":0.0,"total":4.0,"average":4.0,"functions_min":4.0,"functions_max":4.0,"closures_min":0.0,"closures_max":0.0},"nexits":{"sum":23.0,"average":23.0,"min":23.0,"max":23.0},"cognitive":{"sum":119.0,"average":119.0,"min":119.0,"max":119.0},"cyclomatic":{"sum":44.0,"average":44.0,"min":44.0,"max":44.0},"halstead":{"n1":27.0,"N1":600.0,"n2":82.0,"N2":414.0,"length":1014.0,"estimated_program_length":649.7012269370965,"purity_ratio":0.640730993034612,"vocabulary":109.0,"volume":6862.938905323803,"difficulty":68.15853658536585,"level":0.0146716765074253,"effort":467767.87246164307,"time":25987.104025646837,"bugs":2.0086256545346117},"loc":{"sloc":235.0,"ploc":169.0,"lloc":153.0,"cloc":12.0,"blank":54.0,"sloc_average":235.0,"ploc_average":169.0,"lloc_average":153.0,"cloc_average":12.0,"blank_average":54.0,"sloc_min":235.0,"sloc_max":235.0,"cloc_min":12.0,"cloc_max":12.0,"ploc_min":169.0,"ploc_max":169.0,"lloc_min":153.0,"lloc_max":153.0,"blank_min":54.0,"blank_max":54.0},"nom":{"functions":1.0,"closures":0.0,"functions_average":1.0,"closures_average":0.0,"total":1.0,"average":1.0,"functions_min":1.0,"functions_max":1.0,"closures_min":0.0,"closures_max":0.0},"mi":{"mi_original":26.498481258535335,"mi_sei":-15.843091694245771,"mi_visual_studio":15.4961878704885},"abc":{"assignments":0.0,"branches":0.0,"conditions":0.0,"magnitude":0.0,"assignments_average":0.0,"branches_average":0.0,"conditions_average":0.0,"assignments_min":0.0,"assignments_max":0.0,"branches_min":0.0,"branches_max":0.0,"conditions_min":0.0,"conditions_max":0.0}}},{"name":"asn1D_Certificate_algorithm","start_line":1346,"end_line":1415,"kind":"function","spaces":[],"metrics":{"nargs":{"total_functions":4.0,"total_closures":0.0,"average_functions":4.0,"average_closures":0.0,"total":4.0,"average":4.0,"functions_min":4.0,"functions_max":4.0,"closures_min":0.0,"closures_max":0.0},"nexits":{"sum":6.0,"average":6.0,"min":6.0,"max":6.0},"cognitive":{"sum":22.0,"average":22.0,"min":22.0,"max":22.0},"cyclomatic":{"sum":12.0,"average":12.0,"min":12.0,"max":12.0},"halstead":{"n1":27.0,"N1":182.0,"n2":47.0,"N2":125.0,"length":307.0,"estimated_program_length":389.4476385872626,"purity_ratio":1.2685590833461322,"vocabulary":74.0,"volume":1906.3021832480877,"difficulty":35.90425531914894,"level":0.02785185185185185,"effort":68444.36030279039,"time":3802.4644612661327,"bugs":0.557746933448809},"loc":{"sloc":70.0,"ploc":54.0,"lloc":48.0,"cloc":3.0,"blank":13.0,"sloc_average":70.0,"ploc_average":54.0,"lloc_average":48.0,"cloc_average":3.0,"blank_average":13.0,"sloc_min":70.0,"sloc_max":70.0,"cloc_min":3.0,"cloc_max":3.0,"ploc_min":54.0,"ploc_max":54.0,"lloc_min":48.0,"lloc_max":48.0,"blank_min":13.0,"blank_max":13.0},"nom":{"functions":1.0,"closures":0.0,"functions_average":1.0,"closures_average":0.0,"total":1.0,"average":1.0,"functions_min":1.0,"functions_max":1.0,"closures_min":0.0,"closures_max":0.0},"mi":{"mi_original":60.1391898818419,"mi_sei":28.045684863908654,"mi_visual_studio":35.16911688996603},"abc":{"assignments":0.0,"branches":0.0,"conditions":0.0,"magnitude":0.0,"assignments_average":0.0,"branches_average":0.0,"conditions_average":0.0,"assignments_min":0.0,"assignments_max":0.0,"branches_min":0.0,"branches_max":0.0,"conditions_min":0.0,"conditions_max":0.0}}},{"name":"asn1D_Certificate","start_line":1417,"end_line":1502,"kind":"function","spaces":[],"metrics":{"nargs":{"total_functions":4.0,"total_closures":0.0,"average_functions":4.0,"average_closures":0.0,"total":4.0,"average":4.0,"functions_min":4.0,"functions_max":4.0,"closures_min":0.0,"closures_max":0.0},"nexits":{"sum":8.0,"average":8.0,"min":8.0,"max":8.0},"cognitive":{"sum":26.0,"average":26.0,"min":26.0,"max":26.0},"cyclomatic":{"sum":16.0,"average":16.0,"min":16.0,"max":16.0},"halstead":{"n1":26.0,"N1":216.0,"n2":49.0,"N2":148.0,"length":364.0,"estimated_program_length":397.33221503331356,"purity_ratio":1.09157201932229,"vocabulary":75.0,"volume":2267.2900033405003,"difficulty":39.265306122448976,"level":0.02546777546777547,"effort":89025.83604953311,"time":4945.879780529617,"bugs":0.6645935456115888},"loc":{"sloc":86.0,"ploc":65.0,"lloc":59.0,"cloc":4.0,"blank":17.0,"sloc_average":86.0,"ploc_average":65.0,"lloc_average":59.0,"cloc_average":4.0,"blank_average":17.0,"sloc_min":86.0,"sloc_max":86.0,"cloc_min":4.0,"cloc_max":4.0,"ploc_min":65.0,"ploc_max":65.0,"lloc_min":59.0,"lloc_max":59.0,"blank_min":17.0,"blank_max":17.0},"nom":{"functions":1.0,"closures":0.0,"functions_average":1.0,"closures_average":0.0,"total":1.0,"average":1.0,"functions_min":1.0,"functions_max":1.0,"closures_min":0.0,"closures_max":0.0},"mi":{"mi_original":54.98260285664108,"mi_sei":21.647707915298895,"mi_visual_studio":32.153568922012326},"abc":{"assignments":0.0,"branches":0.0,"conditions":0.0,"magnitude":0.0,"assignments_average":0.0,"branches_average":0.0,"conditions_average":0.0,"assignments_min":0.0,"assignments_max":0.0,"branches_min":0.0,"branches_max":0.0,"conditions_min":0.0,"conditions_max":0.0}}},{"name":"asn1D_TBSCertList_signature_","start_line":1504,"end_line":1573,"kind":"function","spaces":[],"metrics":{"nargs":{"total_functions":4.0,"total_closures":0.0,"average_functions":4.0,"average_closures":0.0,"total":4.0,"average":4.0,"functions_min":4.0,"functions_max":4.0,"closures_min":0.0,"closures_max":0.0},"nexits":{"sum":6.0,"average":6.0,"min":6.0,"max":6.0},"cognitive":{"sum":22.0,"average":22.0,"min":22.0,"max":22.0},"cyclomatic":{"sum":12.0,"average":12.0,"min":12.0,"max":12.0},"halstead":{"n1":27.0,"N1":182.0,"n2":47.0,"N2":125.0,"length":307.0,"estimated_program_length":389.4476385872626,"purity_ratio":1.2685590833461322,"vocabulary":74.0,"volume":1906.3021832480877,"difficulty":35.90425531914894,"level":0.02785185185185185,"effort":68444.36030279039,"time":3802.4644612661327,"bugs":0.557746933448809},"loc":{"sloc":70.0,"ploc":54.0,"lloc":48.0,"cloc":3.0,"blank":13.0,"sloc_average":70.0,"ploc_average":54.0,"lloc_average":48.0,"cloc_average":3.0,"blank_average":13.0,"sloc_min":70.0,"sloc_max":70.0,"cloc_min":3.0,"cloc_max":3.0,"ploc_min":54.0,"ploc_max":54.0,"lloc_min":48.0,"lloc_max":48.0,"blank_min":13.0,"blank_max":13.0},"nom":{"functions":1.0,"closures":0.0,"functions_average":1.0,"closures_average":0.0,"total":1.0,"average":1.0,"functions_min":1.0,"functions_max":1.0,"closures_min":0.0,"closures_max":0.0},"mi":{"mi_original":60.1391898818419,"mi_sei":28.045684863908654,"mi_visual_studio":35.16911688996603},"abc":{"assignments":0.0,"branches":0.0,"conditions":0.0,"magnitude":0.0,"assignments_average":0.0,"branches_average":0.0,"conditions_average":0.0,"assignments_min":0.0,"assignments_max":0.0,"branches_min":0.0,"branches_max":0.0,"conditions_min":0.0,"conditions_max":0.0}}},{"name":"asn1D_TBSCertList_revokedCertificates_element","start_line":1575,"end_line":1660,"kind":"function","spaces":[],"metrics":{"nargs":{"total_functions":4.0,"total_closures":0.0,"average_functions":4.0,"average_closures":0.0,"total":4.0,"average":4.0,"functions_min":4.0,"functions_max":4.0,"closures_min":0.0,"closures_max":0.0},"nexits":{"sum":8.0,"average":8.0,"min":8.0,"max":8.0},"cognitive":{"sum":27.0,"average":27.0,"min":27.0,"max":27.0},"cyclomatic":{"sum":15.0,"average":15.0,"min":15.0,"max":15.0},"halstead":{"n1":26.0,"N1":207.0,"n2":45.0,"N2":145.0,"length":352.0,"estimated_program_length":369.34482200650376,"purity_ratio":1.0492750625184766,"vocabulary":71.0,"volume":2164.7109860656483,"difficulty":41.888888888888886,"level":0.02387267904509284,"effort":90677.33797186104,"time":5037.629887325613,"bugs":0.6727875093206207},"loc":{"sloc":86.0,"ploc":61.0,"lloc":53.0,"cloc":5.0,"blank":20.0,"sloc_average":86.0,"ploc_average":61.0,"lloc_average":53.0,"cloc_average":5.0,"blank_average":20.0,"sloc_min":86.0,"sloc_max":86.0,"cloc_min":5.0,"cloc_max":5.0,"ploc_min":61.0,"ploc_max":61.0,"lloc_min":53.0,"lloc_max":53.0,"blank_min":20.0,"blank_max":20.0},"nom":{"functions":1.0,"closures":0.0,"functions_average":1.0,"closures_average":0.0,"total":1.0,"average":1.0,"functions_min":1.0,"functions_max":1.0,"closures_min":0.0,"closures_max":0.0},"mi":{"mi_original":55.45335468417791,"mi_sei":24.074577095215076,"mi_visual_studio":32.428862388408135},"abc":{"assignments":0.0,"branches":0.0,"conditions":0.0,"magnitude":0.0,"assignments_average":0.0,"branches_average":0.0,"conditions_average":0.0,"assignments_min":0.0,"assignments_max":0.0,"branches_min":0.0,"branches_max":0.0,"conditions_min":0.0,"conditions_max":0.0}}},{"name":"asn1D_TBSCertList_revokedCertificates","start_line":1662,"end_line":1700,"kind":"function","spaces":[],"metrics":{"nargs":{"total_functions":4.0,"total_closures":0.0,"average_functions":4.0,"average_closures":0.0,"total":4.0,"average":4.0,"functions_min":4.0,"functions_max":4.0,"closures_min":0.0,"closures_max":0.0},"nexits":{"sum":5.0,"average":5.0,"min":5.0,"max":5.0},"cognitive":{"sum":9.0,"average":9.0,"min":9.0,"max":9.0},"cyclomatic":{"sum":7.0,"average":7.0,"min":7.0,"max":7.0},"halstead":{"n1":20.0,"N1":91.0,"n2":31.0,"N2":68.0,"length":159.0,"estimated_program_length":240.0186475197404,"purity_ratio":1.5095512422625181,"vocabulary":51.0,"volume":901.9156293734677,"difficulty":21.93548387096774,"level":0.04558823529411765,"effort":19783.95574109542,"time":1099.1086522830788,"bugs":0.24383020276141554},"loc":{"sloc":39.0,"ploc":29.0,"lloc":23.0,"cloc":1.0,"blank":9.0,"sloc_average":39.0,"ploc_average":29.0,"lloc_average":23.0,"cloc_average":1.0,"blank_average":9.0,"sloc_min":39.0,"sloc_max":39.0,"cloc_min":1.0,"cloc_max":1.0,"ploc_min":29.0,"ploc_max":29.0,"lloc_min":23.0,"lloc_max":23.0,"blank_min":9.0,"blank_max":9.0},"nom":{"functions":1.0,"closures":0.0,"functions_average":1.0,"closures_average":0.0,"total":1.0,"average":1.0,"functions_min":1.0,"functions_max":1.0,"closures_min":0.0,"closures_max":0.0},"mi":{"mi_original":74.65679224497933,"mi_sei":44.995520168928984,"mi_visual_studio":43.65894283332125},"abc":{"assignments":0.0,"branches":0.0,"conditions":0.0,"magnitude":0.0,"assignments_average":0.0,"branches_average":0.0,"conditions_average":0.0,"assignments_min":0.0,"assignments_max":0.0,"branches_min":0.0,"branches_max":0.0,"conditions_min":0.0,"conditions_max":0.0}}},{"name":"asn1D_TBSCertList","start_line":1702,"end_line":1865,"kind":"function","spaces":[],"metrics":{"nargs":{"total_functions":4.0,"total_closures":0.0,"average_functions":4.0,"average_closures":0.0,"total":4.0,"average":4.0,"functions_min":4.0,"functions_max":4.0,"closures_min":0.0,"closures_max":0.0},"nexits":{"sum":14.0,"average":14.0,"min":14.0,"max":14.0},"cognitive":{"sum":71.0,"average":71.0,"min":71.0,"max":71.0},"cyclomatic":{"sum":33.0,"average":33.0,"min":33.0,"max":33.0},"halstead":{"n1":28.0,"N1":411.0,"n2":78.0,"N2":284.0,"length":695.0,"estimated_program_length":624.8673108888682,"purity_ratio":0.8990896559552061,"vocabulary":106.0,"volume":4675.904715921423,"difficulty":50.97435897435897,"level":0.019617706237424547,"effort":238351.24551927665,"time":13241.735862182037,"bugs":1.2814166492523813},"loc":{"sloc":164.0,"ploc":120.0,"lloc":104.0,"cloc":9.0,"blank":35.0,"sloc_average":164.0,"ploc_average":120.0,"lloc_average":104.0,"cloc_average":9.0,"blank_average":35.0,"sloc_min":164.0,"sloc_max":164.0,"cloc_min":9.0,"cloc_max":9.0,"ploc_min":120.0,"ploc_max":120.0,"lloc_min":104.0,"lloc_max":104.0,"blank_min":35.0,"blank_max":35.0},"nom":{"functions":1.0,"closures":0.0,"functions_average":1.0,"closures_average":0.0,"total":1.0,"average":1.0,"functions_min":1.0,"functions_max":1.0,"closures_min":0.0,"closures_max":0.0},"mi":{"mi_original":36.851238554613445,"mi_sei":-1.425652641247595,"mi_visual_studio":21.550431903282718},"abc":{"assignments":0.0,"branches":0.0,"conditions":0.0,"magnitude":0.0,"assignments_average":0.0,"branches_average":0.0,"conditions_average":0.0,"assignments_min":0.0,"assignments_max":0.0,"branches_min":0.0,"branches_max":0.0,"conditions_min":0.0,"conditions_max":0.0}}},{"name":"asn1D_CertificateList_algorithm","start_line":1867,"end_line":1936,"kind":"function","spaces":[],"metrics":{"nargs":{"total_functions":4.0,"total_closures":0.0,"average_functions":4.0,"average_closures":0.0,"total":4.0,"average":4.0,"functions_min":4.0,"functions_max":4.0,"closures_min":0.0,"closures_max":0.0},"nexits":{"sum":6.0,"average":6.0,"min":6.0,"max":6.0},"cognitive":{"sum":22.0,"average":22.0,"min":22.0,"max":22.0},"cyclomatic":{"sum":12.0,"average":12.0,"min":12.0,"max":12.0},"halstead":{"n1":27.0,"N1":182.0,"n2":47.0,"N2":125.0,"length":307.0,"estimated_program_length":389.4476385872626,"purity_ratio":1.2685590833461322,"vocabulary":74.0,"volume":1906.3021832480877,"difficulty":35.90425531914894,"level":0.02785185185185185,"effort":68444.36030279039,"time":3802.4644612661327,"bugs":0.557746933448809},"loc":{"sloc":70.0,"ploc":54.0,"lloc":48.0,"cloc":3.0,"blank":13.0,"sloc_average":70.0,"ploc_average":54.0,"lloc_average":48.0,"cloc_average":3.0,"blank_average":13.0,"sloc_min":70.0,"sloc_max":70.0,"cloc_min":3.0,"cloc_max":3.0,"ploc_min":54.0,"ploc_max":54.0,"lloc_min":48.0,"lloc_max":48.0,"blank_min":13.0,"blank_max":13.0},"nom":{"functions":1.0,"closures":0.0,"functions_average":1.0,"closures_average":0.0,"total":1.0,"average":1.0,"functions_min":1.0,"functions_max":1.0,"closures_min":0.0,"closures_max":0.0},"mi":{"mi_original":60.1391898818419,"mi_sei":28.045684863908654,"mi_visual_studio":35.16911688996603},"abc":{"assignments":0.0,"branches":0.0,"conditions":0.0,"magnitude":0.0,"assignments_average":0.0,"branches_average":0.0,"conditions_average":0.0,"assignments_min":0.0,"assignments_max":0.0,"branches_min":0.0,"branches_max":0.0,"conditions_min":0.0,"conditions_max":0.0}}},{"name":"asn1D_CertificateList","start_line":1938,"end_line":2023,"kind":"function","spaces":[],"metrics":{"nargs":{"total_functions":4.0,"total_closures":0.0,"average_functions":4.0,"average_closures":0.0,"total":4.0,"average":4.0,"functions_min":4.0,"functions_max":4.0,"closures_min":0.0,"closures_max":0.0},"nexits":{"sum":8.0,"average":8.0,"min":8.0,"max":8.0},"cognitive":{"sum":26.0,"average":26.0,"min":26.0,"max":26.0},"cyclomatic":{"sum":16.0,"average":16.0,"min":16.0,"max":16.0},"halstead":{"n1":26.0,"N1":216.0,"n2":49.0,"N2":148.0,"length":364.0,"estimated_program_length":397.33221503331356,"purity_ratio":1.09157201932229,"vocabulary":75.0,"volume":2267.2900033405003,"difficulty":39.265306122448976,"level":0.02546777546777547,"effort":89025.83604953311,"time":4945.879780529617,"bugs":0.6645935456115888},"loc":{"sloc":86.0,"ploc":65.0,"lloc":59.0,"cloc":4.0,"blank":17.0,"sloc_average":86.0,"ploc_average":65.0,"lloc_average":59.0,"cloc_average":4.0,"blank_average":17.0,"sloc_min":86.0,"sloc_max":86.0,"cloc_min":4.0,"cloc_max":4.0,"ploc_min":65.0,"ploc_max":65.0,"lloc_min":59.0,"lloc_max":59.0,"blank_min":17.0,"blank_max":17.0},"nom":{"functions":1.0,"closures":0.0,"functions_average":1.0,"closures_average":0.0,"total":1.0,"average":1.0,"functions_min":1.0,"functions_max":1.0,"closures_min":0.0,"closures_max":0.0},"mi":{"mi_original":54.98260285664108,"mi_sei":21.647707915298895,"mi_visual_studio":32.153568922012326},"abc":{"assignments":0.0,"branches":0.0,"conditions":0.0,"magnitude":0.0,"assignments_average":0.0,"branches_average":0.0,"conditions_average":0.0,"assignments_min":0.0,"assignments_max":0.0,"branches_min":0.0,"branches_max":0.0,"conditions_min":0.0,"conditions_max":0.0}}},{"name":"asn1D__at_x520StateOrProvinceName_Type","start_line":2025,"end_line":2111,"kind":"function","spaces":[],"metrics":{"nargs":{"total_functions":4.0,"total_closures":0.0,"average_functions":4.0,"average_closures":0.0,"total":4.0,"average":4.0,"functions_min":4.0,"functions_max":4.0,"closures_min":0.0,"closures_max":0.0},"nexits":{"sum":8.0,"average":8.0,"min":8.0,"max":8.0},"cognitive":{"sum":12.0,"average":12.0,"min":12.0,"max":12.0},"cyclomatic":{"sum":12.0,"average":12.0,"min":12.0,"max":12.0},"halstead":{"n1":21.0,"N1":221.0,"n2":45.0,"N2":162.0,"length":383.0,"estimated_program_length":339.37205521318936,"purity_ratio":0.8860889170057163,"vocabulary":66.0,"volume":2315.0029477142875,"difficulty":37.8,"level":0.026455026455026457,"effort":87507.11142360006,"time":4861.506190200003,"bugs":0.6570135263355296},"loc":{"sloc":87.0,"ploc":56.0,"lloc":50.0,"cloc":6.0,"blank":25.0,"sloc_average":87.0,"ploc_average":56.0,"lloc_average":50.0,"cloc_average":6.0,"blank_average":25.0,"sloc_min":87.0,"sloc_max":87.0,"cloc_min":6.0,"cloc_max":6.0,"ploc_min":56.0,"ploc_max":56.0,"lloc_min":50.0,"lloc_max":50.0,"blank_min":25.0,"blank_max":25.0},"nom":{"functions":1.0,"closures":0.0,"functions_average":1.0,"closures_average":0.0,"total":1.0,"average":1.0,"functions_min":1.0,"functions_max":1.0,"closures_min":0.0,"closures_max":0.0},"mi":{"mi_original":55.60702403067853,"mi_sei":25.530339024137866,"mi_visual_studio":32.518727503320775},"abc":{"assignments":0.0,"branches":0.0,"conditions":0.0,"magnitude":0.0,"assignments_average":0.0,"branches_average":0.0,"conditions_average":0.0,"assignments_min":0.0,"assignments_max":0.0,"branches_min":0.0,"branches_max":0.0,"conditions_min":0.0,"conditions_max":0.0}}},{"name":"asn1D__at_x520OrganizationName_Type","start_line":2113,"end_line":2199,"kind":"function","spaces":[],"metrics":{"nargs":{"total_functions":4.0,"total_closures":0.0,"average_functions":4.0,"average_closures":0.0,"total":4.0,"average":4.0,"functions_min":4.0,"functions_max":4.0,"closures_min":0.0,"closures_max":0.0},"nexits":{"sum":8.0,"average":8.0,"min":8.0,"max":8.0},"cognitive":{"sum":12.0,"average":12.0,"min":12.0,"max":12.0},"cyclomatic":{"sum":12.0,"average":12.0,"min":12.0,"max":12.0},"halstead":{"n1":21.0,"N1":221.0,"n2":45.0,"N2":162.0,"length":383.0,"estimated_program_length":339.37205521318936,"purity_ratio":0.8860889170057163,"vocabulary":66.0,"volume":2315.0029477142875,"difficulty":37.8,"level":0.026455026455026457,"effort":87507.11142360006,"time":4861.506190200003,"bugs":0.6570135263355296},"loc":{"sloc":87.0,"ploc":56.0,"lloc":50.0,"cloc":6.0,"blank":25.0,"sloc_average":87.0,"ploc_average":56.0,"lloc_average":50.0,"cloc_average":6.0,"blank_average":25.0,"sloc_min":87.0,"sloc_max":87.0,"cloc_min":6.0,"cloc_max":6.0,"ploc_min":56.0,"ploc_max":56.0,"lloc_min":50.0,"lloc_max":50.0,"blank_min":25.0,"blank_max":25.0},"nom":{"functions":1.0,"closures":0.0,"functions_average":1.0,"closures_average":0.0,"total":1.0,"average":1.0,"functions_min":1.0,"functions_max":1.0,"closures_min":0.0,"closures_max":0.0},"mi":{"mi_original":55.60702403067853,"mi_sei":25.530339024137866,"mi_visual_studio":32.518727503320775},"abc":{"assignments":0.0,"branches":0.0,"conditions":0.0,"magnitude":0.0,"assignments_average":0.0,"branches_average":0.0,"conditions_average":0.0,"assignments_min":0.0,"assignments_max":0.0,"branches_min":0.0,"branches_max":0.0,"conditions_min":0.0,"conditions_max":0.0}}},{"name":"asn1D__at_x520OrganizationalUnitName_Type","start_line":2201,"end_line":2287,"kind":"function","spaces":[],"metrics":{"nargs":{"total_functions":4.0,"total_closures":0.0,"average_functions":4.0,"average_closures":0.0,"total":4.0,"average":4.0,"functions_min":4.0,"functions_max":4.0,"closures_min":0.0,"closures_max":0.0},"nexits":{"sum":8.0,"average":8.0,"min":8.0,"max":8.0},"cognitive":{"sum":12.0,"average":12.0,"min":12.0,"max":12.0},"cyclomatic":{"sum":12.0,"average":12.0,"min":12.0,"max":12.0},"halstead":{"n1":21.0,"N1":221.0,"n2":45.0,"N2":162.0,"length":383.0,"estimated_program_length":339.37205521318936,"purity_ratio":0.8860889170057163,"vocabulary":66.0,"volume":2315.0029477142875,"difficulty":37.8,"level":0.026455026455026457,"effort":87507.11142360006,"time":4861.506190200003,"bugs":0.6570135263355296},"loc":{"sloc":87.0,"ploc":56.0,"lloc":50.0,"cloc":6.0,"blank":25.0,"sloc_average":87.0,"ploc_average":56.0,"lloc_average":50.0,"cloc_average":6.0,"blank_average":25.0,"sloc_min":87.0,"sloc_max":87.0,"cloc_min":6.0,"cloc_max":6.0,"ploc_min":56.0,"ploc_max":56.0,"lloc_min":50.0,"lloc_max":50.0,"blank_min":25.0,"blank_max":25.0},"nom":{"functions":1.0,"closures":0.0,"functions_average":1.0,"closures_average":0.0,"total":1.0,"average":1.0,"functions_min":1.0,"functions_max":1.0,"closures_min":0.0,"closures_max":0.0},"mi":{"mi_original":55.60702403067853,"mi_sei":25.530339024137866,"mi_visual_studio":32.518727503320775},"abc":{"assignments":0.0,"branches":0.0,"conditions":0.0,"magnitude":0.0,"assignments_average":0.0,"branches_average":0.0,"conditions_average":0.0,"assignments_min":0.0,"assignments_max":0.0,"branches_min":0.0,"branches_max":0.0,"conditions_min":0.0,"conditions_max":0.0}}},{"name":"asn1D__at_x520Title_Type","start_line":2289,"end_line":2375,"kind":"function","spaces":[],"metrics":{"nargs":{"total_functions":4.0,"total_closures":0.0,"average_functions":4.0,"average_closures":0.0,"total":4.0,"average":4.0,"functions_min":4.0,"functions_max":4.0,"closures_min":0.0,"closures_max":0.0},"nexits":{"sum":8.0,"average":8.0,"min":8.0,"max":8.0},"cognitive":{"sum":12.0,"average":12.0,"min":12.0,"max":12.0},"cyclomatic":{"sum":12.0,"average":12.0,"min":12.0,"max":12.0},"halstead":{"n1":21.0,"N1":221.0,"n2":45.0,"N2":162.0,"length":383.0,"estimated_program_length":339.37205521318936,"purity_ratio":0.8860889170057163,"vocabulary":66.0,"volume":2315.0029477142875,"difficulty":37.8,"level":0.026455026455026457,"effort":87507.11142360006,"time":4861.506190200003,"bugs":0.6570135263355296},"loc":{"sloc":87.0,"ploc":56.0,"lloc":50.0,"cloc":6.0,"blank":25.0,"sloc_average":87.0,"ploc_average":56.0,"lloc_average":50.0,"cloc_average":6.0,"blank_average":25.0,"sloc_min":87.0,"sloc_max":87.0,"cloc_min":6.0,"cloc_max":6.0,"ploc_min":56.0,"ploc_max":56.0,"lloc_min":50.0,"lloc_max":50.0,"blank_min":25.0,"blank_max":25.0},"nom":{"functions":1.0,"closures":0.0,"functions_average":1.0,"closures_average":0.0,"total":1.0,"average":1.0,"functions_min":1.0,"functions_max":1.0,"closures_min":0.0,"closures_max":0.0},"mi":{"mi_original":55.60702403067853,"mi_sei":25.530339024137866,"mi_visual_studio":32.518727503320775},"abc":{"assignments":0.0,"branches":0.0,"conditions":0.0,"magnitude":0.0,"assignments_average":0.0,"branches_average":0.0,"conditions_average":0.0,"assignments_min":0.0,"assignments_max":0.0,"branches_min":0.0,"branches_max":0.0,"conditions_min":0.0,"conditions_max":0.0}}},{"name":"asn1D__at_x520Pseudonym_Type","start_line":2377,"end_line":2463,"kind":"function","spaces":[],"metrics":{"nargs":{"total_functions":4.0,"total_closures":0.0,"average_functions":4.0,"average_closures":0.0,"total":4.0,"average":4.0,"functions_min":4.0,"functions_max":4.0,"closures_min":0.0,"closures_max":0.0},"nexits":{"sum":8.0,"average":8.0,"min":8.0,"max":8.0},"cognitive":{"sum":12.0,"average":12.0,"min":12.0,"max":12.0},"cyclomatic":{"sum":12.0,"average":12.0,"min":12.0,"max":12.0},"halstead":{"n1":21.0,"N1":221.0,"n2":45.0,"N2":162.0,"length":383.0,"estimated_program_length":339.37205521318936,"purity_ratio":0.8860889170057163,"vocabulary":66.0,"volume":2315.0029477142875,"difficulty":37.8,"level":0.026455026455026457,"effort":87507.11142360006,"time":4861.506190200003,"bugs":0.6570135263355296},"loc":{"sloc":87.0,"ploc":56.0,"lloc":50.0,"cloc":6.0,"blank":25.0,"sloc_average":87.0,"ploc_average":56.0,"lloc_average":50.0,"cloc_average":6.0,"blank_average":25.0,"sloc_min":87.0,"sloc_max":87.0,"cloc_min":6.0,"cloc_max":6.0,"ploc_min":56.0,"ploc_max":56.0,"lloc_min":50.0,"lloc_max":50.0,"blank_min":25.0,"blank_max":25.0},"nom":{"functions":1.0,"closures":0.0,"functions_average":1.0,"closures_average":0.0,"total":1.0,"average":1.0,"functions_min":1.0,"functions_max":1.0,"closures_min":0.0,"closures_max":0.0},"mi":{"mi_original":55.60702403067853,"mi_sei":25.530339024137866,"mi_visual_studio":32.518727503320775},"abc":{"assignments":0.0,"branches":0.0,"conditions":0.0,"magnitude":0.0,"assignments_average":0.0,"branches_average":0.0,"conditions_average":0.0,"assignments_min":0.0,"assignments_max":0.0,"branches_min":0.0,"branches_max":0.0,"conditions_min":0.0,"conditions_max":0.0}}}],"metrics":{"nargs":{"total_functions":144.0,"total_closures":0.0,"average_functions":4.0,"average_closures":0.0,"total":144.0,"average":4.0,"functions_min":0.0,"functions_max":4.0,"closures_min":0.0,"closures_max":0.0},"nexits":{"sum":233.0,"average":6.472222222222222,"min":0.0,"max":23.0},"cognitive":{"sum":612.0,"average":17.0,"min":0.0,"max":119.0},"cyclomatic":{"sum":400.0,"average":10.81081081081081,"min":1.0,"max":44.0},"halstead":{"n1":33.0,"N1":6147.0,"n2":249.0,"N2":4443.0,"length":10590.0,"estimated_program_length":2148.505487023781,"purity_ratio":0.20288059367552227,"vocabulary":282.0,"volume":86197.84882190323,"difficulty":294.4156626506024,"level":0.003396558426943302,"effort":25377996.77995709,"time":1409888.709997616,"bugs":28.786153522281825},"loc":{"sloc":2463.0,"ploc":1722.0,"lloc":1495.0,"cloc":135.0,"blank":606.0,"sloc_average":66.56756756756756,"ploc_average":46.54054054054054,"lloc_average":40.4054054054054,"cloc_average":3.6486486486486487,"blank_average":16.37837837837838,"sloc_min":10.0,"sloc_max":235.0,"cloc_min":0.0,"cloc_max":12.0,"ploc_min":8.0,"ploc_max":169.0,"lloc_min":5.0,"lloc_max":153.0,"blank_min":2.0,"blank_max":54.0},"nom":{"functions":36.0,"closures":0.0,"functions_average":0.972972972972973,"closures_average":0.0,"total":36.0,"average":0.972972972972973,"functions_min":0.0,"functions_max":1.0,"closures_min":0.0,"closures_max":0.0},"mi":{"mi_original":-106.60287605307836,"mi_sei":-171.0286387700625,"mi_visual_studio":0.0},"abc":{"assignments":0.0,"branches":0.0,"conditions":0.0,"magnitude":0.0,"assignments_average":0.0,"branches_average":0.0,"conditions_average":0.0,"assignments_min":0.0,"assignments_max":0.0,"branches_min":0.0,"branches_max":0.0,"conditions_min":0.0,"conditions_max":0.0}}}