{"name":"./src/PKIX-CommonTypes-2009.c","start_line":1,"end_line":63,"kind":"unit","spaces":[{"name":"asn1Init_SingleAttribute","start_line":11,"end_line":17,"kind":"function","spaces":[],"metrics":{"nargs":{"total_functions":1.0,"total_closures":0.0,"average_functions":1.0,"average_closures":0.0,"total":1.0,"average":1.0,"functions_min":1.0,"functions_max":1.0,"closures_min":0.0,"closures_max":0.0},"nexits":{"sum":1.0,"average":1.0,"min":1.0,"max":1.0},"cognitive":{"sum":0.0,"average":0.0,"min":0.0,"max":0.0},"cyclomatic":{"sum":1.0,"average":1.0,"min":1.0,"max":1.0},"halstead":{"n1":9.0,"N1":18.0,"n2":9.0,"N2":16.0,"length":34.0,"estimated_program_length":57.05865002596162,"purity_ratio":1.6781955889988711,"vocabulary":18.0,"volume":141.7774500490386,"difficulty":8.0,"level":0.125,"effort":1134.2196003923088,"time":63.01220002179494,"bugs":0.03625296323782281},"loc":{"sloc":7.0,"ploc":7.0,"lloc":4.0,"cloc":0.0,"blank":0.0,"sloc_average":7.0,"ploc_average":7.0,"lloc_average":4.0,"cloc_average":0.0,"blank_average":0.0,"sloc_min":7.0,"sloc_max":7.0,"cloc_min":0.0,"cloc_max":0.0,"ploc_min":7.0,"ploc_max":7.0,"lloc_min":4.0,"lloc_max":4.0,"blank_min":0.0,"blank_max":0.0},"nom":{"functions":1.0,"closures":0.0,"functions_average":1.0,"closures_average":0.0,"total":1.0,"average":1.0,"functions_min":1.0,"functions_max":1.0,"closures_min":0.0,"closures_max":0.0},"mi":{"mi_original":113.48411099530654,"mi_sei":88.12393202001311,"mi_visual_studio":66.36497719023775},"abc":{"assignments":0.0,"branches":0.0,"conditions":0.0,"magnitude":0.0,"assignments_average":0.0,"branches_average":0.0,"conditions_average":0.0,"assignments_min":0.0,"assignments_max":0.0,"branches_min":0.0,"branches_max":0.0,"conditions_min":0.0,"conditions_max":0.0}}},{"name":"asn1Init_AttributeSet_values","start_line":21,"end_line":25,"kind":"function","spaces":[],"metrics":{"nargs":{"total_functions":1.0,"total_closures":0.0,"average_functions":1.0,"average_closures":0.0,"total":1.0,"average":1.0,"functions_min":1.0,"functions_max":1.0,"closures_min":0.0,"closures_max":0.0},"nexits":{"sum":1.0,"average":1.0,"min":1.0,"max":1.0},"cognitive":{"sum":0.0,"average":0.0,"min":0.0,"max":0.0},"cyclomatic":{"sum":1.0,"average":1.0,"min":1.0,"max":1.0},"halstead":{"n1":8.0,"N1":9.0,"n2":5.0,"N2":7.0,"length":16.0,"estimated_program_length":35.60964047443681,"purity_ratio":2.2256025296523005,"vocabulary":13.0,"volume":59.207035490257475,"difficulty":5.6,"level":0.17857142857142858,"effort":331.55939874544185,"time":18.41996659696899,"bugs":0.015968090091229327},"loc":{"sloc":5.0,"ploc":5.0,"lloc":2.0,"cloc":0.0,"blank":0.0,"sloc_average":5.0,"ploc_average":5.0,"lloc_average":2.0,"cloc_average":0.0,"blank_average":0.0,"sloc_min":5.0,"sloc_max":5.0,"cloc_min":0.0,"cloc_max":0.0,"ploc_min":5.0,"ploc_max":5.0,"lloc_min":2.0,"lloc_max":2.0,"blank_min":0.0,"blank_max":0.0},"nom":{"functions":1.0,"closures":0.0,"functions_average":1.0,"closures_average":0.0,"total":1.0,"average":1.0,"functions_min":1.0,"functions_max":1.0,"closures_min":0.0,"closures_max":0.0},"mi":{"mi_original":123.47569585520588,"mi_sei":102.5387419480112,"mi_visual_studio":72.20800927205022},"abc":{"assignments":0.0,"branches":0.0,"conditions":0.0,"magnitude":0.0,"assignments_average":0.0,"branches_average":0.0,"conditions_average":0.0,"assignments_min":0.0,"assignments_max":0.0,"branches_min":0.0,"branches_max":0.0,"conditions_min":0.0,"conditions_max":0.0}}},{"name":"asn1Init_AttributeSet","start_line":29,"end_line":34,"kind":"function","spaces":[],"metrics":{"nargs":{"total_functions":1.0,"total_closures":0.0,"average_functions":1.0,"average_closures":0.0,"total":1.0,"average":1.0,"functions_min":1.0,"functions_max":1.0,"closures_min":0.0,"closures_max":0.0},"nexits":{"sum":1.0,"average":1.0,"min":1.0,"max":1.0},"cognitive":{"sum":0.0,"average":0.0,"min":0.0,"max":0.0},"cyclomatic":{"sum":1.0,"average":1.0,"min":1.0,"max":1.0},"halstead":{"n1":10.0,"N1":14.0,"n2":8.0,"N2":11.0,"length":25.0,"estimated_program_length":57.219280948873624,"purity_ratio":2.288771237954945,"vocabulary":18.0,"volume":104.2481250360578,"difficulty":6.875,"level":0.14545454545454545,"effort":716.7058596228974,"time":39.81699220127208,"bugs":0.026695581296606083},"loc":{"sloc":6.0,"ploc":6.0,"lloc":3.0,"cloc":0.0,"blank":0.0,"sloc_average":6.0,"ploc_average":6.0,"lloc_average":3.0,"cloc_average":0.0,"blank_average":0.0,"sloc_min":6.0,"sloc_max":6.0,"cloc_min":0.0,"cloc_max":0.0,"ploc_min":6.0,"ploc_max":6.0,"lloc_min":3.0,"lloc_max":3.0,"blank_min":0.0,"blank_max":0.0},"nom":{"functions":1.0,"closures":0.0,"functions_average":1.0,"closures_average":0.0,"total":1.0,"average":1.0,"functions_min":1.0,"functions_max":1.0,"closures_min":0.0,"closures_max":0.0},"mi":{"mi_original":117.5802724471975,"mi_sei":94.03344383333678,"mi_visual_studio":68.76039324397514},"abc":{"assignments":0.0,"branches":0.0,"conditions":0.0,"magnitude":0.0,"assignments_average":0.0,"branches_average":0.0,"conditions_average":0.0,"assignments_min":0.0,"assignments_max":0.0,"branches_min":0.0,"branches_max":0.0,"conditions_min":0.0,"conditions_max":0.0}}},{"name":"asn1Init_Extension","start_line":38,"end_line":45,"kind":"function","spaces":[],"metrics":{"nargs":{"total_functions":1.0,"total_closures":0.0,"average_functions":1.0,"average_closures":0.0,"total":1.0,"average":1.0,"functions_min":1.0,"functions_max":1.0,"closures_min":0.0,"closures_max":0.0},"nexits":{"sum":1.0,"average":1.0,"min":1.0,"max":1.0},"cognitive":{"sum":0.0,"average":0.0,"min":0.0,"max":0.0},"cyclomatic":{"sum":1.0,"average":1.0,"min":1.0,"max":1.0},"halstead":{"n1":9.0,"N1":21.0,"n2":11.0,"N2":19.0,"length":40.0,"estimated_program_length":66.58307281799108,"purity_ratio":1.664576820449777,"vocabulary":20.0,"volume":172.8771237954945,"difficulty":7.7727272727272725,"level":0.1286549707602339,"effort":1343.726734955889,"time":74.65148527532716,"bugs":0.04059003108996351},"loc":{"sloc":8.0,"ploc":8.0,"lloc":5.0,"cloc":0.0,"blank":0.0,"sloc_average":8.0,"ploc_average":8.0,"lloc_average":5.0,"cloc_average":0.0,"blank_average":0.0,"sloc_min":8.0,"sloc_max":8.0,"cloc_min":0.0,"cloc_max":0.0,"ploc_min":8.0,"ploc_max":8.0,"lloc_min":5.0,"lloc_max":5.0,"blank_min":0.0,"blank_max":0.0},"nom":{"functions":1.0,"closures":0.0,"functions_average":1.0,"closures_average":0.0,"total":1.0,"average":1.0,"functions_min":1.0,"functions_max":1.0,"closures_min":0.0,"closures_max":0.0},"mi":{"mi_original":110.28962543447182,"mi_sei":83.51526354320549,"mi_visual_studio":64.49685697922328},"abc":{"assignments":0.0,"branches":0.0,"conditions":0.0,"magnitude":0.0,"assignments_average":0.0,"branches_average":0.0,"conditions_average":0.0,"assignments_min":0.0,"assignments_max":0.0,"branches_min":0.0,"branches_max":0.0,"conditions_min":0.0,"conditions_max":0.0}}},{"name":"asn1Init_Extensions","start_line":49,"end_line":53,"kind":"function","spaces":[],"metrics":{"nargs":{"total_functions":1.0,"total_closures":0.0,"average_functions":1.0,"average_closures":0.0,"total":1.0,"average":1.0,"functions_min":1.0,"functions_max":1.0,"closures_min":0.0,"closures_max":0.0},"nexits":{"sum":1.0,"average":1.0,"min":1.0,"max":1.0},"cognitive":{"sum":0.0,"average":0.0,"min":0.0,"max":0.0},"cyclomatic":{"sum":1.0,"average":1.0,"min":1.0,"max":1.0},"halstead":{"n1":8.0,"N1":9.0,"n2":5.0,"N2":7.0,"length":16.0,"estimated_program_length":35.60964047443681,"purity_ratio":2.2256025296523005,"vocabulary":13.0,"volume":59.207035490257475,"difficulty":5.6,"level":0.17857142857142858,"effort":331.55939874544185,"time":18.41996659696899,"bugs":0.015968090091229327},"loc":{"sloc":5.0,"ploc":5.0,"lloc":2.0,"cloc":0.0,"blank":0.0,"sloc_average":5.0,"ploc_average":5.0,"lloc_average":2.0,"cloc_average":0.0,"blank_average":0.0,"sloc_min":5.0,"sloc_max":5.0,"cloc_min":0.0,"cloc_max":0.0,"ploc_min":5.0,"ploc_max":5.0,"lloc_min":2.0,"lloc_max":2.0,"blank_min":0.0,"blank_max":0.0},"nom":{"functions":1.0,"closures":0.0,"functions_average":1.0,"closures_average":0.0,"total":1.0,"average":1.0,"functions_min":1.0,"functions_max":1.0,"closures_min":0.0,"closures_max":0.0},"mi":{"mi_original":123.47569585520588,"mi_sei":102.5387419480112,"mi_visual_studio":72.20800927205022},"abc":{"assignments":0.0,"branches":0.0,"conditions":0.0,"magnitude":0.0,"assignments_average":0.0,"branches_average":0.0,"conditions_average":0.0,"assignments_min":0.0,"assignments_max":0.0,"branches_min":0.0,"branches_max":0.0,"conditions_min":0.0,"conditions_max":0.0}}},{"name":"asn1Init_SecurityCategory","start_line":57,"end_line":63,"kind":"function","spaces":[],"metrics":{"nargs":{"total_functions":1.0,"total_closures":0.0,"average_functions":1.0,"average_closures":0.0,"total":1.0,"average":1.0,"functions_min":1.0,"functions_max":1.0,"closures_min":0.0,"closures_max":0.0},"nexits":{"sum":1.0,"average":1.0,"min":1.0,"max":1.0},"cognitive":{"sum":0.0,"average":0.0,"min":0.0,"max":0.0},"cyclomatic":{"sum":1.0,"average":1.0,"min":1.0,"max":1.0},"halstead":{"n1":9.0,"N1":18.0,"n2":9.0,"N2":16.0,"length":34.0,"estimated_program_length":57.05865002596162,"purity_ratio":1.6781955889988711,"vocabulary":18.0,"volume":141.7774500490386,"difficulty":8.0,"level":0.125,"effort":1134.2196003923088,"time":63.01220002179494,"bugs":0.03625296323782281},"loc":{"sloc":7.0,"ploc":7.0,"lloc":4.0,"cloc":0.0,"blank":0.0,"sloc_average":7.0,"ploc_average":7.0,"lloc_average":4.0,"cloc_average":0.0,"blank_average":0.0,"sloc_min":7.0,"sloc_max":7.0,"cloc_min":0.0,"cloc_max":0.0,"ploc_min":7.0,"ploc_max":7.0,"lloc_min":4.0,"lloc_max":4.0,"blank_min":0.0,"blank_max":0.0},"nom":{"functions":1.0,"closures":0.0,"functions_average":1.0,"closures_average":0.0,"total":1.0,"average":1.0,"functions_min":1.0,"functions_max":1.0,"closures_min":0.0,"closures_max":0.0},"mi":{"mi_original":113.48411099530654,"mi_sei":88.12393202001311,"mi_visual_studio":66.36497719023775},"abc":{"assignments":0.0,"branches":0.0,"conditions":0.0,"magnitude":0.0,"assignments_average":0.0,"branches_average":0.0,"conditions_average":0.0,"assignments_min":0.0,"assignments_max":0.0,"branches_min":0.0,"branches_max":0.0,"conditions_min":0.0,"conditions_max":0.0}}}],"metrics":{"nargs":{"total_functions":6.0,"total_closures":0.0,"average_functions":1.0,"average_closures":0.0,"total":6.0,"average":1.0,"functions_min":0.0,"functions_max":1.0,"closures_min":0.0,"closures_max":0.0},"nexits":{"sum":6.0,"average":1.0,"min":0.0,"max":1.0},"cognitive":{"sum":0.0,"average":0.0,"min":0.0,"max":0.0},"cyclomatic":{"sum":7.0,"average":1.0,"min":1.0,"max":1.0},"halstead":{"n1":10.0,"N1":89.0,"n2":26.0,"N2":77.0,"length":166.0,"estimated_program_length":155.430713620542,"purity_ratio":0.936329600123747,"vocabulary":36.0,"volume":858.2075502394238,"difficulty":14.807692307692308,"level":0.06753246753246753,"effort":12708.073340083776,"time":706.0040744490987,"bugs":0.18152309468069697},"loc":{"sloc":63.0,"ploc":39.0,"lloc":20.0,"cloc":12.0,"blank":12.0,"sloc_average":9.0,"ploc_average":5.571428571428571,"lloc_average":2.857142857142857,"cloc_average":1.7142857142857142,"blank_average":1.7142857142857142,"sloc_min":5.0,"sloc_max":8.0,"cloc_min":0.0,"cloc_max":0.0,"ploc_min":5.0,"ploc_max":8.0,"lloc_min":2.0,"lloc_max":5.0,"blank_min":0.0,"blank_max":0.0},"nom":{"functions":6.0,"closures":0.0,"functions_average":0.8571428571428571,"closures_average":0.0,"total":6.0,"average":0.8571428571428571,"functions_min":0.0,"functions_max":1.0,"closures_min":0.0,"closures_max":0.0},"mi":{"mi_original":67.14601838699694,"mi_sei":53.17181333437618,"mi_visual_studio":39.26667741929646},"abc":{"assignments":0.0,"branches":0.0,"conditions":0.0,"magnitude":0.0,"assignments_average":0.0,"branches_average":0.0,"conditions_average":0.0,"assignments_min":0.0,"assignments_max":0.0,"branches_min":0.0,"branches_max":0.0,"conditions_min":0.0,"conditions_max":0.0}}}