{"name":"./src/buftof.c","start_line":1,"end_line":20,"kind":"unit","spaces":[{"name":"buftof","start_line":5,"end_line":20,"kind":"function","spaces":[],"metrics":{"nargs":{"total_functions":3.0,"total_closures":0.0,"average_functions":3.0,"average_closures":0.0,"total":3.0,"average":3.0,"functions_min":3.0,"functions_max":3.0,"closures_min":0.0,"closures_max":0.0},"nexits":{"sum":3.0,"average":3.0,"min":3.0,"max":3.0},"cognitive":{"sum":4.0,"average":4.0,"min":4.0,"max":4.0},"cyclomatic":{"sum":5.0,"average":5.0,"min":5.0,"max":5.0},"halstead":{"n1":15.0,"N1":57.0,"n2":14.0,"N2":29.0,"length":86.0,"estimated_program_length":111.90632784293425,"purity_ratio":1.3012363702666774,"vocabulary":29.0,"volume":417.78636558097116,"difficulty":15.535714285714286,"level":0.06436781609195402,"effort":6490.609608132945,"time":360.5894226740525,"bugs":0.11598515418741558},"loc":{"sloc":16.0,"ploc":16.0,"lloc":10.0,"cloc":0.0,"blank":0.0,"sloc_average":16.0,"ploc_average":16.0,"lloc_average":10.0,"cloc_average":0.0,"blank_average":0.0,"sloc_min":16.0,"sloc_max":16.0,"cloc_min":0.0,"cloc_max":0.0,"ploc_min":16.0,"ploc_max":16.0,"lloc_min":10.0,"lloc_max":10.0,"blank_min":0.0,"blank_max":0.0},"nom":{"functions":1.0,"closures":0.0,"functions_average":1.0,"closures_average":0.0,"total":1.0,"average":1.0,"functions_min":1.0,"functions_max":1.0,"closures_min":0.0,"closures_max":0.0},"mi":{"mi_original":93.55221758302413,"mi_sei":59.77556767620375,"mi_visual_studio":54.70889917135914},"abc":{"assignments":0.0,"branches":0.0,"conditions":0.0,"magnitude":0.0,"assignments_average":0.0,"branches_average":0.0,"conditions_average":0.0,"assignments_min":0.0,"assignments_max":0.0,"branches_min":0.0,"branches_max":0.0,"conditions_min":0.0,"conditions_max":0.0}}}],"metrics":{"nargs":{"total_functions":3.0,"total_closures":0.0,"average_functions":3.0,"average_closures":0.0,"total":3.0,"average":3.0,"functions_min":0.0,"functions_max":3.0,"closures_min":0.0,"closures_max":0.0},"nexits":{"sum":3.0,"average":3.0,"min":0.0,"max":3.0},"cognitive":{"sum":4.0,"average":4.0,"min":0.0,"max":4.0},"cyclomatic":{"sum":6.0,"average":3.0,"min":1.0,"max":5.0},"halstead":{"n1":15.0,"N1":57.0,"n2":14.0,"N2":29.0,"length":86.0,"estimated_program_length":111.90632784293425,"purity_ratio":1.3012363702666774,"vocabulary":29.0,"volume":417.78636558097116,"difficulty":15.535714285714286,"level":0.06436781609195402,"effort":6490.609608132945,"time":360.5894226740525,"bugs":0.11598515418741558},"loc":{"sloc":20.0,"ploc":19.0,"lloc":10.0,"cloc":0.0,"blank":1.0,"sloc_average":10.0,"ploc_average":9.5,"lloc_average":5.0,"cloc_average":0.0,"blank_average":0.5,"sloc_min":16.0,"sloc_max":16.0,"cloc_min":0.0,"cloc_max":0.0,"ploc_min":16.0,"ploc_max":16.0,"lloc_min":10.0,"lloc_max":10.0,"blank_min":0.0,"blank_max":0.0},"nom":{"functions":1.0,"closures":0.0,"functions_average":0.5,"closures_average":0.0,"total":1.0,"average":0.5,"functions_min":0.0,"functions_max":1.0,"closures_min":0.0,"closures_max":0.0},"mi":{"mi_original":89.70729205173394,"mi_sei":54.33033253902849,"mi_visual_studio":52.460404708616345},"abc":{"assignments":0.0,"branches":0.0,"conditions":0.0,"magnitude":0.0,"assignments_average":0.0,"branches_average":0.0,"conditions_average":0.0,"assignments_min":0.0,"assignments_max":0.0,"branches_min":0.0,"branches_max":0.0,"conditions_min":0.0,"conditions_max":0.0}}}