{"name":"./src/c509_private.h","start_line":1,"end_line":69,"kind":"unit","spaces":[{"name":"__attribute__","start_line":9,"end_line":9,"kind":"struct","spaces":[],"metrics":{"nargs":{"total_functions":0.0,"total_closures":0.0,"average_functions":0.0,"average_closures":0.0,"total":0.0,"average":0.0,"functions_min":0.0,"functions_max":0.0,"closures_min":0.0,"closures_max":0.0},"nexits":{"sum":0.0,"average":null,"min":0.0,"max":0.0},"cognitive":{"sum":0.0,"average":null,"min":0.0,"max":0.0},"cyclomatic":{"sum":1.0,"average":1.0,"min":1.0,"max":1.0},"halstead":{"n1":0.0,"N1":0.0,"n2":1.0,"N2":1.0,"length":1.0,"estimated_program_length":null,"purity_ratio":null,"vocabulary":1.0,"volume":0.0,"difficulty":0.0,"level":null,"effort":0.0,"time":0.0,"bugs":0.0},"loc":{"sloc":1.0,"ploc":1.0,"lloc":0.0,"cloc":0.0,"blank":0.0,"sloc_average":1.0,"ploc_average":1.0,"lloc_average":0.0,"cloc_average":0.0,"blank_average":0.0,"sloc_min":1.0,"sloc_max":1.0,"cloc_min":0.0,"cloc_max":0.0,"ploc_min":1.0,"ploc_max":1.0,"lloc_min":0.0,"lloc_max":0.0,"blank_min":0.0,"blank_max":0.0},"nom":{"functions":0.0,"closures":0.0,"functions_average":0.0,"closures_average":0.0,"total":0.0,"average":0.0,"functions_min":0.0,"functions_max":0.0,"closures_min":0.0,"closures_max":0.0},"mi":{"mi_original":null,"mi_sei":null,"mi_visual_studio":null},"abc":{"assignments":0.0,"branches":0.0,"conditions":0.0,"magnitude":0.0,"assignments_average":0.0,"branches_average":0.0,"conditions_average":0.0,"assignments_min":0.0,"assignments_max":0.0,"branches_min":0.0,"branches_max":0.0,"conditions_min":0.0,"conditions_max":0.0}}},{"name":"__attribute__","start_line":19,"end_line":19,"kind":"struct","spaces":[],"metrics":{"nargs":{"total_functions":0.0,"total_closures":0.0,"average_functions":0.0,"average_closures":0.0,"total":0.0,"average":0.0,"functions_min":0.0,"functions_max":0.0,"closures_min":0.0,"closures_max":0.0},"nexits":{"sum":0.0,"average":null,"min":0.0,"max":0.0},"cognitive":{"sum":0.0,"average":null,"min":0.0,"max":0.0},"cyclomatic":{"sum":1.0,"average":1.0,"min":1.0,"max":1.0},"halstead":{"n1":0.0,"N1":0.0,"n2":1.0,"N2":1.0,"length":1.0,"estimated_program_length":null,"purity_ratio":null,"vocabulary":1.0,"volume":0.0,"difficulty":0.0,"level":null,"effort":0.0,"time":0.0,"bugs":0.0},"loc":{"sloc":1.0,"ploc":1.0,"lloc":0.0,"cloc":0.0,"blank":0.0,"sloc_average":1.0,"ploc_average":1.0,"lloc_average":0.0,"cloc_average":0.0,"blank_average":0.0,"sloc_min":1.0,"sloc_max":1.0,"cloc_min":0.0,"cloc_max":0.0,"ploc_min":1.0,"ploc_max":1.0,"lloc_min":0.0,"lloc_max":0.0,"blank_min":0.0,"blank_max":0.0},"nom":{"functions":0.0,"closures":0.0,"functions_average":0.0,"closures_average":0.0,"total":0.0,"average":0.0,"functions_min":0.0,"functions_max":0.0,"closures_min":0.0,"closures_max":0.0},"mi":{"mi_original":null,"mi_sei":null,"mi_visual_studio":null},"abc":{"assignments":0.0,"branches":0.0,"conditions":0.0,"magnitude":0.0,"assignments_average":0.0,"branches_average":0.0,"conditions_average":0.0,"assignments_min":0.0,"assignments_max":0.0,"branches_min":0.0,"branches_max":0.0,"conditions_min":0.0,"conditions_max":0.0}}},{"name":"__attribute__","start_line":27,"end_line":27,"kind":"struct","spaces":[],"metrics":{"nargs":{"total_functions":0.0,"total_closures":0.0,"average_functions":0.0,"average_closures":0.0,"total":0.0,"average":0.0,"functions_min":0.0,"functions_max":0.0,"closures_min":0.0,"closures_max":0.0},"nexits":{"sum":0.0,"average":null,"min":0.0,"max":0.0},"cognitive":{"sum":0.0,"average":null,"min":0.0,"max":0.0},"cyclomatic":{"sum":1.0,"average":1.0,"min":1.0,"max":1.0},"halstead":{"n1":0.0,"N1":0.0,"n2":1.0,"N2":1.0,"length":1.0,"estimated_program_length":null,"purity_ratio":null,"vocabulary":1.0,"volume":0.0,"difficulty":0.0,"level":null,"effort":0.0,"time":0.0,"bugs":0.0},"loc":{"sloc":1.0,"ploc":1.0,"lloc":0.0,"cloc":0.0,"blank":0.0,"sloc_average":1.0,"ploc_average":1.0,"lloc_average":0.0,"cloc_average":0.0,"blank_average":0.0,"sloc_min":1.0,"sloc_max":1.0,"cloc_min":0.0,"cloc_max":0.0,"ploc_min":1.0,"ploc_max":1.0,"lloc_min":0.0,"lloc_max":0.0,"blank_min":0.0,"blank_max":0.0},"nom":{"functions":0.0,"closures":0.0,"functions_average":0.0,"closures_average":0.0,"total":0.0,"average":0.0,"functions_min":0.0,"functions_max":0.0,"closures_min":0.0,"closures_max":0.0},"mi":{"mi_original":null,"mi_sei":null,"mi_visual_studio":null},"abc":{"assignments":0.0,"branches":0.0,"conditions":0.0,"magnitude":0.0,"assignments_average":0.0,"branches_average":0.0,"conditions_average":0.0,"assignments_min":0.0,"assignments_max":0.0,"branches_min":0.0,"branches_max":0.0,"conditions_min":0.0,"conditions_max":0.0}}},{"name":"__attribute__","start_line":41,"end_line":41,"kind":"struct","spaces":[],"metrics":{"nargs":{"total_functions":0.0,"total_closures":0.0,"average_functions":0.0,"average_closures":0.0,"total":0.0,"average":0.0,"functions_min":0.0,"functions_max":0.0,"closures_min":0.0,"closures_max":0.0},"nexits":{"sum":0.0,"average":null,"min":0.0,"max":0.0},"cognitive":{"sum":0.0,"average":null,"min":0.0,"max":0.0},"cyclomatic":{"sum":1.0,"average":1.0,"min":1.0,"max":1.0},"halstead":{"n1":0.0,"N1":0.0,"n2":1.0,"N2":1.0,"length":1.0,"estimated_program_length":null,"purity_ratio":null,"vocabulary":1.0,"volume":0.0,"difficulty":0.0,"level":null,"effort":0.0,"time":0.0,"bugs":0.0},"loc":{"sloc":1.0,"ploc":1.0,"lloc":0.0,"cloc":0.0,"blank":0.0,"sloc_average":1.0,"ploc_average":1.0,"lloc_average":0.0,"cloc_average":0.0,"blank_average":0.0,"sloc_min":1.0,"sloc_max":1.0,"cloc_min":0.0,"cloc_max":0.0,"ploc_min":1.0,"ploc_max":1.0,"lloc_min":0.0,"lloc_max":0.0,"blank_min":0.0,"blank_max":0.0},"nom":{"functions":0.0,"closures":0.0,"functions_average":0.0,"closures_average":0.0,"total":0.0,"average":0.0,"functions_min":0.0,"functions_max":0.0,"closures_min":0.0,"closures_max":0.0},"mi":{"mi_original":null,"mi_sei":null,"mi_visual_studio":null},"abc":{"assignments":0.0,"branches":0.0,"conditions":0.0,"magnitude":0.0,"assignments_average":0.0,"branches_average":0.0,"conditions_average":0.0,"assignments_min":0.0,"assignments_max":0.0,"branches_min":0.0,"branches_max":0.0,"conditions_min":0.0,"conditions_max":0.0}}},{"name":"__attribute__","start_line":51,"end_line":51,"kind":"struct","spaces":[],"metrics":{"nargs":{"total_functions":0.0,"total_closures":0.0,"average_functions":0.0,"average_closures":0.0,"total":0.0,"average":0.0,"functions_min":0.0,"functions_max":0.0,"closures_min":0.0,"closures_max":0.0},"nexits":{"sum":0.0,"average":null,"min":0.0,"max":0.0},"cognitive":{"sum":0.0,"average":null,"min":0.0,"max":0.0},"cyclomatic":{"sum":1.0,"average":1.0,"min":1.0,"max":1.0},"halstead":{"n1":0.0,"N1":0.0,"n2":1.0,"N2":1.0,"length":1.0,"estimated_program_length":null,"purity_ratio":null,"vocabulary":1.0,"volume":0.0,"difficulty":0.0,"level":null,"effort":0.0,"time":0.0,"bugs":0.0},"loc":{"sloc":1.0,"ploc":1.0,"lloc":0.0,"cloc":0.0,"blank":0.0,"sloc_average":1.0,"ploc_average":1.0,"lloc_average":0.0,"cloc_average":0.0,"blank_average":0.0,"sloc_min":1.0,"sloc_max":1.0,"cloc_min":0.0,"cloc_max":0.0,"ploc_min":1.0,"ploc_max":1.0,"lloc_min":0.0,"lloc_max":0.0,"blank_min":0.0,"blank_max":0.0},"nom":{"functions":0.0,"closures":0.0,"functions_average":0.0,"closures_average":0.0,"total":0.0,"average":0.0,"functions_min":0.0,"functions_max":0.0,"closures_min":0.0,"closures_max":0.0},"mi":{"mi_original":null,"mi_sei":null,"mi_visual_studio":null},"abc":{"assignments":0.0,"branches":0.0,"conditions":0.0,"magnitude":0.0,"assignments_average":0.0,"branches_average":0.0,"conditions_average":0.0,"assignments_min":0.0,"assignments_max":0.0,"branches_min":0.0,"branches_max":0.0,"conditions_min":0.0,"conditions_max":0.0}}}],"metrics":{"nargs":{"total_functions":0.0,"total_closures":0.0,"average_functions":0.0,"average_closures":0.0,"total":0.0,"average":0.0,"functions_min":0.0,"functions_max":0.0,"closures_min":0.0,"closures_max":0.0},"nexits":{"sum":0.0,"average":null,"min":0.0,"max":0.0},"cognitive":{"sum":0.0,"average":null,"min":0.0,"max":0.0},"cyclomatic":{"sum":6.0,"average":1.0,"min":1.0,"max":1.0},"halstead":{"n1":5.0,"N1":113.0,"n2":42.0,"N2":100.0,"length":213.0,"estimated_program_length":238.08697223114476,"purity_ratio":1.1177792123527923,"vocabulary":47.0,"volume":1183.127425407337,"difficulty":5.9523809523809526,"level":0.16799999999999998,"effort":7042.425151234148,"time":391.24584173523044,"bugs":0.12246920684515336},"loc":{"sloc":69.0,"ploc":49.0,"lloc":34.0,"cloc":5.0,"blank":15.0,"sloc_average":11.5,"ploc_average":8.166666666666666,"lloc_average":5.666666666666667,"cloc_average":0.8333333333333334,"blank_average":2.5,"sloc_min":1.0,"sloc_max":1.0,"cloc_min":0.0,"cloc_max":0.0,"ploc_min":1.0,"ploc_max":1.0,"lloc_min":0.0,"lloc_max":0.0,"blank_min":0.0,"blank_max":0.0},"nom":{"functions":0.0,"closures":0.0,"functions_average":0.0,"closures_average":0.0,"total":0.0,"average":0.0,"functions_min":0.0,"functions_max":0.0,"closures_min":0.0,"closures_max":0.0},"mi":{"mi_original":64.2327084513199,"mi_sei":37.830562761857735,"mi_visual_studio":37.56298739843269},"abc":{"assignments":0.0,"branches":0.0,"conditions":0.0,"magnitude":0.0,"assignments_average":0.0,"branches_average":0.0,"conditions_average":0.0,"assignments_min":0.0,"assignments_max":0.0,"branches_min":0.0,"branches_max":0.0,"conditions_min":0.0,"conditions_max":0.0}}}