{"name":"./src/c509.h","start_line":1,"end_line":583,"kind":"unit","spaces":[{"name":null,"start_line":60,"end_line":63,"kind":"struct","spaces":[],"metrics":{"nargs":{"total_functions":0.0,"total_closures":0.0,"average_functions":0.0,"average_closures":0.0,"total":0.0,"average":0.0,"functions_min":0.0,"functions_max":0.0,"closures_min":0.0,"closures_max":0.0},"nexits":{"sum":0.0,"average":null,"min":0.0,"max":0.0},"cognitive":{"sum":0.0,"average":null,"min":0.0,"max":0.0},"cyclomatic":{"sum":1.0,"average":1.0,"min":1.0,"max":1.0},"halstead":{"n1":4.0,"N1":7.0,"n2":2.0,"N2":2.0,"length":9.0,"estimated_program_length":10.0,"purity_ratio":1.1111111111111112,"vocabulary":6.0,"volume":23.264662506490403,"difficulty":2.0,"level":0.5,"effort":46.529325012980806,"time":2.584962500721156,"bugs":0.004312177013671752},"loc":{"sloc":4.0,"ploc":4.0,"lloc":0.0,"cloc":0.0,"blank":0.0,"sloc_average":4.0,"ploc_average":4.0,"lloc_average":0.0,"cloc_average":0.0,"blank_average":0.0,"sloc_min":4.0,"sloc_max":4.0,"cloc_min":0.0,"cloc_max":0.0,"ploc_min":4.0,"ploc_max":4.0,"lloc_min":0.0,"lloc_max":0.0,"blank_min":0.0,"blank_max":0.0},"nom":{"functions":0.0,"closures":0.0,"functions_average":0.0,"closures_average":0.0,"total":0.0,"average":0.0,"functions_min":0.0,"functions_max":0.0,"closures_min":0.0,"closures_max":0.0},"mi":{"mi_original":131.94796634061495,"mi_sei":114.76164456238078,"mi_visual_studio":77.1625534155643},"abc":{"assignments":0.0,"branches":0.0,"conditions":0.0,"magnitude":0.0,"assignments_average":0.0,"branches_average":0.0,"conditions_average":0.0,"assignments_min":0.0,"assignments_max":0.0,"branches_min":0.0,"branches_max":0.0,"conditions_min":0.0,"conditions_max":0.0}}},{"name":null,"start_line":65,"end_line":68,"kind":"struct","spaces":[],"metrics":{"nargs":{"total_functions":0.0,"total_closures":0.0,"average_functions":0.0,"average_closures":0.0,"total":0.0,"average":0.0,"functions_min":0.0,"functions_max":0.0,"closures_min":0.0,"closures_max":0.0},"nexits":{"sum":0.0,"average":null,"min":0.0,"max":0.0},"cognitive":{"sum":0.0,"average":null,"min":0.0,"max":0.0},"cyclomatic":{"sum":1.0,"average":1.0,"min":1.0,"max":1.0},"halstead":{"n1":4.0,"N1":7.0,"n2":2.0,"N2":2.0,"length":9.0,"estimated_program_length":10.0,"purity_ratio":1.1111111111111112,"vocabulary":6.0,"volume":23.264662506490403,"difficulty":2.0,"level":0.5,"effort":46.529325012980806,"time":2.584962500721156,"bugs":0.004312177013671752},"loc":{"sloc":4.0,"ploc":4.0,"lloc":0.0,"cloc":0.0,"blank":0.0,"sloc_average":4.0,"ploc_average":4.0,"lloc_average":0.0,"cloc_average":0.0,"blank_average":0.0,"sloc_min":4.0,"sloc_max":4.0,"cloc_min":0.0,"cloc_max":0.0,"ploc_min":4.0,"ploc_max":4.0,"lloc_min":0.0,"lloc_max":0.0,"blank_min":0.0,"blank_max":0.0},"nom":{"functions":0.0,"closures":0.0,"functions_average":0.0,"closures_average":0.0,"total":0.0,"average":0.0,"functions_min":0.0,"functions_max":0.0,"closures_min":0.0,"closures_max":0.0},"mi":{"mi_original":131.94796634061495,"mi_sei":114.76164456238078,"mi_visual_studio":77.1625534155643},"abc":{"assignments":0.0,"branches":0.0,"conditions":0.0,"magnitude":0.0,"assignments_average":0.0,"branches_average":0.0,"conditions_average":0.0,"assignments_min":0.0,"assignments_max":0.0,"branches_min":0.0,"branches_max":0.0,"conditions_min":0.0,"conditions_max":0.0}}},{"name":null,"start_line":70,"end_line":73,"kind":"struct","spaces":[],"metrics":{"nargs":{"total_functions":0.0,"total_closures":0.0,"average_functions":0.0,"average_closures":0.0,"total":0.0,"average":0.0,"functions_min":0.0,"functions_max":0.0,"closures_min":0.0,"closures_max":0.0},"nexits":{"sum":0.0,"average":null,"min":0.0,"max":0.0},"cognitive":{"sum":0.0,"average":null,"min":0.0,"max":0.0},"cyclomatic":{"sum":1.0,"average":1.0,"min":1.0,"max":1.0},"halstead":{"n1":4.0,"N1":5.0,"n2":3.0,"N2":3.0,"length":8.0,"estimated_program_length":12.754887502163468,"purity_ratio":1.5943609377704335,"vocabulary":7.0,"volume":22.458839376460833,"difficulty":2.0,"level":0.5,"effort":44.91767875292167,"time":2.495426597384537,"bugs":0.00421201861424495},"loc":{"sloc":4.0,"ploc":4.0,"lloc":0.0,"cloc":0.0,"blank":0.0,"sloc_average":4.0,"ploc_average":4.0,"lloc_average":0.0,"cloc_average":0.0,"blank_average":0.0,"sloc_min":4.0,"sloc_max":4.0,"cloc_min":0.0,"cloc_max":0.0,"ploc_min":4.0,"ploc_max":4.0,"lloc_min":0.0,"lloc_max":0.0,"blank_min":0.0,"blank_max":0.0},"nom":{"functions":0.0,"closures":0.0,"functions_average":0.0,"closures_average":0.0,"total":0.0,"average":0.0,"functions_min":0.0,"functions_max":0.0,"closures_min":0.0,"closures_max":0.0},"mi":{"mi_original":132.13127313109095,"mi_sei":115.02610035996176,"mi_visual_studio":77.26975036905904},"abc":{"assignments":0.0,"branches":0.0,"conditions":0.0,"magnitude":0.0,"assignments_average":0.0,"branches_average":0.0,"conditions_average":0.0,"assignments_min":0.0,"assignments_max":0.0,"branches_min":0.0,"branches_max":0.0,"conditions_min":0.0,"conditions_max":0.0}}},{"name":"_C509_BUF_ALIGNED","start_line":111,"end_line":116,"kind":"struct","spaces":[],"metrics":{"nargs":{"total_functions":0.0,"total_closures":0.0,"average_functions":0.0,"average_closures":0.0,"total":0.0,"average":0.0,"functions_min":0.0,"functions_max":0.0,"closures_min":0.0,"closures_max":0.0},"nexits":{"sum":0.0,"average":null,"min":0.0,"max":0.0},"cognitive":{"sum":0.0,"average":null,"min":0.0,"max":0.0},"cyclomatic":{"sum":1.0,"average":1.0,"min":1.0,"max":1.0},"halstead":{"n1":4.0,"N1":9.0,"n2":6.0,"N2":6.0,"length":15.0,"estimated_program_length":23.509775004326936,"purity_ratio":1.5673183336217957,"vocabulary":10.0,"volume":49.82892142331043,"difficulty":2.0,"level":0.5,"effort":99.65784284662087,"time":5.5365468248122705,"bugs":0.007165058383377737},"loc":{"sloc":6.0,"ploc":6.0,"lloc":0.0,"cloc":0.0,"blank":0.0,"sloc_average":6.0,"ploc_average":6.0,"lloc_average":0.0,"cloc_average":0.0,"blank_average":0.0,"sloc_min":6.0,"sloc_max":6.0,"cloc_min":0.0,"cloc_max":0.0,"ploc_min":6.0,"ploc_max":6.0,"lloc_min":0.0,"lloc_max":0.0,"blank_min":0.0,"blank_max":0.0},"nom":{"functions":0.0,"closures":0.0,"functions_average":0.0,"closures_average":0.0,"total":0.0,"average":0.0,"functions_min":0.0,"functions_max":0.0,"closures_min":0.0,"closures_max":0.0},"mi":{"mi_original":121.41879965045999,"mi_sei":99.57126799380097,"mi_visual_studio":71.00514599442104},"abc":{"assignments":0.0,"branches":0.0,"conditions":0.0,"magnitude":0.0,"assignments_average":0.0,"branches_average":0.0,"conditions_average":0.0,"assignments_min":0.0,"assignments_max":0.0,"branches_min":0.0,"branches_max":0.0,"conditions_min":0.0,"conditions_max":0.0}}},{"name":null,"start_line":125,"end_line":128,"kind":"struct","spaces":[],"metrics":{"nargs":{"total_functions":0.0,"total_closures":0.0,"average_functions":0.0,"average_closures":0.0,"total":0.0,"average":0.0,"functions_min":0.0,"functions_max":0.0,"closures_min":0.0,"closures_max":0.0},"nexits":{"sum":0.0,"average":null,"min":0.0,"max":0.0},"cognitive":{"sum":0.0,"average":null,"min":0.0,"max":0.0},"cyclomatic":{"sum":1.0,"average":1.0,"min":1.0,"max":1.0},"halstead":{"n1":3.0,"N1":5.0,"n2":2.0,"N2":2.0,"length":7.0,"estimated_program_length":6.754887502163468,"purity_ratio":0.9649839288804954,"vocabulary":5.0,"volume":16.253496664211536,"difficulty":1.5,"level":0.6666666666666666,"effort":24.380244996317302,"time":1.3544580553509613,"bugs":0.002802662411680566},"loc":{"sloc":4.0,"ploc":4.0,"lloc":0.0,"cloc":0.0,"blank":0.0,"sloc_average":4.0,"ploc_average":4.0,"lloc_average":0.0,"cloc_average":0.0,"blank_average":0.0,"sloc_min":4.0,"sloc_max":4.0,"cloc_min":0.0,"cloc_max":0.0,"ploc_min":4.0,"ploc_max":4.0,"lloc_min":0.0,"lloc_max":0.0,"blank_min":0.0,"blank_max":0.0},"nom":{"functions":0.0,"closures":0.0,"functions_average":0.0,"closures_average":0.0,"total":0.0,"average":0.0,"functions_min":0.0,"functions_max":0.0,"closures_min":0.0,"closures_max":0.0},"mi":{"mi_original":133.81282941204452,"mi_sei":117.45207326746916,"mi_visual_studio":78.25311661523071},"abc":{"assignments":0.0,"branches":0.0,"conditions":0.0,"magnitude":0.0,"assignments_average":0.0,"branches_average":0.0,"conditions_average":0.0,"assignments_min":0.0,"assignments_max":0.0,"branches_min":0.0,"branches_max":0.0,"conditions_min":0.0,"conditions_max":0.0}}},{"name":null,"start_line":135,"end_line":139,"kind":"struct","spaces":[],"metrics":{"nargs":{"total_functions":0.0,"total_closures":0.0,"average_functions":0.0,"average_closures":0.0,"total":0.0,"average":0.0,"functions_min":0.0,"functions_max":0.0,"closures_min":0.0,"closures_max":0.0},"nexits":{"sum":0.0,"average":null,"min":0.0,"max":0.0},"cognitive":{"sum":0.0,"average":null,"min":0.0,"max":0.0},"cyclomatic":{"sum":1.0,"average":1.0,"min":1.0,"max":1.0},"halstead":{"n1":4.0,"N1":7.0,"n2":4.0,"N2":4.0,"length":11.0,"estimated_program_length":16.0,"purity_ratio":1.4545454545454546,"vocabulary":8.0,"volume":33.0,"difficulty":2.0,"level":0.5,"effort":66.0,"time":3.6666666666666665,"bugs":0.0054438736347594795},"loc":{"sloc":5.0,"ploc":5.0,"lloc":0.0,"cloc":0.0,"blank":0.0,"sloc_average":5.0,"ploc_average":5.0,"lloc_average":0.0,"cloc_average":0.0,"blank_average":0.0,"sloc_min":5.0,"sloc_max":5.0,"cloc_min":0.0,"cloc_max":0.0,"ploc_min":5.0,"ploc_max":5.0,"lloc_min":0.0,"lloc_max":0.0,"blank_min":0.0,"blank_max":0.0},"nom":{"functions":0.0,"closures":0.0,"functions_average":0.0,"closures_average":0.0,"total":0.0,"average":0.0,"functions_min":0.0,"functions_max":0.0,"closures_min":0.0,"closures_max":0.0},"mi":{"mi_original":126.51526649894188,"mi_sei":106.92391544216079,"mi_visual_studio":73.9855359642935},"abc":{"assignments":0.0,"branches":0.0,"conditions":0.0,"magnitude":0.0,"assignments_average":0.0,"branches_average":0.0,"conditions_average":0.0,"assignments_min":0.0,"assignments_max":0.0,"branches_min":0.0,"branches_max":0.0,"conditions_min":0.0,"conditions_max":0.0}}},{"name":null,"start_line":141,"end_line":147,"kind":"struct","spaces":[],"metrics":{"nargs":{"total_functions":0.0,"total_closures":0.0,"average_functions":0.0,"average_closures":0.0,"total":0.0,"average":0.0,"functions_min":0.0,"functions_max":0.0,"closures_min":0.0,"closures_max":0.0},"nexits":{"sum":0.0,"average":null,"min":0.0,"max":0.0},"cognitive":{"sum":0.0,"average":null,"min":0.0,"max":0.0},"cyclomatic":{"sum":1.0,"average":1.0,"min":1.0,"max":1.0},"halstead":{"n1":4.0,"N1":12.0,"n2":6.0,"N2":6.0,"length":18.0,"estimated_program_length":23.509775004326936,"purity_ratio":1.3060986113514965,"vocabulary":10.0,"volume":59.79470570797252,"difficulty":2.0,"level":0.5,"effort":119.58941141594504,"time":6.643856189774724,"bugs":0.008091093705353408},"loc":{"sloc":7.0,"ploc":7.0,"lloc":0.0,"cloc":0.0,"blank":0.0,"sloc_average":7.0,"ploc_average":7.0,"lloc_average":0.0,"cloc_average":0.0,"blank_average":0.0,"sloc_min":7.0,"sloc_max":7.0,"cloc_min":0.0,"cloc_max":0.0,"ploc_min":7.0,"ploc_max":7.0,"lloc_min":0.0,"lloc_max":0.0,"blank_min":0.0,"blank_max":0.0},"nom":{"functions":0.0,"closures":0.0,"functions_average":0.0,"closures_average":0.0,"total":0.0,"average":0.0,"functions_min":0.0,"functions_max":0.0,"closures_min":0.0,"closures_max":0.0},"mi":{"mi_original":117.97348654192987,"mi_sei":94.60073185781476,"mi_visual_studio":68.99034300697653},"abc":{"assignments":0.0,"branches":0.0,"conditions":0.0,"magnitude":0.0,"assignments_average":0.0,"branches_average":0.0,"conditions_average":0.0,"assignments_min":0.0,"assignments_max":0.0,"branches_min":0.0,"branches_max":0.0,"conditions_min":0.0,"conditions_max":0.0}}},{"name":null,"start_line":163,"end_line":166,"kind":"struct","spaces":[],"metrics":{"nargs":{"total_functions":0.0,"total_closures":0.0,"average_functions":0.0,"average_closures":0.0,"total":0.0,"average":0.0,"functions_min":0.0,"functions_max":0.0,"closures_min":0.0,"closures_max":0.0},"nexits":{"sum":0.0,"average":null,"min":0.0,"max":0.0},"cognitive":{"sum":0.0,"average":null,"min":0.0,"max":0.0},"cyclomatic":{"sum":1.0,"average":1.0,"min":1.0,"max":1.0},"halstead":{"n1":3.0,"N1":4.0,"n2":3.0,"N2":3.0,"length":7.0,"estimated_program_length":9.509775004326936,"purity_ratio":1.3585392863324195,"vocabulary":6.0,"volume":18.094737505048094,"difficulty":1.5,"level":0.6666666666666666,"effort":27.14210625757214,"time":1.5078947920873411,"bugs":0.0030105171772436758},"loc":{"sloc":4.0,"ploc":4.0,"lloc":0.0,"cloc":0.0,"blank":0.0,"sloc_average":4.0,"ploc_average":4.0,"lloc_average":0.0,"cloc_average":0.0,"blank_average":0.0,"sloc_min":4.0,"sloc_max":4.0,"cloc_min":0.0,"cloc_max":0.0,"ploc_min":4.0,"ploc_max":4.0,"lloc_min":0.0,"lloc_max":0.0,"blank_min":0.0,"blank_max":0.0},"nom":{"functions":0.0,"closures":0.0,"functions_average":0.0,"closures_average":0.0,"total":0.0,"average":0.0,"functions_min":0.0,"functions_max":0.0,"closures_min":0.0,"closures_max":0.0},"mi":{"mi_original":133.25480136767567,"mi_sei":116.64700897518125,"mi_visual_studio":77.92678442554133},"abc":{"assignments":0.0,"branches":0.0,"conditions":0.0,"magnitude":0.0,"assignments_average":0.0,"branches_average":0.0,"conditions_average":0.0,"assignments_min":0.0,"assignments_max":0.0,"branches_min":0.0,"branches_max":0.0,"conditions_min":0.0,"conditions_max":0.0}}},{"name":null,"start_line":168,"end_line":172,"kind":"struct","spaces":[],"metrics":{"nargs":{"total_functions":0.0,"total_closures":0.0,"average_functions":0.0,"average_closures":0.0,"total":0.0,"average":0.0,"functions_min":0.0,"functions_max":0.0,"closures_min":0.0,"closures_max":0.0},"nexits":{"sum":0.0,"average":null,"min":0.0,"max":0.0},"cognitive":{"sum":0.0,"average":null,"min":0.0,"max":0.0},"cyclomatic":{"sum":1.0,"average":1.0,"min":1.0,"max":1.0},"halstead":{"n1":4.0,"N1":7.0,"n2":4.0,"N2":4.0,"length":11.0,"estimated_program_length":16.0,"purity_ratio":1.4545454545454546,"vocabulary":8.0,"volume":33.0,"difficulty":2.0,"level":0.5,"effort":66.0,"time":3.6666666666666665,"bugs":0.0054438736347594795},"loc":{"sloc":5.0,"ploc":5.0,"lloc":0.0,"cloc":0.0,"blank":0.0,"sloc_average":5.0,"ploc_average":5.0,"lloc_average":0.0,"cloc_average":0.0,"blank_average":0.0,"sloc_min":5.0,"sloc_max":5.0,"cloc_min":0.0,"cloc_max":0.0,"ploc_min":5.0,"ploc_max":5.0,"lloc_min":0.0,"lloc_max":0.0,"blank_min":0.0,"blank_max":0.0},"nom":{"functions":0.0,"closures":0.0,"functions_average":0.0,"closures_average":0.0,"total":0.0,"average":0.0,"functions_min":0.0,"functions_max":0.0,"closures_min":0.0,"closures_max":0.0},"mi":{"mi_original":126.51526649894188,"mi_sei":106.92391544216079,"mi_visual_studio":73.9855359642935},"abc":{"assignments":0.0,"branches":0.0,"conditions":0.0,"magnitude":0.0,"assignments_average":0.0,"branches_average":0.0,"conditions_average":0.0,"assignments_min":0.0,"assignments_max":0.0,"branches_min":0.0,"branches_max":0.0,"conditions_min":0.0,"conditions_max":0.0}}},{"name":null,"start_line":174,"end_line":184,"kind":"struct","spaces":[],"metrics":{"nargs":{"total_functions":0.0,"total_closures":0.0,"average_functions":0.0,"average_closures":0.0,"total":0.0,"average":0.0,"functions_min":0.0,"functions_max":0.0,"closures_min":0.0,"closures_max":0.0},"nexits":{"sum":0.0,"average":null,"min":0.0,"max":0.0},"cognitive":{"sum":0.0,"average":null,"min":0.0,"max":0.0},"cyclomatic":{"sum":1.0,"average":1.0,"min":1.0,"max":1.0},"halstead":{"n1":4.0,"N1":17.0,"n2":9.0,"N2":9.0,"length":26.0,"estimated_program_length":36.529325012980806,"purity_ratio":1.4049740389608003,"vocabulary":13.0,"volume":96.21143267166839,"difficulty":2.0,"level":0.5,"effort":192.42286534333678,"time":10.690159185740931,"bugs":0.011110063219277547},"loc":{"sloc":11.0,"ploc":11.0,"lloc":0.0,"cloc":0.0,"blank":0.0,"sloc_average":11.0,"ploc_average":11.0,"lloc_average":0.0,"cloc_average":0.0,"blank_average":0.0,"sloc_min":11.0,"sloc_max":11.0,"cloc_min":0.0,"cloc_max":0.0,"ploc_min":11.0,"ploc_max":11.0,"lloc_min":0.0,"lloc_max":0.0,"blank_min":0.0,"blank_max":0.0},"nom":{"functions":0.0,"closures":0.0,"functions_average":0.0,"closures_average":0.0,"total":0.0,"average":0.0,"functions_min":0.0,"functions_max":0.0,"closures_min":0.0,"closures_max":0.0},"mi":{"mi_original":108.17804597523985,"mi_sei":80.46889832892855,"mi_visual_studio":63.262015190198746},"abc":{"assignments":0.0,"branches":0.0,"conditions":0.0,"magnitude":0.0,"assignments_average":0.0,"branches_average":0.0,"conditions_average":0.0,"assignments_min":0.0,"assignments_max":0.0,"branches_min":0.0,"branches_max":0.0,"conditions_min":0.0,"conditions_max":0.0}}},{"name":null,"start_line":186,"end_line":190,"kind":"struct","spaces":[],"metrics":{"nargs":{"total_functions":0.0,"total_closures":0.0,"average_functions":0.0,"average_closures":0.0,"total":0.0,"average":0.0,"functions_min":0.0,"functions_max":0.0,"closures_min":0.0,"closures_max":0.0},"nexits":{"sum":0.0,"average":null,"min":0.0,"max":0.0},"cognitive":{"sum":0.0,"average":null,"min":0.0,"max":0.0},"cyclomatic":{"sum":1.0,"average":1.0,"min":1.0,"max":1.0},"halstead":{"n1":3.0,"N1":6.0,"n2":4.0,"N2":4.0,"length":10.0,"estimated_program_length":12.754887502163468,"purity_ratio":1.2754887502163468,"vocabulary":7.0,"volume":28.07354922057604,"difficulty":1.5,"level":0.6666666666666666,"effort":42.11032383086406,"time":2.3394624350480036,"bugs":0.004034636991891409},"loc":{"sloc":5.0,"ploc":5.0,"lloc":0.0,"cloc":0.0,"blank":0.0,"sloc_average":5.0,"ploc_average":5.0,"lloc_average":0.0,"cloc_average":0.0,"blank_average":0.0,"sloc_min":5.0,"sloc_max":5.0,"cloc_min":0.0,"cloc_max":0.0,"ploc_min":5.0,"ploc_max":5.0,"lloc_min":0.0,"lloc_max":0.0,"blank_min":0.0,"blank_max":0.0},"nom":{"functions":0.0,"closures":0.0,"functions_average":0.0,"closures_average":0.0,"total":0.0,"average":0.0,"functions_min":0.0,"functions_max":0.0,"closures_min":0.0,"closures_max":0.0},"mi":{"mi_original":127.35600113296687,"mi_sei":108.13683912937222,"mi_visual_studio":74.47719364500986},"abc":{"assignments":0.0,"branches":0.0,"conditions":0.0,"magnitude":0.0,"assignments_average":0.0,"branches_average":0.0,"conditions_average":0.0,"assignments_min":0.0,"assignments_max":0.0,"branches_min":0.0,"branches_max":0.0,"conditions_min":0.0,"conditions_max":0.0}}},{"name":null,"start_line":192,"end_line":195,"kind":"struct","spaces":[],"metrics":{"nargs":{"total_functions":0.0,"total_closures":0.0,"average_functions":0.0,"average_closures":0.0,"total":0.0,"average":0.0,"functions_min":0.0,"functions_max":0.0,"closures_min":0.0,"closures_max":0.0},"nexits":{"sum":0.0,"average":null,"min":0.0,"max":0.0},"cognitive":{"sum":0.0,"average":null,"min":0.0,"max":0.0},"cyclomatic":{"sum":1.0,"average":1.0,"min":1.0,"max":1.0},"halstead":{"n1":3.0,"N1":4.0,"n2":3.0,"N2":3.0,"length":7.0,"estimated_program_length":9.509775004326936,"purity_ratio":1.3585392863324195,"vocabulary":6.0,"volume":18.094737505048094,"difficulty":1.5,"level":0.6666666666666666,"effort":27.14210625757214,"time":1.5078947920873411,"bugs":0.0030105171772436758},"loc":{"sloc":4.0,"ploc":4.0,"lloc":0.0,"cloc":0.0,"blank":0.0,"sloc_average":4.0,"ploc_average":4.0,"lloc_average":0.0,"cloc_average":0.0,"blank_average":0.0,"sloc_min":4.0,"sloc_max":4.0,"cloc_min":0.0,"cloc_max":0.0,"ploc_min":4.0,"ploc_max":4.0,"lloc_min":0.0,"lloc_max":0.0,"blank_min":0.0,"blank_max":0.0},"nom":{"functions":0.0,"closures":0.0,"functions_average":0.0,"closures_average":0.0,"total":0.0,"average":0.0,"functions_min":0.0,"functions_max":0.0,"closures_min":0.0,"closures_max":0.0},"mi":{"mi_original":133.25480136767567,"mi_sei":116.64700897518125,"mi_visual_studio":77.92678442554133},"abc":{"assignments":0.0,"branches":0.0,"conditions":0.0,"magnitude":0.0,"assignments_average":0.0,"branches_average":0.0,"conditions_average":0.0,"assignments_min":0.0,"assignments_max":0.0,"branches_min":0.0,"branches_max":0.0,"conditions_min":0.0,"conditions_max":0.0}}},{"name":null,"start_line":197,"end_line":200,"kind":"struct","spaces":[],"metrics":{"nargs":{"total_functions":0.0,"total_closures":0.0,"average_functions":0.0,"average_closures":0.0,"total":0.0,"average":0.0,"functions_min":0.0,"functions_max":0.0,"closures_min":0.0,"closures_max":0.0},"nexits":{"sum":0.0,"average":null,"min":0.0,"max":0.0},"cognitive":{"sum":0.0,"average":null,"min":0.0,"max":0.0},"cyclomatic":{"sum":1.0,"average":1.0,"min":1.0,"max":1.0},"halstead":{"n1":4.0,"N1":6.0,"n2":3.0,"N2":3.0,"length":9.0,"estimated_program_length":12.754887502163468,"purity_ratio":1.4172097224626077,"vocabulary":7.0,"volume":25.26619429851844,"difficulty":2.0,"level":0.5,"effort":50.53238859703688,"time":2.807354922057604,"bugs":0.004556086527391188},"loc":{"sloc":4.0,"ploc":4.0,"lloc":0.0,"cloc":0.0,"blank":0.0,"sloc_average":4.0,"ploc_average":4.0,"lloc_average":0.0,"cloc_average":0.0,"blank_average":0.0,"sloc_min":4.0,"sloc_max":4.0,"cloc_min":0.0,"cloc_max":0.0,"ploc_min":4.0,"ploc_max":4.0,"lloc_min":0.0,"lloc_max":0.0,"blank_min":0.0,"blank_max":0.0},"nom":{"functions":0.0,"closures":0.0,"functions_average":0.0,"closures_average":0.0,"total":0.0,"average":0.0,"functions_min":0.0,"functions_max":0.0,"closures_min":0.0,"closures_max":0.0},"mi":{"mi_original":131.51880134567776,"mi_sei":114.14249035246172,"mi_visual_studio":76.91157973431449},"abc":{"assignments":0.0,"branches":0.0,"conditions":0.0,"magnitude":0.0,"assignments_average":0.0,"branches_average":0.0,"conditions_average":0.0,"assignments_min":0.0,"assignments_max":0.0,"branches_min":0.0,"branches_max":0.0,"conditions_min":0.0,"conditions_max":0.0}}},{"name":null,"start_line":202,"end_line":205,"kind":"struct","spaces":[],"metrics":{"nargs":{"total_functions":0.0,"total_closures":0.0,"average_functions":0.0,"average_closures":0.0,"total":0.0,"average":0.0,"functions_min":0.0,"functions_max":0.0,"closures_min":0.0,"closures_max":0.0},"nexits":{"sum":0.0,"average":null,"min":0.0,"max":0.0},"cognitive":{"sum":0.0,"average":null,"min":0.0,"max":0.0},"cyclomatic":{"sum":1.0,"average":1.0,"min":1.0,"max":1.0},"halstead":{"n1":4.0,"N1":7.0,"n2":3.0,"N2":4.0,"length":11.0,"estimated_program_length":12.754887502163468,"purity_ratio":1.1595352274694062,"vocabulary":7.0,"volume":30.880904142633646,"difficulty":2.6666666666666665,"level":0.375,"effort":82.34907771368972,"time":4.574948761871651,"bugs":0.006309349300660978},"loc":{"sloc":4.0,"ploc":4.0,"lloc":0.0,"cloc":0.0,"blank":0.0,"sloc_average":4.0,"ploc_average":4.0,"lloc_average":0.0,"cloc_average":0.0,"blank_average":0.0,"sloc_min":4.0,"sloc_max":4.0,"cloc_min":0.0,"cloc_max":0.0,"ploc_min":4.0,"ploc_max":4.0,"lloc_min":0.0,"lloc_max":0.0,"blank_min":0.0,"blank_max":0.0},"nom":{"functions":0.0,"closures":0.0,"functions_average":0.0,"closures_average":0.0,"total":0.0,"average":0.0,"functions_min":0.0,"functions_max":0.0,"closures_min":0.0,"closures_max":0.0},"mi":{"mi_original":130.47531372927457,"mi_sei":112.63705594304781,"mi_visual_studio":76.3013530580553},"abc":{"assignments":0.0,"branches":0.0,"conditions":0.0,"magnitude":0.0,"assignments_average":0.0,"branches_average":0.0,"conditions_average":0.0,"assignments_min":0.0,"assignments_max":0.0,"branches_min":0.0,"branches_max":0.0,"conditions_min":0.0,"conditions_max":0.0}}},{"name":"c509_extension_ip_range_or_prefix","start_line":213,"end_line":219,"kind":"struct","spaces":[],"metrics":{"nargs":{"total_functions":0.0,"total_closures":0.0,"average_functions":0.0,"average_closures":0.0,"total":0.0,"average":0.0,"functions_min":0.0,"functions_max":0.0,"closures_min":0.0,"closures_max":0.0},"nexits":{"sum":0.0,"average":null,"min":0.0,"max":0.0},"cognitive":{"sum":0.0,"average":null,"min":0.0,"max":0.0},"cyclomatic":{"sum":1.0,"average":1.0,"min":1.0,"max":1.0},"halstead":{"n1":3.0,"N1":7.0,"n2":7.0,"N2":7.0,"length":14.0,"estimated_program_length":24.406371956566694,"purity_ratio":1.7433122826119067,"vocabulary":10.0,"volume":46.50699332842307,"difficulty":1.5,"level":0.6666666666666666,"effort":69.7604899926346,"time":3.875582777368589,"bugs":0.005648742272273707},"loc":{"sloc":7.0,"ploc":7.0,"lloc":0.0,"cloc":0.0,"blank":0.0,"sloc_average":7.0,"ploc_average":7.0,"lloc_average":0.0,"cloc_average":0.0,"blank_average":0.0,"sloc_min":7.0,"sloc_max":7.0,"cloc_min":0.0,"cloc_max":0.0,"ploc_min":7.0,"ploc_max":7.0,"lloc_min":0.0,"lloc_max":0.0,"blank_min":0.0,"blank_max":0.0},"nom":{"functions":0.0,"closures":0.0,"functions_average":0.0,"closures_average":0.0,"total":0.0,"average":0.0,"functions_min":0.0,"functions_max":0.0,"closures_min":0.0,"closures_max":0.0},"mi":{"mi_original":119.28032156899056,"mi_sei":96.48609627061526,"mi_visual_studio":69.75457401695354},"abc":{"assignments":0.0,"branches":0.0,"conditions":0.0,"magnitude":0.0,"assignments_average":0.0,"branches_average":0.0,"conditions_average":0.0,"assignments_min":0.0,"assignments_max":0.0,"branches_min":0.0,"branches_max":0.0,"conditions_min":0.0,"conditions_max":0.0}}},{"name":"c509_extension_ip_resource","start_line":221,"end_line":224,"kind":"struct","spaces":[],"metrics":{"nargs":{"total_functions":0.0,"total_closures":0.0,"average_functions":0.0,"average_closures":0.0,"total":0.0,"average":0.0,"functions_min":0.0,"functions_max":0.0,"closures_min":0.0,"closures_max":0.0},"nexits":{"sum":0.0,"average":null,"min":0.0,"max":0.0},"cognitive":{"sum":0.0,"average":null,"min":0.0,"max":0.0},"cyclomatic":{"sum":1.0,"average":1.0,"min":1.0,"max":1.0},"halstead":{"n1":2.0,"N1":3.0,"n2":4.0,"N2":4.0,"length":7.0,"estimated_program_length":10.0,"purity_ratio":1.4285714285714286,"vocabulary":6.0,"volume":18.094737505048094,"difficulty":1.0,"level":1.0,"effort":18.094737505048094,"time":1.0052631947248942,"bugs":0.0022974545934948596},"loc":{"sloc":4.0,"ploc":4.0,"lloc":0.0,"cloc":0.0,"blank":0.0,"sloc_average":4.0,"ploc_average":4.0,"lloc_average":0.0,"cloc_average":0.0,"blank_average":0.0,"sloc_min":4.0,"sloc_max":4.0,"cloc_min":0.0,"cloc_max":0.0,"ploc_min":4.0,"ploc_max":4.0,"lloc_min":0.0,"lloc_max":0.0,"blank_min":0.0,"blank_max":0.0},"nom":{"functions":0.0,"closures":0.0,"functions_average":0.0,"closures_average":0.0,"total":0.0,"average":0.0,"functions_min":0.0,"functions_max":0.0,"closures_min":0.0,"closures_max":0.0},"mi":{"mi_original":133.25480136767567,"mi_sei":116.64700897518125,"mi_visual_studio":77.92678442554133},"abc":{"assignments":0.0,"branches":0.0,"conditions":0.0,"magnitude":0.0,"assignments_average":0.0,"branches_average":0.0,"conditions_average":0.0,"assignments_min":0.0,"assignments_max":0.0,"branches_min":0.0,"branches_max":0.0,"conditions_min":0.0,"conditions_max":0.0}}},{"name":"c509_extension_ip_resource_vla","start_line":226,"end_line":229,"kind":"struct","spaces":[],"metrics":{"nargs":{"total_functions":0.0,"total_closures":0.0,"average_functions":0.0,"average_closures":0.0,"total":0.0,"average":0.0,"functions_min":0.0,"functions_max":0.0,"closures_min":0.0,"closures_max":0.0},"nexits":{"sum":0.0,"average":null,"min":0.0,"max":0.0},"cognitive":{"sum":0.0,"average":null,"min":0.0,"max":0.0},"cyclomatic":{"sum":1.0,"average":1.0,"min":1.0,"max":1.0},"halstead":{"n1":3.0,"N1":4.0,"n2":5.0,"N2":5.0,"length":9.0,"estimated_program_length":16.36452797660028,"purity_ratio":1.81828088628892,"vocabulary":8.0,"volume":27.0,"difficulty":1.5,"level":0.6666666666666666,"effort":40.5,"time":2.25,"bugs":0.0039311120913133445},"loc":{"sloc":4.0,"ploc":4.0,"lloc":0.0,"cloc":0.0,"blank":0.0,"sloc_average":4.0,"ploc_average":4.0,"lloc_average":0.0,"cloc_average":0.0,"blank_average":0.0,"sloc_min":4.0,"sloc_max":4.0,"cloc_min":0.0,"cloc_max":0.0,"ploc_min":4.0,"ploc_max":4.0,"lloc_min":0.0,"lloc_max":0.0,"blank_min":0.0,"blank_max":0.0},"nom":{"functions":0.0,"closures":0.0,"functions_average":0.0,"closures_average":0.0,"total":0.0,"average":0.0,"functions_min":0.0,"functions_max":0.0,"closures_min":0.0,"closures_max":0.0},"mi":{"mi_original":131.1736796466353,"mi_sei":113.64458498874995,"mi_visual_studio":76.70975417931889},"abc":{"assignments":0.0,"branches":0.0,"conditions":0.0,"magnitude":0.0,"assignments_average":0.0,"branches_average":0.0,"conditions_average":0.0,"assignments_min":0.0,"assignments_max":0.0,"branches_min":0.0,"branches_max":0.0,"conditions_min":0.0,"conditions_max":0.0}}},{"name":"c509_extensions","start_line":243,"end_line":249,"kind":"struct","spaces":[],"metrics":{"nargs":{"total_functions":0.0,"total_closures":0.0,"average_functions":0.0,"average_closures":0.0,"total":0.0,"average":0.0,"functions_min":0.0,"functions_max":0.0,"closures_min":0.0,"closures_max":0.0},"nexits":{"sum":0.0,"average":null,"min":0.0,"max":0.0},"cognitive":{"sum":0.0,"average":null,"min":0.0,"max":0.0},"cyclomatic":{"sum":1.0,"average":1.0,"min":1.0,"max":1.0},"halstead":{"n1":3.0,"N1":7.0,"n2":12.0,"N2":12.0,"length":19.0,"estimated_program_length":47.77443751081734,"purity_ratio":2.5144440795167022,"vocabulary":15.0,"volume":74.23092131656186,"difficulty":1.5,"level":0.6666666666666666,"effort":111.34638197484279,"time":6.185910109713488,"bugs":0.007714885505532188},"loc":{"sloc":7.0,"ploc":7.0,"lloc":0.0,"cloc":0.0,"blank":0.0,"sloc_average":7.0,"ploc_average":7.0,"lloc_average":0.0,"cloc_average":0.0,"blank_average":0.0,"sloc_min":7.0,"sloc_max":7.0,"cloc_min":0.0,"cloc_max":0.0,"ploc_min":7.0,"ploc_max":7.0,"lloc_min":0.0,"lloc_max":0.0,"blank_min":0.0,"blank_max":0.0},"nom":{"functions":0.0,"closures":0.0,"functions_average":0.0,"closures_average":0.0,"total":0.0,"average":0.0,"functions_min":0.0,"functions_max":0.0,"closures_min":0.0,"closures_max":0.0},"mi":{"mi_original":116.84891546326654,"mi_sei":92.97831873950005,"mi_visual_studio":68.33269910132546},"abc":{"assignments":0.0,"branches":0.0,"conditions":0.0,"magnitude":0.0,"assignments_average":0.0,"branches_average":0.0,"conditions_average":0.0,"assignments_min":0.0,"assignments_max":0.0,"branches_min":0.0,"branches_max":0.0,"conditions_min":0.0,"conditions_max":0.0}}},{"name":null,"start_line":289,"end_line":293,"kind":"struct","spaces":[],"metrics":{"nargs":{"total_functions":0.0,"total_closures":0.0,"average_functions":0.0,"average_closures":0.0,"total":0.0,"average":0.0,"functions_min":0.0,"functions_max":0.0,"closures_min":0.0,"closures_max":0.0},"nexits":{"sum":0.0,"average":null,"min":0.0,"max":0.0},"cognitive":{"sum":0.0,"average":null,"min":0.0,"max":0.0},"cyclomatic":{"sum":1.0,"average":1.0,"min":1.0,"max":1.0},"halstead":{"n1":4.0,"N1":7.0,"n2":4.0,"N2":4.0,"length":11.0,"estimated_program_length":16.0,"purity_ratio":1.4545454545454546,"vocabulary":8.0,"volume":33.0,"difficulty":2.0,"level":0.5,"effort":66.0,"time":3.6666666666666665,"bugs":0.0054438736347594795},"loc":{"sloc":5.0,"ploc":5.0,"lloc":0.0,"cloc":0.0,"blank":0.0,"sloc_average":5.0,"ploc_average":5.0,"lloc_average":0.0,"cloc_average":0.0,"blank_average":0.0,"sloc_min":5.0,"sloc_max":5.0,"cloc_min":0.0,"cloc_max":0.0,"ploc_min":5.0,"ploc_max":5.0,"lloc_min":0.0,"lloc_max":0.0,"blank_min":0.0,"blank_max":0.0},"nom":{"functions":0.0,"closures":0.0,"functions_average":0.0,"closures_average":0.0,"total":0.0,"average":0.0,"functions_min":0.0,"functions_max":0.0,"closures_min":0.0,"closures_max":0.0},"mi":{"mi_original":126.51526649894188,"mi_sei":106.92391544216079,"mi_visual_studio":73.9855359642935},"abc":{"assignments":0.0,"branches":0.0,"conditions":0.0,"magnitude":0.0,"assignments_average":0.0,"branches_average":0.0,"conditions_average":0.0,"assignments_min":0.0,"assignments_max":0.0,"branches_min":0.0,"branches_max":0.0,"conditions_min":0.0,"conditions_max":0.0}}},{"name":null,"start_line":295,"end_line":301,"kind":"struct","spaces":[],"metrics":{"nargs":{"total_functions":0.0,"total_closures":0.0,"average_functions":0.0,"average_closures":0.0,"total":0.0,"average":0.0,"functions_min":0.0,"functions_max":0.0,"closures_min":0.0,"closures_max":0.0},"nexits":{"sum":0.0,"average":null,"min":0.0,"max":0.0},"cognitive":{"sum":0.0,"average":null,"min":0.0,"max":0.0},"cyclomatic":{"sum":1.0,"average":1.0,"min":1.0,"max":1.0},"halstead":{"n1":4.0,"N1":12.0,"n2":6.0,"N2":6.0,"length":18.0,"estimated_program_length":23.509775004326936,"purity_ratio":1.3060986113514965,"vocabulary":10.0,"volume":59.79470570797252,"difficulty":2.0,"level":0.5,"effort":119.58941141594504,"time":6.643856189774724,"bugs":0.008091093705353408},"loc":{"sloc":7.0,"ploc":7.0,"lloc":0.0,"cloc":0.0,"blank":0.0,"sloc_average":7.0,"ploc_average":7.0,"lloc_average":0.0,"cloc_average":0.0,"blank_average":0.0,"sloc_min":7.0,"sloc_max":7.0,"cloc_min":0.0,"cloc_max":0.0,"ploc_min":7.0,"ploc_max":7.0,"lloc_min":0.0,"lloc_max":0.0,"blank_min":0.0,"blank_max":0.0},"nom":{"functions":0.0,"closures":0.0,"functions_average":0.0,"closures_average":0.0,"total":0.0,"average":0.0,"functions_min":0.0,"functions_max":0.0,"closures_min":0.0,"closures_max":0.0},"mi":{"mi_original":117.97348654192987,"mi_sei":94.60073185781476,"mi_visual_studio":68.99034300697653},"abc":{"assignments":0.0,"branches":0.0,"conditions":0.0,"magnitude":0.0,"assignments_average":0.0,"branches_average":0.0,"conditions_average":0.0,"assignments_min":0.0,"assignments_max":0.0,"branches_min":0.0,"branches_max":0.0,"conditions_min":0.0,"conditions_max":0.0}}},{"name":"c509_read_issuer","start_line":425,"end_line":429,"kind":"function","spaces":[],"metrics":{"nargs":{"total_functions":3.0,"total_closures":0.0,"average_functions":3.0,"average_closures":0.0,"total":3.0,"average":3.0,"functions_min":3.0,"functions_max":3.0,"closures_min":0.0,"closures_max":0.0},"nexits":{"sum":1.0,"average":1.0,"min":1.0,"max":1.0},"cognitive":{"sum":0.0,"average":0.0,"min":0.0,"max":0.0},"cyclomatic":{"sum":1.0,"average":1.0,"min":1.0,"max":1.0},"halstead":{"n1":7.0,"N1":13.0,"n2":7.0,"N2":10.0,"length":23.0,"estimated_program_length":39.302968908806456,"purity_ratio":1.7088247351654982,"vocabulary":14.0,"volume":87.56916320732489,"difficulty":5.0,"level":0.2,"effort":437.84581603662446,"time":24.32476755759025,"bugs":0.019220272822236643},"loc":{"sloc":5.0,"ploc":5.0,"lloc":1.0,"cloc":0.0,"blank":0.0,"sloc_average":5.0,"ploc_average":5.0,"lloc_average":1.0,"cloc_average":0.0,"blank_average":0.0,"sloc_min":5.0,"sloc_max":5.0,"cloc_min":0.0,"cloc_max":0.0,"ploc_min":5.0,"ploc_max":5.0,"lloc_min":1.0,"lloc_max":1.0,"blank_min":0.0,"blank_max":0.0},"nom":{"functions":1.0,"closures":0.0,"functions_average":1.0,"closures_average":0.0,"total":1.0,"average":1.0,"functions_min":1.0,"functions_max":1.0,"closures_min":0.0,"closures_max":0.0},"mi":{"mi_original":121.44047544606906,"mi_sei":99.60253955663347,"mi_visual_studio":71.017821898286},"abc":{"assignments":0.0,"branches":0.0,"conditions":0.0,"magnitude":0.0,"assignments_average":0.0,"branches_average":0.0,"conditions_average":0.0,"assignments_min":0.0,"assignments_max":0.0,"branches_min":0.0,"branches_max":0.0,"conditions_min":0.0,"conditions_max":0.0}}},{"name":"c509_read_subject","start_line":431,"end_line":435,"kind":"function","spaces":[],"metrics":{"nargs":{"total_functions":3.0,"total_closures":0.0,"average_functions":3.0,"average_closures":0.0,"total":3.0,"average":3.0,"functions_min":3.0,"functions_max":3.0,"closures_min":0.0,"closures_max":0.0},"nexits":{"sum":1.0,"average":1.0,"min":1.0,"max":1.0},"cognitive":{"sum":0.0,"average":0.0,"min":0.0,"max":0.0},"cyclomatic":{"sum":1.0,"average":1.0,"min":1.0,"max":1.0},"halstead":{"n1":7.0,"N1":13.0,"n2":7.0,"N2":10.0,"length":23.0,"estimated_program_length":39.302968908806456,"purity_ratio":1.7088247351654982,"vocabulary":14.0,"volume":87.56916320732489,"difficulty":5.0,"level":0.2,"effort":437.84581603662446,"time":24.32476755759025,"bugs":0.019220272822236643},"loc":{"sloc":5.0,"ploc":5.0,"lloc":1.0,"cloc":0.0,"blank":0.0,"sloc_average":5.0,"ploc_average":5.0,"lloc_average":1.0,"cloc_average":0.0,"blank_average":0.0,"sloc_min":5.0,"sloc_max":5.0,"cloc_min":0.0,"cloc_max":0.0,"ploc_min":5.0,"ploc_max":5.0,"lloc_min":1.0,"lloc_max":1.0,"blank_min":0.0,"blank_max":0.0},"nom":{"functions":1.0,"closures":0.0,"functions_average":1.0,"closures_average":0.0,"total":1.0,"average":1.0,"functions_min":1.0,"functions_max":1.0,"closures_min":0.0,"closures_max":0.0},"mi":{"mi_original":121.44047544606906,"mi_sei":99.60253955663347,"mi_visual_studio":71.017821898286},"abc":{"assignments":0.0,"branches":0.0,"conditions":0.0,"magnitude":0.0,"assignments_average":0.0,"branches_average":0.0,"conditions_average":0.0,"assignments_min":0.0,"assignments_max":0.0,"branches_min":0.0,"branches_max":0.0,"conditions_min":0.0,"conditions_max":0.0}}},{"name":null,"start_line":561,"end_line":573,"kind":"struct","spaces":[],"metrics":{"nargs":{"total_functions":0.0,"total_closures":0.0,"average_functions":0.0,"average_closures":0.0,"total":0.0,"average":0.0,"functions_min":0.0,"functions_max":0.0,"closures_min":0.0,"closures_max":0.0},"nexits":{"sum":0.0,"average":null,"min":0.0,"max":0.0},"cognitive":{"sum":0.0,"average":null,"min":0.0,"max":0.0},"cyclomatic":{"sum":1.0,"average":1.0,"min":1.0,"max":1.0},"halstead":{"n1":4.0,"N1":21.0,"n2":16.0,"N2":17.0,"length":38.0,"estimated_program_length":72.0,"purity_ratio":1.894736842105263,"vocabulary":20.0,"volume":164.2332676057198,"difficulty":2.125,"level":0.47058823529411764,"effort":348.99569366215457,"time":19.388649647897477,"bugs":0.01652312255202943},"loc":{"sloc":13.0,"ploc":13.0,"lloc":0.0,"cloc":0.0,"blank":0.0,"sloc_average":13.0,"ploc_average":13.0,"lloc_average":0.0,"cloc_average":0.0,"blank_average":0.0,"sloc_min":13.0,"sloc_max":13.0,"cloc_min":0.0,"cloc_max":0.0,"ploc_min":13.0,"ploc_max":13.0,"lloc_min":0.0,"lloc_max":0.0,"blank_min":0.0,"blank_max":0.0},"nom":{"functions":0.0,"closures":0.0,"functions_average":0.0,"closures_average":0.0,"total":0.0,"average":0.0,"functions_min":0.0,"functions_max":0.0,"closures_min":0.0,"closures_max":0.0},"mi":{"mi_original":102.69112394962352,"mi_sei":72.55294313282742,"mi_visual_studio":60.05328885942896},"abc":{"assignments":0.0,"branches":0.0,"conditions":0.0,"magnitude":0.0,"assignments_average":0.0,"branches_average":0.0,"conditions_average":0.0,"assignments_min":0.0,"assignments_max":0.0,"branches_min":0.0,"branches_max":0.0,"conditions_min":0.0,"conditions_max":0.0}}}],"metrics":{"nargs":{"total_functions":6.0,"total_closures":0.0,"average_functions":3.0,"average_closures":0.0,"total":6.0,"average":3.0,"functions_min":0.0,"functions_max":3.0,"closures_min":0.0,"closures_max":0.0},"nexits":{"sum":2.0,"average":1.0,"min":0.0,"max":1.0},"cognitive":{"sum":0.0,"average":0.0,"min":0.0,"max":0.0},"cyclomatic":{"sum":24.0,"average":1.0,"min":1.0,"max":1.0},"halstead":{"n1":9.0,"N1":951.0,"n2":270.0,"N2":684.0,"length":1635.0,"estimated_program_length":2209.269536216705,"purity_ratio":1.3512351903466087,"vocabulary":279.0,"volume":13282.93834484072,"difficulty":11.4,"level":0.08771929824561403,"effort":151425.4971311842,"time":8412.527618399123,"bugs":0.9469885995028626},"loc":{"sloc":583.0,"ploc":442.0,"lloc":95.0,"cloc":3.0,"blank":138.0,"sloc_average":24.291666666666668,"ploc_average":18.416666666666668,"lloc_average":3.9583333333333335,"cloc_average":0.125,"blank_average":5.75,"sloc_min":4.0,"sloc_max":13.0,"cloc_min":0.0,"cloc_max":0.0,"ploc_min":4.0,"ploc_max":13.0,"lloc_min":0.0,"lloc_max":1.0,"blank_min":0.0,"blank_max":0.0},"nom":{"functions":2.0,"closures":0.0,"functions_average":0.08333333333333333,"closures_average":0.0,"total":2.0,"average":0.08333333333333333,"functions_min":0.0,"functions_max":1.0,"closures_min":0.0,"closures_max":0.0},"mi":{"mi_original":12.945342151916918,"mi_sei":-49.03591604856714,"mi_visual_studio":7.570375527436794},"abc":{"assignments":0.0,"branches":0.0,"conditions":0.0,"magnitude":0.0,"assignments_average":0.0,"branches_average":0.0,"conditions_average":0.0,"assignments_min":0.0,"assignments_max":0.0,"branches_min":0.0,"branches_max":0.0,"conditions_min":0.0,"conditions_max":0.0}}}