{"name":"./src/c509_to_x509.c","start_line":1,"end_line":1059,"kind":"unit","spaces":[{"name":"_parse_utc","start_line":20,"end_line":36,"kind":"function","spaces":[{"name":"tm","start_line":23,"end_line":23,"kind":"struct","spaces":[],"metrics":{"nargs":{"total_functions":0.0,"total_closures":0.0,"average_functions":0.0,"average_closures":0.0,"total":0.0,"average":0.0,"functions_min":0.0,"functions_max":0.0,"closures_min":0.0,"closures_max":0.0},"nexits":{"sum":0.0,"average":null,"min":0.0,"max":0.0},"cognitive":{"sum":0.0,"average":null,"min":0.0,"max":0.0},"cyclomatic":{"sum":1.0,"average":1.0,"min":1.0,"max":1.0},"halstead":{"n1":0.0,"N1":0.0,"n2":1.0,"N2":1.0,"length":1.0,"estimated_program_length":null,"purity_ratio":null,"vocabulary":1.0,"volume":0.0,"difficulty":0.0,"level":null,"effort":0.0,"time":0.0,"bugs":0.0},"loc":{"sloc":1.0,"ploc":1.0,"lloc":0.0,"cloc":0.0,"blank":0.0,"sloc_average":1.0,"ploc_average":1.0,"lloc_average":0.0,"cloc_average":0.0,"blank_average":0.0,"sloc_min":1.0,"sloc_max":1.0,"cloc_min":0.0,"cloc_max":0.0,"ploc_min":1.0,"ploc_max":1.0,"lloc_min":0.0,"lloc_max":0.0,"blank_min":0.0,"blank_max":0.0},"nom":{"functions":0.0,"closures":0.0,"functions_average":0.0,"closures_average":0.0,"total":0.0,"average":0.0,"functions_min":0.0,"functions_max":0.0,"closures_min":0.0,"closures_max":0.0},"mi":{"mi_original":null,"mi_sei":null,"mi_visual_studio":null},"abc":{"assignments":0.0,"branches":0.0,"conditions":0.0,"magnitude":0.0,"assignments_average":0.0,"branches_average":0.0,"conditions_average":0.0,"assignments_min":0.0,"assignments_max":0.0,"branches_min":0.0,"branches_max":0.0,"conditions_min":0.0,"conditions_max":0.0}}}],"metrics":{"nargs":{"total_functions":2.0,"total_closures":0.0,"average_functions":2.0,"average_closures":0.0,"total":2.0,"average":2.0,"functions_min":0.0,"functions_max":2.0,"closures_min":0.0,"closures_max":0.0},"nexits":{"sum":1.0,"average":1.0,"min":0.0,"max":1.0},"cognitive":{"sum":1.0,"average":1.0,"min":0.0,"max":1.0},"cyclomatic":{"sum":3.0,"average":1.5,"min":1.0,"max":2.0},"halstead":{"n1":17.0,"N1":105.0,"n2":29.0,"N2":85.0,"length":190.0,"estimated_program_length":210.36831715995532,"purity_ratio":1.1072016692629227,"vocabulary":46.0,"volume":1049.4767716508325,"difficulty":24.913793103448278,"level":0.04013840830449827,"effort":26146.447155783673,"time":1452.5803975435374,"bugs":0.29364359659778627},"loc":{"sloc":17.0,"ploc":17.0,"lloc":20.0,"cloc":0.0,"blank":0.0,"sloc_average":8.5,"ploc_average":8.5,"lloc_average":10.0,"cloc_average":0.0,"blank_average":0.0,"sloc_min":1.0,"sloc_max":1.0,"cloc_min":0.0,"cloc_max":0.0,"ploc_min":1.0,"ploc_max":1.0,"lloc_min":0.0,"lloc_max":0.0,"blank_min":0.0,"blank_max":0.0},"nom":{"functions":1.0,"closures":0.0,"functions_average":0.5,"closures_average":0.0,"total":1.0,"average":0.5,"functions_min":0.0,"functions_max":1.0,"closures_min":0.0,"closures_max":0.0},"mi":{"mi_original":88.24049939384633,"mi_sei":51.908738467268336,"mi_visual_studio":51.60263122447154},"abc":{"assignments":0.0,"branches":0.0,"conditions":0.0,"magnitude":0.0,"assignments_average":0.0,"branches_average":0.0,"conditions_average":0.0,"assignments_min":0.0,"assignments_max":0.0,"branches_min":0.0,"branches_max":0.0,"conditions_min":0.0,"conditions_max":0.0}}},{"name":"_enc_signature_value","start_line":38,"end_line":122,"kind":"function","spaces":[],"metrics":{"nargs":{"total_functions":5.0,"total_closures":0.0,"average_functions":5.0,"average_closures":0.0,"total":5.0,"average":5.0,"functions_min":5.0,"functions_max":5.0,"closures_min":0.0,"closures_max":0.0},"nexits":{"sum":16.0,"average":16.0,"min":16.0,"max":16.0},"cognitive":{"sum":35.0,"average":35.0,"min":35.0,"max":35.0},"cyclomatic":{"sum":19.0,"average":19.0,"min":19.0,"max":19.0},"halstead":{"n1":19.0,"N1":316.0,"n2":41.0,"N2":188.0,"length":504.0,"estimated_program_length":300.37025494476956,"purity_ratio":0.595972728065019,"vocabulary":60.0,"volume":2977.0728601866936,"difficulty":43.5609756097561,"level":0.02295632698768197,"effort":129684.19825105938,"time":7204.67768061441,"bugs":0.8540240866291712},"loc":{"sloc":85.0,"ploc":84.0,"lloc":59.0,"cloc":0.0,"blank":1.0,"sloc_average":85.0,"ploc_average":84.0,"lloc_average":59.0,"cloc_average":0.0,"blank_average":1.0,"sloc_min":85.0,"sloc_max":85.0,"cloc_min":0.0,"cloc_max":0.0,"ploc_min":84.0,"ploc_max":84.0,"lloc_min":59.0,"lloc_max":59.0,"blank_min":1.0,"blank_max":1.0},"nom":{"functions":1.0,"closures":0.0,"functions_average":1.0,"closures_average":0.0,"total":1.0,"average":1.0,"functions_min":1.0,"functions_max":1.0,"closures_min":0.0,"closures_max":0.0},"mi":{"mi_original":53.06583130243054,"mi_sei":2.791536997338895,"mi_visual_studio":31.032649884462305},"abc":{"assignments":0.0,"branches":0.0,"conditions":0.0,"magnitude":0.0,"assignments_average":0.0,"branches_average":0.0,"conditions_average":0.0,"assignments_min":0.0,"assignments_max":0.0,"branches_min":0.0,"branches_max":0.0,"conditions_min":0.0,"conditions_max":0.0}}},{"name":"_enc_signature_algorithm","start_line":124,"end_line":166,"kind":"function","spaces":[],"metrics":{"nargs":{"total_functions":5.0,"total_closures":0.0,"average_functions":5.0,"average_closures":0.0,"total":5.0,"average":5.0,"functions_min":5.0,"functions_max":5.0,"closures_min":0.0,"closures_max":0.0},"nexits":{"sum":8.0,"average":8.0,"min":8.0,"max":8.0},"cognitive":{"sum":12.0,"average":12.0,"min":12.0,"max":12.0},"cyclomatic":{"sum":10.0,"average":10.0,"min":10.0,"max":10.0},"halstead":{"n1":18.0,"N1":168.0,"n2":30.0,"N2":99.0,"length":267.0,"estimated_program_length":222.26536789421718,"purity_ratio":0.8324545614015625,"vocabulary":48.0,"volume":1491.1849876925487,"difficulty":29.7,"level":0.03367003367003367,"effort":44288.19413446869,"time":2460.455229692705,"bugs":0.4172574119857798},"loc":{"sloc":43.0,"ploc":43.0,"lloc":29.0,"cloc":0.0,"blank":0.0,"sloc_average":43.0,"ploc_average":43.0,"lloc_average":29.0,"cloc_average":0.0,"blank_average":0.0,"sloc_min":43.0,"sloc_max":43.0,"cloc_min":0.0,"cloc_max":0.0,"ploc_min":43.0,"ploc_max":43.0,"lloc_min":29.0,"lloc_max":29.0,"blank_min":0.0,"blank_max":0.0},"nom":{"functions":1.0,"closures":0.0,"functions_average":1.0,"closures_average":0.0,"total":1.0,"average":1.0,"functions_min":1.0,"functions_max":1.0,"closures_min":0.0,"closures_max":0.0},"mi":{"mi_original":69.77046096736947,"mi_sei":25.9748446401928,"mi_visual_studio":40.80143916220437},"abc":{"assignments":0.0,"branches":0.0,"conditions":0.0,"magnitude":0.0,"assignments_average":0.0,"branches_average":0.0,"conditions_average":0.0,"assignments_min":0.0,"assignments_max":0.0,"branches_min":0.0,"branches_max":0.0,"conditions_min":0.0,"conditions_max":0.0}}},{"name":"_enc_extension_ip_resource","start_line":168,"end_line":259,"kind":"function","spaces":[],"metrics":{"nargs":{"total_functions":3.0,"total_closures":0.0,"average_functions":3.0,"average_closures":0.0,"total":3.0,"average":3.0,"functions_min":3.0,"functions_max":3.0,"closures_min":0.0,"closures_max":0.0},"nexits":{"sum":15.0,"average":15.0,"min":15.0,"max":15.0},"cognitive":{"sum":58.0,"average":58.0,"min":58.0,"max":58.0},"cyclomatic":{"sum":22.0,"average":22.0,"min":22.0,"max":22.0},"halstead":{"n1":26.0,"N1":367.0,"n2":46.0,"N2":224.0,"length":591.0,"estimated_program_length":376.29528265029097,"purity_ratio":0.6367094461087833,"vocabulary":72.0,"volume":3646.4256758524066,"difficulty":63.30434782608695,"level":0.015796703296703296,"effort":230834.59930613494,"time":12824.144405896386,"bugs":1.2543325195464083},"loc":{"sloc":92.0,"ploc":91.0,"lloc":60.0,"cloc":1.0,"blank":0.0,"sloc_average":92.0,"ploc_average":91.0,"lloc_average":60.0,"cloc_average":1.0,"blank_average":0.0,"sloc_min":92.0,"sloc_max":92.0,"cloc_min":1.0,"cloc_max":1.0,"ploc_min":91.0,"ploc_max":91.0,"lloc_min":60.0,"lloc_max":60.0,"blank_min":0.0,"blank_max":0.0},"nom":{"functions":1.0,"closures":0.0,"functions_average":1.0,"closures_average":0.0,"total":1.0,"average":1.0,"functions_min":1.0,"functions_max":1.0,"closures_min":0.0,"closures_max":0.0},"mi":{"mi_original":50.03921101236868,"mi_sei":6.771168929767558,"mi_visual_studio":29.262696498461214},"abc":{"assignments":0.0,"branches":0.0,"conditions":0.0,"magnitude":0.0,"assignments_average":0.0,"branches_average":0.0,"conditions_average":0.0,"assignments_min":0.0,"assignments_max":0.0,"branches_min":0.0,"branches_max":0.0,"conditions_min":0.0,"conditions_max":0.0}}},{"name":"_enc_extension_key_usage","start_line":261,"end_line":287,"kind":"function","spaces":[],"metrics":{"nargs":{"total_functions":3.0,"total_closures":0.0,"average_functions":3.0,"average_closures":0.0,"total":3.0,"average":3.0,"functions_min":3.0,"functions_max":3.0,"closures_min":0.0,"closures_max":0.0},"nexits":{"sum":3.0,"average":3.0,"min":3.0,"max":3.0},"cognitive":{"sum":2.0,"average":2.0,"min":2.0,"max":2.0},"cyclomatic":{"sum":3.0,"average":3.0,"min":3.0,"max":3.0},"halstead":{"n1":21.0,"N1":151.0,"n2":34.0,"N2":71.0,"length":222.0,"estimated_program_length":265.21240248086553,"purity_ratio":1.1946504616255205,"vocabulary":55.0,"volume":1283.4618564024745,"difficulty":21.926470588235293,"level":0.04560697518443997,"effort":28141.788645530727,"time":1563.432702529485,"bugs":0.30839917667549777},"loc":{"sloc":27.0,"ploc":27.0,"lloc":13.0,"cloc":1.0,"blank":0.0,"sloc_average":27.0,"ploc_average":27.0,"lloc_average":13.0,"cloc_average":1.0,"blank_average":0.0,"sloc_min":27.0,"sloc_max":27.0,"cloc_min":1.0,"cloc_max":1.0,"ploc_min":27.0,"ploc_max":27.0,"lloc_min":13.0,"lloc_max":13.0,"blank_min":0.0,"blank_max":0.0},"nom":{"functions":1.0,"closures":0.0,"functions_average":1.0,"closures_average":0.0,"total":1.0,"average":1.0,"functions_min":1.0,"functions_max":1.0,"closures_min":0.0,"closures_max":0.0},"mi":{"mi_original":79.69939810721408,"mi_sei":54.273787091299646,"mi_visual_studio":46.60783515041759},"abc":{"assignments":0.0,"branches":0.0,"conditions":0.0,"magnitude":0.0,"assignments_average":0.0,"branches_average":0.0,"conditions_average":0.0,"assignments_min":0.0,"assignments_max":0.0,"branches_min":0.0,"branches_max":0.0,"conditions_min":0.0,"conditions_max":0.0}}},{"name":"_enc_extension_basic_constraints","start_line":289,"end_line":312,"kind":"function","spaces":[],"metrics":{"nargs":{"total_functions":3.0,"total_closures":0.0,"average_functions":3.0,"average_closures":0.0,"total":3.0,"average":3.0,"functions_min":3.0,"functions_max":3.0,"closures_min":0.0,"closures_max":0.0},"nexits":{"sum":5.0,"average":5.0,"min":5.0,"max":5.0},"cognitive":{"sum":8.0,"average":8.0,"min":8.0,"max":8.0},"cyclomatic":{"sum":7.0,"average":7.0,"min":7.0,"max":7.0},"halstead":{"n1":14.0,"N1":90.0,"n2":17.0,"N2":48.0,"length":138.0,"estimated_program_length":122.78983721006222,"purity_ratio":0.8897814290584218,"vocabulary":31.0,"volume":683.6790908333887,"difficulty":19.764705882352942,"level":0.050595238095238096,"effort":13512.71614823639,"time":750.7064526797994,"bugs":0.1891068154746504},"loc":{"sloc":24.0,"ploc":24.0,"lloc":14.0,"cloc":0.0,"blank":0.0,"sloc_average":24.0,"ploc_average":24.0,"lloc_average":14.0,"cloc_average":0.0,"blank_average":0.0,"sloc_min":24.0,"sloc_max":24.0,"cloc_min":0.0,"cloc_max":0.0,"ploc_min":24.0,"ploc_max":24.0,"lloc_min":14.0,"lloc_max":14.0,"blank_min":0.0,"blank_max":0.0},"nom":{"functions":1.0,"closures":0.0,"functions_average":1.0,"closures_average":0.0,"total":1.0,"average":1.0,"functions_min":1.0,"functions_max":1.0,"closures_min":0.0,"closures_max":0.0},"mi":{"mi_original":83.9625870095382,"mi_sei":46.144294922687365,"mi_visual_studio":49.10092807575334},"abc":{"assignments":0.0,"branches":0.0,"conditions":0.0,"magnitude":0.0,"assignments_average":0.0,"branches_average":0.0,"conditions_average":0.0,"assignments_min":0.0,"assignments_max":0.0,"branches_min":0.0,"branches_max":0.0,"conditions_min":0.0,"conditions_max":0.0}}},{"name":"_enc_extension_authority_key_identifier","start_line":314,"end_line":340,"kind":"function","spaces":[],"metrics":{"nargs":{"total_functions":3.0,"total_closures":0.0,"average_functions":3.0,"average_closures":0.0,"total":3.0,"average":3.0,"functions_min":3.0,"functions_max":3.0,"closures_min":0.0,"closures_max":0.0},"nexits":{"sum":6.0,"average":6.0,"min":6.0,"max":6.0},"cognitive":{"sum":11.0,"average":11.0,"min":11.0,"max":11.0},"cyclomatic":{"sum":7.0,"average":7.0,"min":7.0,"max":7.0},"halstead":{"n1":15.0,"N1":107.0,"n2":17.0,"N2":60.0,"length":167.0,"estimated_program_length":128.09022723538357,"purity_ratio":0.7670073487148716,"vocabulary":32.0,"volume":835.0,"difficulty":26.470588235294116,"level":0.03777777777777778,"effort":22102.941176470587,"time":1227.9411764705883,"bugs":0.2625299105180764},"loc":{"sloc":27.0,"ploc":27.0,"lloc":17.0,"cloc":0.0,"blank":0.0,"sloc_average":27.0,"ploc_average":27.0,"lloc_average":17.0,"cloc_average":0.0,"blank_average":0.0,"sloc_min":27.0,"sloc_max":27.0,"cloc_min":0.0,"cloc_max":0.0,"ploc_min":27.0,"ploc_max":27.0,"lloc_min":17.0,"lloc_max":17.0,"blank_min":0.0,"blank_max":0.0},"nom":{"functions":1.0,"closures":0.0,"functions_average":1.0,"closures_average":0.0,"total":1.0,"average":1.0,"functions_min":1.0,"functions_max":1.0,"closures_min":0.0,"closures_max":0.0},"mi":{"mi_original":81.01479780150541,"mi_sei":41.89153405067246,"mi_visual_studio":47.37707473772246},"abc":{"assignments":0.0,"branches":0.0,"conditions":0.0,"magnitude":0.0,"assignments_average":0.0,"branches_average":0.0,"conditions_average":0.0,"assignments_min":0.0,"assignments_max":0.0,"branches_min":0.0,"branches_max":0.0,"conditions_min":0.0,"conditions_max":0.0}}},{"name":"_enc_extension_subject_key_identifier","start_line":342,"end_line":352,"kind":"function","spaces":[],"metrics":{"nargs":{"total_functions":3.0,"total_closures":0.0,"average_functions":3.0,"average_closures":0.0,"total":3.0,"average":3.0,"functions_min":3.0,"functions_max":3.0,"closures_min":0.0,"closures_max":0.0},"nexits":{"sum":2.0,"average":2.0,"min":2.0,"max":2.0},"cognitive":{"sum":1.0,"average":1.0,"min":1.0,"max":1.0},"cyclomatic":{"sum":2.0,"average":2.0,"min":2.0,"max":2.0},"halstead":{"n1":14.0,"N1":43.0,"n2":12.0,"N2":23.0,"length":66.0,"estimated_program_length":96.32251891746033,"purity_ratio":1.459432104810005,"vocabulary":26.0,"volume":310.22902139731207,"difficulty":13.416666666666666,"level":0.07453416149068323,"effort":4162.239370413937,"time":231.23552057855204,"bugs":0.08625086260463036},"loc":{"sloc":11.0,"ploc":11.0,"lloc":6.0,"cloc":0.0,"blank":0.0,"sloc_average":11.0,"ploc_average":11.0,"lloc_average":6.0,"cloc_average":0.0,"blank_average":0.0,"sloc_min":11.0,"sloc_max":11.0,"cloc_min":0.0,"cloc_max":0.0,"ploc_min":11.0,"ploc_max":11.0,"lloc_min":6.0,"lloc_max":6.0,"blank_min":0.0,"blank_max":0.0},"nom":{"functions":1.0,"closures":0.0,"functions_average":1.0,"closures_average":0.0,"total":1.0,"average":1.0,"functions_min":1.0,"functions_max":1.0,"closures_min":0.0,"closures_max":0.0},"mi":{"mi_original":101.86008040289514,"mi_sei":71.45582058860411,"mi_visual_studio":59.56729848122522},"abc":{"assignments":0.0,"branches":0.0,"conditions":0.0,"magnitude":0.0,"assignments_average":0.0,"branches_average":0.0,"conditions_average":0.0,"assignments_min":0.0,"assignments_max":0.0,"branches_min":0.0,"branches_max":0.0,"conditions_min":0.0,"conditions_max":0.0}}},{"name":"_enc_extension","start_line":354,"end_line":385,"kind":"function","spaces":[],"metrics":{"nargs":{"total_functions":4.0,"total_closures":0.0,"average_functions":4.0,"average_closures":0.0,"total":4.0,"average":4.0,"functions_min":4.0,"functions_max":4.0,"closures_min":0.0,"closures_max":0.0},"nexits":{"sum":8.0,"average":8.0,"min":8.0,"max":8.0},"cognitive":{"sum":9.0,"average":9.0,"min":9.0,"max":9.0},"cyclomatic":{"sum":9.0,"average":9.0,"min":9.0,"max":9.0},"halstead":{"n1":16.0,"N1":129.0,"n2":24.0,"N2":70.0,"length":199.0,"estimated_program_length":174.03910001730776,"purity_ratio":0.8745683417955163,"vocabulary":40.0,"volume":1059.0636908825852,"difficulty":23.333333333333332,"level":0.04285714285714286,"effort":24711.486120593654,"time":1372.8603400329807,"bugs":0.2827990772467587},"loc":{"sloc":32.0,"ploc":32.0,"lloc":20.0,"cloc":0.0,"blank":0.0,"sloc_average":32.0,"ploc_average":32.0,"lloc_average":20.0,"cloc_average":0.0,"blank_average":0.0,"sloc_min":32.0,"sloc_max":32.0,"cloc_min":0.0,"cloc_max":0.0,"ploc_min":32.0,"ploc_max":32.0,"lloc_min":20.0,"lloc_max":20.0,"blank_min":0.0,"blank_max":0.0},"nom":{"functions":1.0,"closures":0.0,"functions_average":1.0,"closures_average":0.0,"total":1.0,"average":1.0,"functions_min":1.0,"functions_max":1.0,"closures_min":0.0,"closures_max":0.0},"mi":{"mi_original":76.5663478460436,"mi_sei":35.67741707909386,"mi_visual_studio":44.775642015230176},"abc":{"assignments":0.0,"branches":0.0,"conditions":0.0,"magnitude":0.0,"assignments_average":0.0,"branches_average":0.0,"conditions_average":0.0,"assignments_min":0.0,"assignments_max":0.0,"branches_min":0.0,"branches_max":0.0,"conditions_min":0.0,"conditions_max":0.0}}},{"name":"_enc_extensions","start_line":387,"end_line":489,"kind":"function","spaces":[],"metrics":{"nargs":{"total_functions":4.0,"total_closures":0.0,"average_functions":4.0,"average_closures":0.0,"total":4.0,"average":4.0,"functions_min":4.0,"functions_max":4.0,"closures_min":0.0,"closures_max":0.0},"nexits":{"sum":18.0,"average":18.0,"min":18.0,"max":18.0},"cognitive":{"sum":46.0,"average":46.0,"min":46.0,"max":46.0},"cyclomatic":{"sum":24.0,"average":24.0,"min":24.0,"max":24.0},"halstead":{"n1":22.0,"N1":405.0,"n2":56.0,"N2":249.0,"length":654.0,"estimated_program_length":423.3193712452463,"purity_ratio":0.6472773260630678,"vocabulary":78.0,"volume":4110.653051135911,"difficulty":48.910714285714285,"level":0.020445418035779483,"effort":201054.9769118082,"time":11169.720939544899,"bugs":1.143989304187417},"loc":{"sloc":103.0,"ploc":101.0,"lloc":65.0,"cloc":2.0,"blank":0.0,"sloc_average":103.0,"ploc_average":101.0,"lloc_average":65.0,"cloc_average":2.0,"blank_average":0.0,"sloc_min":103.0,"sloc_max":103.0,"cloc_min":2.0,"cloc_max":2.0,"ploc_min":101.0,"ploc_max":101.0,"lloc_min":65.0,"lloc_max":65.0,"blank_min":0.0,"blank_max":0.0},"nom":{"functions":1.0,"closures":0.0,"functions_average":1.0,"closures_average":0.0,"total":1.0,"average":1.0,"functions_min":1.0,"functions_max":1.0,"closures_min":0.0,"closures_max":0.0},"mi":{"mi_original":47.126437012619675,"mi_sei":5.442003292793363,"mi_visual_studio":27.55931989042086},"abc":{"assignments":0.0,"branches":0.0,"conditions":0.0,"magnitude":0.0,"assignments_average":0.0,"branches_average":0.0,"conditions_average":0.0,"assignments_min":0.0,"assignments_max":0.0,"branches_min":0.0,"branches_max":0.0,"conditions_min":0.0,"conditions_max":0.0}}},{"name":"_mbedtls_ecp_get_group_id","start_line":491,"end_line":503,"kind":"function","spaces":[],"metrics":{"nargs":{"total_functions":1.0,"total_closures":0.0,"average_functions":1.0,"average_closures":0.0,"total":1.0,"average":1.0,"functions_min":1.0,"functions_max":1.0,"closures_min":0.0,"closures_max":0.0},"nexits":{"sum":4.0,"average":4.0,"min":4.0,"max":4.0},"cognitive":{"sum":3.0,"average":3.0,"min":3.0,"max":3.0},"cyclomatic":{"sum":4.0,"average":4.0,"min":4.0,"max":4.0},"halstead":{"n1":6.0,"N1":22.0,"n2":11.0,"N2":14.0,"length":36.0,"estimated_program_length":53.5635228093372,"purity_ratio":1.4878756335927,"vocabulary":17.0,"volume":147.14866228501222,"difficulty":3.8181818181818183,"level":0.2619047619047619,"effort":561.8403469064103,"time":31.213352605911684,"bugs":0.02269624587520324},"loc":{"sloc":13.0,"ploc":13.0,"lloc":7.0,"cloc":0.0,"blank":0.0,"sloc_average":13.0,"ploc_average":13.0,"lloc_average":7.0,"cloc_average":0.0,"blank_average":0.0,"sloc_min":13.0,"sloc_max":13.0,"cloc_min":0.0,"cloc_max":0.0,"ploc_min":13.0,"ploc_max":13.0,"lloc_min":7.0,"lloc_max":7.0,"blank_min":0.0,"blank_max":0.0},"nom":{"functions":1.0,"closures":0.0,"functions_average":1.0,"closures_average":0.0,"total":1.0,"average":1.0,"functions_min":1.0,"functions_max":1.0,"closures_min":0.0,"closures_max":0.0},"mi":{"mi_original":102.57231481329782,"mi_sei":72.68699735925144,"mi_visual_studio":59.983809832337904},"abc":{"assignments":0.0,"branches":0.0,"conditions":0.0,"magnitude":0.0,"assignments_average":0.0,"branches_average":0.0,"conditions_average":0.0,"assignments_min":0.0,"assignments_max":0.0,"branches_min":0.0,"branches_max":0.0,"conditions_min":0.0,"conditions_max":0.0}}},{"name":"_enc_subject_public_key_info","start_line":505,"end_line":629,"kind":"function","spaces":[],"metrics":{"nargs":{"total_functions":4.0,"total_closures":0.0,"average_functions":4.0,"average_closures":0.0,"total":4.0,"average":4.0,"functions_min":4.0,"functions_max":4.0,"closures_min":0.0,"closures_max":0.0},"nexits":{"sum":28.0,"average":28.0,"min":28.0,"max":28.0},"cognitive":{"sum":52.0,"average":52.0,"min":52.0,"max":52.0},"cyclomatic":{"sum":33.0,"average":33.0,"min":33.0,"max":33.0},"halstead":{"n1":27.0,"N1":518.0,"n2":60.0,"N2":313.0,"length":831.0,"estimated_program_length":482.7953982949248,"purity_ratio":0.5809812253849878,"vocabulary":87.0,"volume":5354.086045050293,"difficulty":70.425,"level":0.014199503017394392,"effort":377061.5097226669,"time":20947.86165125927,"bugs":1.739750139522309},"loc":{"sloc":125.0,"ploc":125.0,"lloc":86.0,"cloc":0.0,"blank":0.0,"sloc_average":125.0,"ploc_average":125.0,"lloc_average":86.0,"cloc_average":0.0,"blank_average":0.0,"sloc_min":125.0,"sloc_max":125.0,"cloc_min":0.0,"cloc_max":0.0,"ploc_min":125.0,"ploc_max":125.0,"lloc_min":86.0,"lloc_max":86.0,"blank_min":0.0,"blank_max":0.0},"nom":{"functions":1.0,"closures":0.0,"functions_average":1.0,"closures_average":0.0,"total":1.0,"average":1.0,"functions_min":1.0,"functions_max":1.0,"closures_min":0.0,"closures_max":0.0},"mi":{"mi_original":40.54611792106675,"mi_sei":-13.845113379643365,"mi_visual_studio":23.71118007079927},"abc":{"assignments":0.0,"branches":0.0,"conditions":0.0,"magnitude":0.0,"assignments_average":0.0,"branches_average":0.0,"conditions_average":0.0,"assignments_min":0.0,"assignments_max":0.0,"branches_min":0.0,"branches_max":0.0,"conditions_min":0.0,"conditions_max":0.0}}},{"name":"_enc_validity","start_line":631,"end_line":678,"kind":"function","spaces":[],"metrics":{"nargs":{"total_functions":4.0,"total_closures":0.0,"average_functions":4.0,"average_closures":0.0,"total":4.0,"average":4.0,"functions_min":4.0,"functions_max":4.0,"closures_min":0.0,"closures_max":0.0},"nexits":{"sum":10.0,"average":10.0,"min":10.0,"max":10.0},"cognitive":{"sum":9.0,"average":9.0,"min":9.0,"max":9.0},"cyclomatic":{"sum":10.0,"average":10.0,"min":10.0,"max":10.0},"halstead":{"n1":16.0,"N1":201.0,"n2":28.0,"N2":115.0,"length":316.0,"estimated_program_length":198.6059378176129,"purity_ratio":0.628499803220294,"vocabulary":44.0,"volume":1725.180391489386,"difficulty":32.857142857142854,"level":0.030434782608695653,"effort":56684.49857750839,"time":3149.138809861577,"bugs":0.49187522851946264},"loc":{"sloc":48.0,"ploc":48.0,"lloc":33.0,"cloc":0.0,"blank":0.0,"sloc_average":48.0,"ploc_average":48.0,"lloc_average":33.0,"cloc_average":0.0,"blank_average":0.0,"sloc_min":48.0,"sloc_max":48.0,"cloc_min":0.0,"cloc_max":0.0,"ploc_min":48.0,"ploc_max":48.0,"lloc_min":33.0,"lloc_max":33.0,"blank_min":0.0,"blank_max":0.0},"nom":{"functions":1.0,"closures":0.0,"functions_average":1.0,"closures_average":0.0,"total":1.0,"average":1.0,"functions_min":1.0,"functions_max":1.0,"closures_min":0.0,"closures_max":0.0},"mi":{"mi_original":67.23049174966553,"mi_sei":22.310443645800703,"mi_visual_studio":39.316077046588035},"abc":{"assignments":0.0,"branches":0.0,"conditions":0.0,"magnitude":0.0,"assignments_average":0.0,"branches_average":0.0,"conditions_average":0.0,"assignments_min":0.0,"assignments_max":0.0,"branches_min":0.0,"branches_max":0.0,"conditions_min":0.0,"conditions_max":0.0}}},{"name":"_enc_name","start_line":680,"end_line":732,"kind":"function","spaces":[],"metrics":{"nargs":{"total_functions":4.0,"total_closures":0.0,"average_functions":4.0,"average_closures":0.0,"total":4.0,"average":4.0,"functions_min":4.0,"functions_max":4.0,"closures_min":0.0,"closures_max":0.0},"nexits":{"sum":10.0,"average":10.0,"min":10.0,"max":10.0},"cognitive":{"sum":16.0,"average":16.0,"min":16.0,"max":16.0},"cyclomatic":{"sum":12.0,"average":12.0,"min":12.0,"max":12.0},"halstead":{"n1":22.0,"N1":235.0,"n2":36.0,"N2":144.0,"length":379.0,"estimated_program_length":284.22479566194374,"purity_ratio":0.7499334977887697,"vocabulary":58.0,"volume":2220.1747971533496,"difficulty":44.0,"level":0.022727272727272728,"effort":97687.69107474739,"time":5427.0939485970775,"bugs":0.7070313025497007},"loc":{"sloc":53.0,"ploc":53.0,"lloc":37.0,"cloc":0.0,"blank":0.0,"sloc_average":53.0,"ploc_average":53.0,"lloc_average":37.0,"cloc_average":0.0,"blank_average":0.0,"sloc_min":53.0,"sloc_max":53.0,"cloc_min":0.0,"cloc_max":0.0,"ploc_min":53.0,"ploc_max":53.0,"lloc_min":37.0,"lloc_max":37.0,"blank_min":0.0,"blank_max":0.0},"nom":{"functions":1.0,"closures":0.0,"functions_average":1.0,"closures_average":0.0,"total":1.0,"average":1.0,"functions_min":1.0,"functions_max":1.0,"closures_min":0.0,"closures_max":0.0},"mi":{"mi_original":63.853496712495215,"mi_sei":17.64210937137736,"mi_visual_studio":37.34122614765802},"abc":{"assignments":0.0,"branches":0.0,"conditions":0.0,"magnitude":0.0,"assignments_average":0.0,"branches_average":0.0,"conditions_average":0.0,"assignments_min":0.0,"assignments_max":0.0,"branches_min":0.0,"branches_max":0.0,"conditions_min":0.0,"conditions_max":0.0}}},{"name":"_enc_subject","start_line":734,"end_line":738,"kind":"function","spaces":[],"metrics":{"nargs":{"total_functions":4.0,"total_closures":0.0,"average_functions":4.0,"average_closures":0.0,"total":4.0,"average":4.0,"functions_min":4.0,"functions_max":4.0,"closures_min":0.0,"closures_max":0.0},"nexits":{"sum":1.0,"average":1.0,"min":1.0,"max":1.0},"cognitive":{"sum":0.0,"average":0.0,"min":0.0,"max":0.0},"cyclomatic":{"sum":1.0,"average":1.0,"min":1.0,"max":1.0},"halstead":{"n1":7.0,"N1":22.0,"n2":6.0,"N2":10.0,"length":32.0,"estimated_program_length":35.161259458730164,"purity_ratio":1.0987893580853176,"vocabulary":13.0,"volume":118.41407098051495,"difficulty":5.833333333333333,"level":0.17142857142857143,"effort":690.7487473863372,"time":38.374930410352064,"bugs":0.026047066328926193},"loc":{"sloc":5.0,"ploc":5.0,"lloc":1.0,"cloc":0.0,"blank":0.0,"sloc_average":5.0,"ploc_average":5.0,"lloc_average":1.0,"cloc_average":0.0,"blank_average":0.0,"sloc_min":5.0,"sloc_max":5.0,"cloc_min":0.0,"cloc_max":0.0,"ploc_min":5.0,"ploc_max":5.0,"lloc_min":1.0,"lloc_max":1.0,"blank_min":0.0,"blank_max":0.0},"nom":{"functions":1.0,"closures":0.0,"functions_average":1.0,"closures_average":0.0,"total":1.0,"average":1.0,"functions_min":1.0,"functions_max":1.0,"closures_min":0.0,"closures_max":0.0},"mi":{"mi_original":119.87133051629417,"mi_sei":97.33874194801118,"mi_visual_studio":70.10019328438256},"abc":{"assignments":0.0,"branches":0.0,"conditions":0.0,"magnitude":0.0,"assignments_average":0.0,"branches_average":0.0,"conditions_average":0.0,"assignments_min":0.0,"assignments_max":0.0,"branches_min":0.0,"branches_max":0.0,"conditions_min":0.0,"conditions_max":0.0}}},{"name":"_enc_issuer","start_line":740,"end_line":744,"kind":"function","spaces":[],"metrics":{"nargs":{"total_functions":4.0,"total_closures":0.0,"average_functions":4.0,"average_closures":0.0,"total":4.0,"average":4.0,"functions_min":4.0,"functions_max":4.0,"closures_min":0.0,"closures_max":0.0},"nexits":{"sum":1.0,"average":1.0,"min":1.0,"max":1.0},"cognitive":{"sum":0.0,"average":0.0,"min":0.0,"max":0.0},"cyclomatic":{"sum":1.0,"average":1.0,"min":1.0,"max":1.0},"halstead":{"n1":7.0,"N1":22.0,"n2":6.0,"N2":10.0,"length":32.0,"estimated_program_length":35.161259458730164,"purity_ratio":1.0987893580853176,"vocabulary":13.0,"volume":118.41407098051495,"difficulty":5.833333333333333,"level":0.17142857142857143,"effort":690.7487473863372,"time":38.374930410352064,"bugs":0.026047066328926193},"loc":{"sloc":5.0,"ploc":5.0,"lloc":1.0,"cloc":0.0,"blank":0.0,"sloc_average":5.0,"ploc_average":5.0,"lloc_average":1.0,"cloc_average":0.0,"blank_average":0.0,"sloc_min":5.0,"sloc_max":5.0,"cloc_min":0.0,"cloc_max":0.0,"ploc_min":5.0,"ploc_max":5.0,"lloc_min":1.0,"lloc_max":1.0,"blank_min":0.0,"blank_max":0.0},"nom":{"functions":1.0,"closures":0.0,"functions_average":1.0,"closures_average":0.0,"total":1.0,"average":1.0,"functions_min":1.0,"functions_max":1.0,"closures_min":0.0,"closures_max":0.0},"mi":{"mi_original":119.87133051629417,"mi_sei":97.33874194801118,"mi_visual_studio":70.10019328438256},"abc":{"assignments":0.0,"branches":0.0,"conditions":0.0,"magnitude":0.0,"assignments_average":0.0,"branches_average":0.0,"conditions_average":0.0,"assignments_min":0.0,"assignments_max":0.0,"branches_min":0.0,"branches_max":0.0,"conditions_min":0.0,"conditions_max":0.0}}},{"name":"_enc_serial","start_line":746,"end_line":782,"kind":"function","spaces":[],"metrics":{"nargs":{"total_functions":4.0,"total_closures":0.0,"average_functions":4.0,"average_closures":0.0,"total":4.0,"average":4.0,"functions_min":4.0,"functions_max":4.0,"closures_min":0.0,"closures_max":0.0},"nexits":{"sum":5.0,"average":5.0,"min":5.0,"max":5.0},"cognitive":{"sum":5.0,"average":5.0,"min":5.0,"max":5.0},"cyclomatic":{"sum":6.0,"average":6.0,"min":6.0,"max":6.0},"halstead":{"n1":19.0,"N1":134.0,"n2":24.0,"N2":74.0,"length":208.0,"estimated_program_length":190.74972277273588,"purity_ratio":0.9170659748689225,"vocabulary":43.0,"volume":1128.6630689780363,"difficulty":29.291666666666668,"level":0.03413940256045519,"effort":33060.42239548165,"time":1836.6901330823139,"bugs":0.34336103597832857},"loc":{"sloc":37.0,"ploc":36.0,"lloc":25.0,"cloc":0.0,"blank":1.0,"sloc_average":37.0,"ploc_average":36.0,"lloc_average":25.0,"cloc_average":0.0,"blank_average":1.0,"sloc_min":37.0,"sloc_max":37.0,"cloc_min":0.0,"cloc_max":0.0,"ploc_min":36.0,"ploc_max":36.0,"lloc_min":25.0,"lloc_max":25.0,"blank_min":1.0,"blank_max":1.0},"nom":{"functions":1.0,"closures":0.0,"functions_average":1.0,"closures_average":0.0,"total":1.0,"average":1.0,"functions_min":1.0,"functions_max":1.0,"closures_min":0.0,"closures_max":0.0},"mi":{"mi_original":74.57342656555329,"mi_sei":32.49677985263503,"mi_visual_studio":43.61019097400777},"abc":{"assignments":0.0,"branches":0.0,"conditions":0.0,"magnitude":0.0,"assignments_average":0.0,"branches_average":0.0,"conditions_average":0.0,"assignments_min":0.0,"assignments_max":0.0,"branches_min":0.0,"branches_max":0.0,"conditions_min":0.0,"conditions_max":0.0}}},{"name":"_enc_version","start_line":784,"end_line":815,"kind":"function","spaces":[],"metrics":{"nargs":{"total_functions":4.0,"total_closures":0.0,"average_functions":4.0,"average_closures":0.0,"total":4.0,"average":4.0,"functions_min":4.0,"functions_max":4.0,"closures_min":0.0,"closures_max":0.0},"nexits":{"sum":6.0,"average":6.0,"min":6.0,"max":6.0},"cognitive":{"sum":5.0,"average":5.0,"min":5.0,"max":5.0},"cyclomatic":{"sum":6.0,"average":6.0,"min":6.0,"max":6.0},"halstead":{"n1":18.0,"N1":121.0,"n2":23.0,"N2":67.0,"length":188.0,"estimated_program_length":179.1005750152729,"purity_ratio":0.9526626330599622,"vocabulary":41.0,"volume":1007.2197768681998,"difficulty":26.217391304347824,"level":0.03814262023217247,"effort":26406.675019631497,"time":1467.0375010906387,"bugs":0.29558874420277},"loc":{"sloc":32.0,"ploc":31.0,"lloc":21.0,"cloc":0.0,"blank":1.0,"sloc_average":32.0,"ploc_average":31.0,"lloc_average":21.0,"cloc_average":0.0,"blank_average":1.0,"sloc_min":32.0,"sloc_max":32.0,"cloc_min":0.0,"cloc_max":0.0,"ploc_min":31.0,"ploc_max":31.0,"lloc_min":21.0,"lloc_max":21.0,"blank_min":1.0,"blank_max":1.0},"nom":{"functions":1.0,"closures":0.0,"functions_average":1.0,"closures_average":0.0,"total":1.0,"average":1.0,"functions_min":1.0,"functions_max":1.0,"closures_min":0.0,"closures_max":0.0},"mi":{"mi_original":77.51734296088834,"mi_sei":36.74395343697664,"mi_visual_studio":45.33177950929143},"abc":{"assignments":0.0,"branches":0.0,"conditions":0.0,"magnitude":0.0,"assignments_average":0.0,"branches_average":0.0,"conditions_average":0.0,"assignments_min":0.0,"assignments_max":0.0,"branches_min":0.0,"branches_max":0.0,"conditions_min":0.0,"conditions_max":0.0}}},{"name":"memregion_t","start_line":817,"end_line":820,"kind":"struct","spaces":[],"metrics":{"nargs":{"total_functions":0.0,"total_closures":0.0,"average_functions":0.0,"average_closures":0.0,"total":0.0,"average":0.0,"functions_min":0.0,"functions_max":0.0,"closures_min":0.0,"closures_max":0.0},"nexits":{"sum":0.0,"average":null,"min":0.0,"max":0.0},"cognitive":{"sum":0.0,"average":null,"min":0.0,"max":0.0},"cyclomatic":{"sum":1.0,"average":1.0,"min":1.0,"max":1.0},"halstead":{"n1":4.0,"N1":7.0,"n2":3.0,"N2":3.0,"length":10.0,"estimated_program_length":12.754887502163468,"purity_ratio":1.2754887502163468,"vocabulary":7.0,"volume":28.07354922057604,"difficulty":2.0,"level":0.5,"effort":56.14709844115208,"time":3.1192832467306713,"bugs":0.0048876146417121315},"loc":{"sloc":4.0,"ploc":4.0,"lloc":0.0,"cloc":0.0,"blank":0.0,"sloc_average":4.0,"ploc_average":4.0,"lloc_average":0.0,"cloc_average":0.0,"blank_average":0.0,"sloc_min":4.0,"sloc_max":4.0,"cloc_min":0.0,"cloc_max":0.0,"ploc_min":4.0,"ploc_max":4.0,"lloc_min":0.0,"lloc_max":0.0,"blank_min":0.0,"blank_max":0.0},"nom":{"functions":0.0,"closures":0.0,"functions_average":0.0,"closures_average":0.0,"total":0.0,"average":0.0,"functions_min":0.0,"functions_max":0.0,"closures_min":0.0,"closures_max":0.0},"mi":{"mi_original":130.97092666425706,"mi_sei":113.35207426654748,"mi_visual_studio":76.59118518377606},"abc":{"assignments":0.0,"branches":0.0,"conditions":0.0,"magnitude":0.0,"assignments_average":0.0,"branches_average":0.0,"conditions_average":0.0,"assignments_min":0.0,"assignments_max":0.0,"branches_min":0.0,"branches_max":0.0,"conditions_min":0.0,"conditions_max":0.0}}},{"name":"_reserve","start_line":822,"end_line":825,"kind":"function","spaces":[{"name":"memregion_t","start_line":822,"end_line":822,"kind":"struct","spaces":[],"metrics":{"nargs":{"total_functions":0.0,"total_closures":0.0,"average_functions":0.0,"average_closures":0.0,"total":0.0,"average":0.0,"functions_min":0.0,"functions_max":0.0,"closures_min":0.0,"closures_max":0.0},"nexits":{"sum":0.0,"average":null,"min":0.0,"max":0.0},"cognitive":{"sum":0.0,"average":null,"min":0.0,"max":0.0},"cyclomatic":{"sum":1.0,"average":1.0,"min":1.0,"max":1.0},"halstead":{"n1":0.0,"N1":0.0,"n2":1.0,"N2":1.0,"length":1.0,"estimated_program_length":null,"purity_ratio":null,"vocabulary":1.0,"volume":0.0,"difficulty":0.0,"level":null,"effort":0.0,"time":0.0,"bugs":0.0},"loc":{"sloc":1.0,"ploc":1.0,"lloc":0.0,"cloc":0.0,"blank":0.0,"sloc_average":1.0,"ploc_average":1.0,"lloc_average":0.0,"cloc_average":0.0,"blank_average":0.0,"sloc_min":1.0,"sloc_max":1.0,"cloc_min":0.0,"cloc_max":0.0,"ploc_min":1.0,"ploc_max":1.0,"lloc_min":0.0,"lloc_max":0.0,"blank_min":0.0,"blank_max":0.0},"nom":{"functions":0.0,"closures":0.0,"functions_average":0.0,"closures_average":0.0,"total":0.0,"average":0.0,"functions_min":0.0,"functions_max":0.0,"closures_min":0.0,"closures_max":0.0},"mi":{"mi_original":null,"mi_sei":null,"mi_visual_studio":null},"abc":{"assignments":0.0,"branches":0.0,"conditions":0.0,"magnitude":0.0,"assignments_average":0.0,"branches_average":0.0,"conditions_average":0.0,"assignments_min":0.0,"assignments_max":0.0,"branches_min":0.0,"branches_max":0.0,"conditions_min":0.0,"conditions_max":0.0}}},{"name":"memregion_t","start_line":824,"end_line":824,"kind":"struct","spaces":[],"metrics":{"nargs":{"total_functions":0.0,"total_closures":0.0,"average_functions":0.0,"average_closures":0.0,"total":0.0,"average":0.0,"functions_min":0.0,"functions_max":0.0,"closures_min":0.0,"closures_max":0.0},"nexits":{"sum":0.0,"average":null,"min":0.0,"max":0.0},"cognitive":{"sum":0.0,"average":null,"min":0.0,"max":0.0},"cyclomatic":{"sum":1.0,"average":1.0,"min":1.0,"max":1.0},"halstead":{"n1":0.0,"N1":0.0,"n2":1.0,"N2":1.0,"length":1.0,"estimated_program_length":null,"purity_ratio":null,"vocabulary":1.0,"volume":0.0,"difficulty":0.0,"level":null,"effort":0.0,"time":0.0,"bugs":0.0},"loc":{"sloc":1.0,"ploc":1.0,"lloc":0.0,"cloc":0.0,"blank":0.0,"sloc_average":1.0,"ploc_average":1.0,"lloc_average":0.0,"cloc_average":0.0,"blank_average":0.0,"sloc_min":1.0,"sloc_max":1.0,"cloc_min":0.0,"cloc_max":0.0,"ploc_min":1.0,"ploc_max":1.0,"lloc_min":0.0,"lloc_max":0.0,"blank_min":0.0,"blank_max":0.0},"nom":{"functions":0.0,"closures":0.0,"functions_average":0.0,"closures_average":0.0,"total":0.0,"average":0.0,"functions_min":0.0,"functions_max":0.0,"closures_min":0.0,"closures_max":0.0},"mi":{"mi_original":null,"mi_sei":null,"mi_visual_studio":null},"abc":{"assignments":0.0,"branches":0.0,"conditions":0.0,"magnitude":0.0,"assignments_average":0.0,"branches_average":0.0,"conditions_average":0.0,"assignments_min":0.0,"assignments_max":0.0,"branches_min":0.0,"branches_max":0.0,"conditions_min":0.0,"conditions_max":0.0}}}],"metrics":{"nargs":{"total_functions":2.0,"total_closures":0.0,"average_functions":2.0,"average_closures":0.0,"total":2.0,"average":2.0,"functions_min":0.0,"functions_max":2.0,"closures_min":0.0,"closures_max":0.0},"nexits":{"sum":1.0,"average":1.0,"min":0.0,"max":1.0},"cognitive":{"sum":0.0,"average":0.0,"min":0.0,"max":0.0},"cyclomatic":{"sum":3.0,"average":1.0,"min":1.0,"max":1.0},"halstead":{"n1":10.0,"N1":19.0,"n2":6.0,"N2":10.0,"length":29.0,"estimated_program_length":48.72905595320056,"purity_ratio":1.680312274248295,"vocabulary":16.0,"volume":116.0,"difficulty":8.333333333333334,"level":0.12,"effort":966.6666666666667,"time":53.70370370370371,"bugs":0.03258841518748867},"loc":{"sloc":4.0,"ploc":4.0,"lloc":1.0,"cloc":0.0,"blank":0.0,"sloc_average":1.3333333333333333,"ploc_average":1.3333333333333333,"lloc_average":0.3333333333333333,"cloc_average":0.0,"blank_average":0.0,"sloc_min":1.0,"sloc_max":1.0,"cloc_min":0.0,"cloc_max":0.0,"ploc_min":1.0,"ploc_max":1.0,"lloc_min":0.0,"lloc_max":0.0,"blank_min":0.0,"blank_max":0.0},"nom":{"functions":1.0,"closures":0.0,"functions_average":0.3333333333333333,"closures_average":0.0,"total":1.0,"average":0.3333333333333333,"functions_min":0.0,"functions_max":1.0,"closures_min":0.0,"closures_max":0.0},"mi":{"mi_original":123.1333623561047,"mi_sei":102.24849882533661,"mi_visual_studio":72.00781424333609},"abc":{"assignments":0.0,"branches":0.0,"conditions":0.0,"magnitude":0.0,"assignments_average":0.0,"branches_average":0.0,"conditions_average":0.0,"assignments_min":0.0,"assignments_max":0.0,"branches_min":0.0,"branches_max":0.0,"conditions_min":0.0,"conditions_max":0.0}}},{"name":"c509_to_x509","start_line":827,"end_line":933,"kind":"function","spaces":[{"name":"memregion_t","start_line":870,"end_line":870,"kind":"struct","spaces":[],"metrics":{"nargs":{"total_functions":0.0,"total_closures":0.0,"average_functions":0.0,"average_closures":0.0,"total":0.0,"average":0.0,"functions_min":0.0,"functions_max":0.0,"closures_min":0.0,"closures_max":0.0},"nexits":{"sum":0.0,"average":null,"min":0.0,"max":0.0},"cognitive":{"sum":0.0,"average":null,"min":0.0,"max":0.0},"cyclomatic":{"sum":1.0,"average":1.0,"min":1.0,"max":1.0},"halstead":{"n1":0.0,"N1":0.0,"n2":1.0,"N2":1.0,"length":1.0,"estimated_program_length":null,"purity_ratio":null,"vocabulary":1.0,"volume":0.0,"difficulty":0.0,"level":null,"effort":0.0,"time":0.0,"bugs":0.0},"loc":{"sloc":1.0,"ploc":1.0,"lloc":0.0,"cloc":0.0,"blank":0.0,"sloc_average":1.0,"ploc_average":1.0,"lloc_average":0.0,"cloc_average":0.0,"blank_average":0.0,"sloc_min":1.0,"sloc_max":1.0,"cloc_min":0.0,"cloc_max":0.0,"ploc_min":1.0,"ploc_max":1.0,"lloc_min":0.0,"lloc_max":0.0,"blank_min":0.0,"blank_max":0.0},"nom":{"functions":0.0,"closures":0.0,"functions_average":0.0,"closures_average":0.0,"total":0.0,"average":0.0,"functions_min":0.0,"functions_max":0.0,"closures_min":0.0,"closures_max":0.0},"mi":{"mi_original":null,"mi_sei":null,"mi_visual_studio":null},"abc":{"assignments":0.0,"branches":0.0,"conditions":0.0,"magnitude":0.0,"assignments_average":0.0,"branches_average":0.0,"conditions_average":0.0,"assignments_min":0.0,"assignments_max":0.0,"branches_min":0.0,"branches_max":0.0,"conditions_min":0.0,"conditions_max":0.0}}}],"metrics":{"nargs":{"total_functions":4.0,"total_closures":0.0,"average_functions":4.0,"average_closures":0.0,"total":4.0,"average":4.0,"functions_min":0.0,"functions_max":4.0,"closures_min":0.0,"closures_max":0.0},"nexits":{"sum":21.0,"average":21.0,"min":0.0,"max":21.0},"cognitive":{"sum":20.0,"average":20.0,"min":0.0,"max":20.0},"cyclomatic":{"sum":22.0,"average":11.0,"min":1.0,"max":21.0},"halstead":{"n1":16.0,"N1":435.0,"n2":49.0,"N2":291.0,"length":726.0,"estimated_program_length":339.1207823616452,"purity_ratio":0.467108515649649,"vocabulary":65.0,"volume":4372.239032258658,"difficulty":47.51020408163265,"level":0.02104810996563574,"effort":207725.9687162889,"time":11540.331595349382,"bugs":1.16915638896742},"loc":{"sloc":107.0,"ploc":98.0,"lloc":75.0,"cloc":0.0,"blank":9.0,"sloc_average":53.5,"ploc_average":49.0,"lloc_average":37.5,"cloc_average":0.0,"blank_average":4.5,"sloc_min":1.0,"sloc_max":1.0,"cloc_min":0.0,"cloc_max":0.0,"ploc_min":1.0,"ploc_max":1.0,"lloc_min":0.0,"lloc_max":0.0,"blank_min":0.0,"blank_max":0.0},"nom":{"functions":1.0,"closures":0.0,"functions_average":0.5,"closures_average":0.0,"total":1.0,"average":0.5,"functions_min":0.0,"functions_max":1.0,"closures_min":0.0,"closures_max":0.0},"mi":{"mi_original":46.6484141712843,"mi_sei":-6.1613792948683255,"mi_visual_studio":27.279774369172106},"abc":{"assignments":0.0,"branches":0.0,"conditions":0.0,"magnitude":0.0,"assignments_average":0.0,"branches_average":0.0,"conditions_average":0.0,"assignments_min":0.0,"assignments_max":0.0,"branches_min":0.0,"branches_max":0.0,"conditions_min":0.0,"conditions_max":0.0}}},{"name":"c509_to_x509_enc_version","start_line":935,"end_line":947,"kind":"function","spaces":[],"metrics":{"nargs":{"total_functions":4.0,"total_closures":0.0,"average_functions":4.0,"average_closures":0.0,"total":4.0,"average":4.0,"functions_min":4.0,"functions_max":4.0,"closures_min":0.0,"closures_max":0.0},"nexits":{"sum":2.0,"average":2.0,"min":2.0,"max":2.0},"cognitive":{"sum":1.0,"average":1.0,"min":1.0,"max":1.0},"cyclomatic":{"sum":2.0,"average":2.0,"min":2.0,"max":2.0},"halstead":{"n1":14.0,"N1":58.0,"n2":17.0,"N2":33.0,"length":91.0,"estimated_program_length":122.78983721006222,"purity_ratio":1.349338870440244,"vocabulary":31.0,"volume":450.8318642452056,"difficulty":13.588235294117647,"level":0.0735930735930736,"effort":6126.009449449559,"time":340.33385830275324,"bugs":0.11159991235564296},"loc":{"sloc":13.0,"ploc":13.0,"lloc":9.0,"cloc":0.0,"blank":0.0,"sloc_average":13.0,"ploc_average":13.0,"lloc_average":9.0,"cloc_average":0.0,"blank_average":0.0,"sloc_min":13.0,"sloc_max":13.0,"cloc_min":0.0,"cloc_max":0.0,"ploc_min":13.0,"ploc_max":13.0,"lloc_min":9.0,"lloc_max":9.0,"blank_min":0.0,"blank_max":0.0},"nom":{"functions":1.0,"closures":0.0,"functions_average":1.0,"closures_average":0.0,"total":1.0,"average":1.0,"functions_min":1.0,"functions_max":1.0,"closures_min":0.0,"closures_max":0.0},"mi":{"mi_original":97.21012919922785,"mi_sei":64.74735904669767,"mi_visual_studio":56.848028771478276},"abc":{"assignments":0.0,"branches":0.0,"conditions":0.0,"magnitude":0.0,"assignments_average":0.0,"branches_average":0.0,"conditions_average":0.0,"assignments_min":0.0,"assignments_max":0.0,"branches_min":0.0,"branches_max":0.0,"conditions_min":0.0,"conditions_max":0.0}}},{"name":"c509_to_x509_enc_serial","start_line":949,"end_line":961,"kind":"function","spaces":[],"metrics":{"nargs":{"total_functions":4.0,"total_closures":0.0,"average_functions":4.0,"average_closures":0.0,"total":4.0,"average":4.0,"functions_min":4.0,"functions_max":4.0,"closures_min":0.0,"closures_max":0.0},"nexits":{"sum":2.0,"average":2.0,"min":2.0,"max":2.0},"cognitive":{"sum":1.0,"average":1.0,"min":1.0,"max":1.0},"cyclomatic":{"sum":2.0,"average":2.0,"min":2.0,"max":2.0},"halstead":{"n1":14.0,"N1":58.0,"n2":17.0,"N2":33.0,"length":91.0,"estimated_program_length":122.78983721006222,"purity_ratio":1.349338870440244,"vocabulary":31.0,"volume":450.8318642452056,"difficulty":13.588235294117647,"level":0.0735930735930736,"effort":6126.009449449559,"time":340.33385830275324,"bugs":0.11159991235564296},"loc":{"sloc":13.0,"ploc":13.0,"lloc":9.0,"cloc":0.0,"blank":0.0,"sloc_average":13.0,"ploc_average":13.0,"lloc_average":9.0,"cloc_average":0.0,"blank_average":0.0,"sloc_min":13.0,"sloc_max":13.0,"cloc_min":0.0,"cloc_max":0.0,"ploc_min":13.0,"ploc_max":13.0,"lloc_min":9.0,"lloc_max":9.0,"blank_min":0.0,"blank_max":0.0},"nom":{"functions":1.0,"closures":0.0,"functions_average":1.0,"closures_average":0.0,"total":1.0,"average":1.0,"functions_min":1.0,"functions_max":1.0,"closures_min":0.0,"closures_max":0.0},"mi":{"mi_original":97.21012919922785,"mi_sei":64.74735904669767,"mi_visual_studio":56.848028771478276},"abc":{"assignments":0.0,"branches":0.0,"conditions":0.0,"magnitude":0.0,"assignments_average":0.0,"branches_average":0.0,"conditions_average":0.0,"assignments_min":0.0,"assignments_max":0.0,"branches_min":0.0,"branches_max":0.0,"conditions_min":0.0,"conditions_max":0.0}}},{"name":"c509_to_x509_enc_issuer","start_line":963,"end_line":975,"kind":"function","spaces":[],"metrics":{"nargs":{"total_functions":4.0,"total_closures":0.0,"average_functions":4.0,"average_closures":0.0,"total":4.0,"average":4.0,"functions_min":4.0,"functions_max":4.0,"closures_min":0.0,"closures_max":0.0},"nexits":{"sum":2.0,"average":2.0,"min":2.0,"max":2.0},"cognitive":{"sum":1.0,"average":1.0,"min":1.0,"max":1.0},"cyclomatic":{"sum":2.0,"average":2.0,"min":2.0,"max":2.0},"halstead":{"n1":14.0,"N1":58.0,"n2":17.0,"N2":33.0,"length":91.0,"estimated_program_length":122.78983721006222,"purity_ratio":1.349338870440244,"vocabulary":31.0,"volume":450.8318642452056,"difficulty":13.588235294117647,"level":0.0735930735930736,"effort":6126.009449449559,"time":340.33385830275324,"bugs":0.11159991235564296},"loc":{"sloc":13.0,"ploc":13.0,"lloc":9.0,"cloc":0.0,"blank":0.0,"sloc_average":13.0,"ploc_average":13.0,"lloc_average":9.0,"cloc_average":0.0,"blank_average":0.0,"sloc_min":13.0,"sloc_max":13.0,"cloc_min":0.0,"cloc_max":0.0,"ploc_min":13.0,"ploc_max":13.0,"lloc_min":9.0,"lloc_max":9.0,"blank_min":0.0,"blank_max":0.0},"nom":{"functions":1.0,"closures":0.0,"functions_average":1.0,"closures_average":0.0,"total":1.0,"average":1.0,"functions_min":1.0,"functions_max":1.0,"closures_min":0.0,"closures_max":0.0},"mi":{"mi_original":97.21012919922785,"mi_sei":64.74735904669767,"mi_visual_studio":56.848028771478276},"abc":{"assignments":0.0,"branches":0.0,"conditions":0.0,"magnitude":0.0,"assignments_average":0.0,"branches_average":0.0,"conditions_average":0.0,"assignments_min":0.0,"assignments_max":0.0,"branches_min":0.0,"branches_max":0.0,"conditions_min":0.0,"conditions_max":0.0}}},{"name":"c509_to_x509_enc_validity","start_line":977,"end_line":989,"kind":"function","spaces":[],"metrics":{"nargs":{"total_functions":4.0,"total_closures":0.0,"average_functions":4.0,"average_closures":0.0,"total":4.0,"average":4.0,"functions_min":4.0,"functions_max":4.0,"closures_min":0.0,"closures_max":0.0},"nexits":{"sum":2.0,"average":2.0,"min":2.0,"max":2.0},"cognitive":{"sum":1.0,"average":1.0,"min":1.0,"max":1.0},"cyclomatic":{"sum":2.0,"average":2.0,"min":2.0,"max":2.0},"halstead":{"n1":14.0,"N1":58.0,"n2":17.0,"N2":33.0,"length":91.0,"estimated_program_length":122.78983721006222,"purity_ratio":1.349338870440244,"vocabulary":31.0,"volume":450.8318642452056,"difficulty":13.588235294117647,"level":0.0735930735930736,"effort":6126.009449449559,"time":340.33385830275324,"bugs":0.11159991235564296},"loc":{"sloc":13.0,"ploc":13.0,"lloc":9.0,"cloc":0.0,"blank":0.0,"sloc_average":13.0,"ploc_average":13.0,"lloc_average":9.0,"cloc_average":0.0,"blank_average":0.0,"sloc_min":13.0,"sloc_max":13.0,"cloc_min":0.0,"cloc_max":0.0,"ploc_min":13.0,"ploc_max":13.0,"lloc_min":9.0,"lloc_max":9.0,"blank_min":0.0,"blank_max":0.0},"nom":{"functions":1.0,"closures":0.0,"functions_average":1.0,"closures_average":0.0,"total":1.0,"average":1.0,"functions_min":1.0,"functions_max":1.0,"closures_min":0.0,"closures_max":0.0},"mi":{"mi_original":97.21012919922785,"mi_sei":64.74735904669767,"mi_visual_studio":56.848028771478276},"abc":{"assignments":0.0,"branches":0.0,"conditions":0.0,"magnitude":0.0,"assignments_average":0.0,"branches_average":0.0,"conditions_average":0.0,"assignments_min":0.0,"assignments_max":0.0,"branches_min":0.0,"branches_max":0.0,"conditions_min":0.0,"conditions_max":0.0}}},{"name":"c509_to_x509_enc_subject","start_line":991,"end_line":1003,"kind":"function","spaces":[],"metrics":{"nargs":{"total_functions":4.0,"total_closures":0.0,"average_functions":4.0,"average_closures":0.0,"total":4.0,"average":4.0,"functions_min":4.0,"functions_max":4.0,"closures_min":0.0,"closures_max":0.0},"nexits":{"sum":2.0,"average":2.0,"min":2.0,"max":2.0},"cognitive":{"sum":1.0,"average":1.0,"min":1.0,"max":1.0},"cyclomatic":{"sum":2.0,"average":2.0,"min":2.0,"max":2.0},"halstead":{"n1":14.0,"N1":58.0,"n2":17.0,"N2":33.0,"length":91.0,"estimated_program_length":122.78983721006222,"purity_ratio":1.349338870440244,"vocabulary":31.0,"volume":450.8318642452056,"difficulty":13.588235294117647,"level":0.0735930735930736,"effort":6126.009449449559,"time":340.33385830275324,"bugs":0.11159991235564296},"loc":{"sloc":13.0,"ploc":13.0,"lloc":9.0,"cloc":0.0,"blank":0.0,"sloc_average":13.0,"ploc_average":13.0,"lloc_average":9.0,"cloc_average":0.0,"blank_average":0.0,"sloc_min":13.0,"sloc_max":13.0,"cloc_min":0.0,"cloc_max":0.0,"ploc_min":13.0,"ploc_max":13.0,"lloc_min":9.0,"lloc_max":9.0,"blank_min":0.0,"blank_max":0.0},"nom":{"functions":1.0,"closures":0.0,"functions_average":1.0,"closures_average":0.0,"total":1.0,"average":1.0,"functions_min":1.0,"functions_max":1.0,"closures_min":0.0,"closures_max":0.0},"mi":{"mi_original":97.21012919922785,"mi_sei":64.74735904669767,"mi_visual_studio":56.848028771478276},"abc":{"assignments":0.0,"branches":0.0,"conditions":0.0,"magnitude":0.0,"assignments_average":0.0,"branches_average":0.0,"conditions_average":0.0,"assignments_min":0.0,"assignments_max":0.0,"branches_min":0.0,"branches_max":0.0,"conditions_min":0.0,"conditions_max":0.0}}},{"name":"c509_to_x509_enc_subject_public_key_info","start_line":1005,"end_line":1017,"kind":"function","spaces":[],"metrics":{"nargs":{"total_functions":4.0,"total_closures":0.0,"average_functions":4.0,"average_closures":0.0,"total":4.0,"average":4.0,"functions_min":4.0,"functions_max":4.0,"closures_min":0.0,"closures_max":0.0},"nexits":{"sum":2.0,"average":2.0,"min":2.0,"max":2.0},"cognitive":{"sum":1.0,"average":1.0,"min":1.0,"max":1.0},"cyclomatic":{"sum":2.0,"average":2.0,"min":2.0,"max":2.0},"halstead":{"n1":14.0,"N1":58.0,"n2":17.0,"N2":33.0,"length":91.0,"estimated_program_length":122.78983721006222,"purity_ratio":1.349338870440244,"vocabulary":31.0,"volume":450.8318642452056,"difficulty":13.588235294117647,"level":0.0735930735930736,"effort":6126.009449449559,"time":340.33385830275324,"bugs":0.11159991235564296},"loc":{"sloc":13.0,"ploc":13.0,"lloc":9.0,"cloc":0.0,"blank":0.0,"sloc_average":13.0,"ploc_average":13.0,"lloc_average":9.0,"cloc_average":0.0,"blank_average":0.0,"sloc_min":13.0,"sloc_max":13.0,"cloc_min":0.0,"cloc_max":0.0,"ploc_min":13.0,"ploc_max":13.0,"lloc_min":9.0,"lloc_max":9.0,"blank_min":0.0,"blank_max":0.0},"nom":{"functions":1.0,"closures":0.0,"functions_average":1.0,"closures_average":0.0,"total":1.0,"average":1.0,"functions_min":1.0,"functions_max":1.0,"closures_min":0.0,"closures_max":0.0},"mi":{"mi_original":97.21012919922785,"mi_sei":64.74735904669767,"mi_visual_studio":56.848028771478276},"abc":{"assignments":0.0,"branches":0.0,"conditions":0.0,"magnitude":0.0,"assignments_average":0.0,"branches_average":0.0,"conditions_average":0.0,"assignments_min":0.0,"assignments_max":0.0,"branches_min":0.0,"branches_max":0.0,"conditions_min":0.0,"conditions_max":0.0}}},{"name":"c509_to_x509_enc_extennsions","start_line":1019,"end_line":1031,"kind":"function","spaces":[],"metrics":{"nargs":{"total_functions":4.0,"total_closures":0.0,"average_functions":4.0,"average_closures":0.0,"total":4.0,"average":4.0,"functions_min":4.0,"functions_max":4.0,"closures_min":0.0,"closures_max":0.0},"nexits":{"sum":2.0,"average":2.0,"min":2.0,"max":2.0},"cognitive":{"sum":1.0,"average":1.0,"min":1.0,"max":1.0},"cyclomatic":{"sum":2.0,"average":2.0,"min":2.0,"max":2.0},"halstead":{"n1":14.0,"N1":58.0,"n2":17.0,"N2":33.0,"length":91.0,"estimated_program_length":122.78983721006222,"purity_ratio":1.349338870440244,"vocabulary":31.0,"volume":450.8318642452056,"difficulty":13.588235294117647,"level":0.0735930735930736,"effort":6126.009449449559,"time":340.33385830275324,"bugs":0.11159991235564296},"loc":{"sloc":13.0,"ploc":13.0,"lloc":9.0,"cloc":0.0,"blank":0.0,"sloc_average":13.0,"ploc_average":13.0,"lloc_average":9.0,"cloc_average":0.0,"blank_average":0.0,"sloc_min":13.0,"sloc_max":13.0,"cloc_min":0.0,"cloc_max":0.0,"ploc_min":13.0,"ploc_max":13.0,"lloc_min":9.0,"lloc_max":9.0,"blank_min":0.0,"blank_max":0.0},"nom":{"functions":1.0,"closures":0.0,"functions_average":1.0,"closures_average":0.0,"total":1.0,"average":1.0,"functions_min":1.0,"functions_max":1.0,"closures_min":0.0,"closures_max":0.0},"mi":{"mi_original":97.21012919922785,"mi_sei":64.74735904669767,"mi_visual_studio":56.848028771478276},"abc":{"assignments":0.0,"branches":0.0,"conditions":0.0,"magnitude":0.0,"assignments_average":0.0,"branches_average":0.0,"conditions_average":0.0,"assignments_min":0.0,"assignments_max":0.0,"branches_min":0.0,"branches_max":0.0,"conditions_min":0.0,"conditions_max":0.0}}},{"name":"c509_to_x509_enc_signature_algorithm","start_line":1033,"end_line":1045,"kind":"function","spaces":[],"metrics":{"nargs":{"total_functions":5.0,"total_closures":0.0,"average_functions":5.0,"average_closures":0.0,"total":5.0,"average":5.0,"functions_min":5.0,"functions_max":5.0,"closures_min":0.0,"closures_max":0.0},"nexits":{"sum":2.0,"average":2.0,"min":2.0,"max":2.0},"cognitive":{"sum":1.0,"average":1.0,"min":1.0,"max":1.0},"cyclomatic":{"sum":2.0,"average":2.0,"min":2.0,"max":2.0},"halstead":{"n1":14.0,"N1":61.0,"n2":19.0,"N2":36.0,"length":97.0,"estimated_program_length":134.01359166423458,"purity_ratio":1.3815834192189131,"vocabulary":33.0,"volume":489.30622957776995,"difficulty":13.263157894736842,"level":0.07539682539682539,"effort":6489.745781768317,"time":360.54143232046204,"bugs":0.11597486308866889},"loc":{"sloc":13.0,"ploc":13.0,"lloc":9.0,"cloc":0.0,"blank":0.0,"sloc_average":13.0,"ploc_average":13.0,"lloc_average":9.0,"cloc_average":0.0,"blank_average":0.0,"sloc_min":13.0,"sloc_max":13.0,"cloc_min":0.0,"cloc_max":0.0,"ploc_min":13.0,"ploc_max":13.0,"lloc_min":9.0,"lloc_max":9.0,"blank_min":0.0,"blank_max":0.0},"nom":{"functions":1.0,"closures":0.0,"functions_average":1.0,"closures_average":0.0,"total":1.0,"average":1.0,"functions_min":1.0,"functions_max":1.0,"closures_min":0.0,"closures_max":0.0},"mi":{"mi_original":96.78428005402753,"mi_sei":64.13298859675035,"mi_visual_studio":56.59899418364183},"abc":{"assignments":0.0,"branches":0.0,"conditions":0.0,"magnitude":0.0,"assignments_average":0.0,"branches_average":0.0,"conditions_average":0.0,"assignments_min":0.0,"assignments_max":0.0,"branches_min":0.0,"branches_max":0.0,"conditions_min":0.0,"conditions_max":0.0}}},{"name":"c509_to_x509_enc_signature_value","start_line":1047,"end_line":1059,"kind":"function","spaces":[],"metrics":{"nargs":{"total_functions":5.0,"total_closures":0.0,"average_functions":5.0,"average_closures":0.0,"total":5.0,"average":5.0,"functions_min":5.0,"functions_max":5.0,"closures_min":0.0,"closures_max":0.0},"nexits":{"sum":2.0,"average":2.0,"min":2.0,"max":2.0},"cognitive":{"sum":1.0,"average":1.0,"min":1.0,"max":1.0},"cyclomatic":{"sum":2.0,"average":2.0,"min":2.0,"max":2.0},"halstead":{"n1":14.0,"N1":60.0,"n2":19.0,"N2":36.0,"length":96.0,"estimated_program_length":134.01359166423458,"purity_ratio":1.3959749131691102,"vocabulary":33.0,"volume":484.2618354584115,"difficulty":13.263157894736842,"level":0.07539682539682539,"effort":6422.841186079984,"time":356.8245103377769,"bugs":0.1151764091287034},"loc":{"sloc":13.0,"ploc":13.0,"lloc":9.0,"cloc":0.0,"blank":0.0,"sloc_average":13.0,"ploc_average":13.0,"lloc_average":9.0,"cloc_average":0.0,"blank_average":0.0,"sloc_min":13.0,"sloc_max":13.0,"cloc_min":0.0,"cloc_max":0.0,"ploc_min":13.0,"ploc_max":13.0,"lloc_min":9.0,"lloc_max":9.0,"blank_min":0.0,"blank_max":0.0},"nom":{"functions":1.0,"closures":0.0,"functions_average":1.0,"closures_average":0.0,"total":1.0,"average":1.0,"functions_min":1.0,"functions_max":1.0,"closures_min":0.0,"closures_max":0.0},"mi":{"mi_original":96.83816654661237,"mi_sei":64.21073037237339,"mi_visual_studio":56.6305067524049},"abc":{"assignments":0.0,"branches":0.0,"conditions":0.0,"magnitude":0.0,"assignments_average":0.0,"branches_average":0.0,"conditions_average":0.0,"assignments_min":0.0,"assignments_max":0.0,"branches_min":0.0,"branches_max":0.0,"conditions_min":0.0,"conditions_max":0.0}}}],"metrics":{"nargs":{"total_functions":108.0,"total_closures":0.0,"average_functions":3.7241379310344827,"average_closures":0.0,"total":108.0,"average":3.7241379310344827,"functions_min":0.0,"functions_max":5.0,"closures_min":0.0,"closures_max":0.0},"nexits":{"sum":187.0,"average":6.448275862068965,"min":0.0,"max":28.0},"cognitive":{"sum":302.0,"average":10.413793103448276,"min":0.0,"max":58.0},"cyclomatic":{"sum":224.0,"average":6.4,"min":1.0,"max":33.0},"halstead":{"n1":40.0,"N1":4145.0,"n2":269.0,"N2":2474.0,"length":6619.0,"estimated_program_length":2384.100499323226,"purity_ratio":0.36019043651959903,"vocabulary":309.0,"volume":54748.81378169906,"difficulty":183.94052044609666,"level":0.0054365400161681485,"effort":10070525.300812153,"time":559473.6278228974,"bugs":15.544621862312827},"loc":{"sloc":1059.0,"ploc":1011.0,"lloc":671.0,"cloc":4.0,"blank":45.0,"sloc_average":30.257142857142856,"ploc_average":28.885714285714286,"lloc_average":19.17142857142857,"cloc_average":0.11428571428571428,"blank_average":1.2857142857142858,"sloc_min":4.0,"sloc_max":125.0,"cloc_min":0.0,"cloc_max":2.0,"ploc_min":4.0,"ploc_max":125.0,"lloc_min":0.0,"lloc_max":86.0,"blank_min":0.0,"blank_max":9.0},"nom":{"functions":29.0,"closures":0.0,"functions_average":0.8285714285714286,"closures_average":0.0,"total":29.0,"average":0.8285714285714286,"functions_min":0.0,"functions_max":1.0,"closures_min":0.0,"closures_max":0.0},"mi":{"mi_original":-50.08895870179578,"mi_sei":-120.40292948885292,"mi_visual_studio":0.0},"abc":{"assignments":0.0,"branches":0.0,"conditions":0.0,"magnitude":0.0,"assignments_average":0.0,"branches_average":0.0,"conditions_average":0.0,"assignments_min":0.0,"assignments_max":0.0,"branches_min":0.0,"branches_max":0.0,"conditions_min":0.0,"conditions_max":0.0}}}