{"name":"./src/ftobuf.h","start_line":1,"end_line":8,"kind":"unit","spaces":[],"metrics":{"nargs":{"total_functions":0.0,"total_closures":0.0,"average_functions":0.0,"average_closures":0.0,"total":0.0,"average":0.0,"functions_min":0.0,"functions_max":0.0,"closures_min":0.0,"closures_max":0.0},"nexits":{"sum":0.0,"average":null,"min":0.0,"max":0.0},"cognitive":{"sum":0.0,"average":null,"min":0.0,"max":0.0},"cyclomatic":{"sum":1.0,"average":1.0,"min":1.0,"max":1.0},"halstead":{"n1":5.0,"N1":10.0,"n2":5.0,"N2":6.0,"length":16.0,"estimated_program_length":23.21928094887362,"purity_ratio":1.4512050593046013,"vocabulary":10.0,"volume":53.150849518197795,"difficulty":3.0,"level":0.3333333333333333,"effort":159.4525485545934,"time":8.858474919699633,"bugs":0.00980166199368812},"loc":{"sloc":8.0,"ploc":5.0,"lloc":1.0,"cloc":0.0,"blank":3.0,"sloc_average":8.0,"ploc_average":5.0,"lloc_average":1.0,"cloc_average":0.0,"blank_average":3.0,"sloc_min":8.0,"sloc_max":8.0,"cloc_min":0.0,"cloc_max":0.0,"ploc_min":5.0,"ploc_max":5.0,"lloc_min":1.0,"lloc_max":1.0,"blank_min":3.0,"blank_max":3.0},"nom":{"functions":0.0,"closures":0.0,"functions_average":0.0,"closures_average":0.0,"total":0.0,"average":0.0,"functions_min":0.0,"functions_max":0.0,"closures_min":0.0,"closures_max":0.0},"mi":{"mi_original":116.4227497668258,"mi_sei":92.363491602648,"mi_visual_studio":68.08347939580456},"abc":{"assignments":0.0,"branches":0.0,"conditions":0.0,"magnitude":0.0,"assignments_average":0.0,"branches_average":0.0,"conditions_average":0.0,"assignments_min":0.0,"assignments_max":0.0,"branches_min":0.0,"branches_max":0.0,"conditions_min":0.0,"conditions_max":0.0}}}