{"name":"./src/ftobuf.c","start_line":1,"end_line":25,"kind":"unit","spaces":[{"name":"ftobuf","start_line":5,"end_line":25,"kind":"function","spaces":[],"metrics":{"nargs":{"total_functions":3.0,"total_closures":0.0,"average_functions":3.0,"average_closures":0.0,"total":3.0,"average":3.0,"functions_min":3.0,"functions_max":3.0,"closures_min":0.0,"closures_max":0.0},"nexits":{"sum":2.0,"average":2.0,"min":2.0,"max":2.0},"cognitive":{"sum":7.0,"average":7.0,"min":7.0,"max":7.0},"cyclomatic":{"sum":7.0,"average":7.0,"min":7.0,"max":7.0},"halstead":{"n1":18.0,"N1":74.0,"n2":19.0,"N2":40.0,"length":114.0,"estimated_program_length":155.76927278138973,"purity_ratio":1.3663971296613133,"vocabulary":37.0,"volume":593.8776836817003,"difficulty":18.94736842105263,"level":0.052777777777777785,"effort":11252.419269758531,"time":625.1344038754739,"bugs":0.16738222982944748},"loc":{"sloc":21.0,"ploc":21.0,"lloc":15.0,"cloc":0.0,"blank":0.0,"sloc_average":21.0,"ploc_average":21.0,"lloc_average":15.0,"cloc_average":0.0,"blank_average":0.0,"sloc_min":21.0,"sloc_max":21.0,"cloc_min":0.0,"cloc_max":0.0,"ploc_min":21.0,"ploc_max":21.0,"lloc_min":15.0,"lloc_max":15.0,"blank_min":0.0,"blank_max":0.0},"nom":{"functions":1.0,"closures":0.0,"functions_average":1.0,"closures_average":0.0,"total":1.0,"average":1.0,"functions_min":1.0,"functions_max":1.0,"closures_min":0.0,"closures_max":0.0},"mi":{"mi_original":86.85803494104198,"mi_sei":50.32154329462007,"mi_visual_studio":50.79417248014151},"abc":{"assignments":0.0,"branches":0.0,"conditions":0.0,"magnitude":0.0,"assignments_average":0.0,"branches_average":0.0,"conditions_average":0.0,"assignments_min":0.0,"assignments_max":0.0,"branches_min":0.0,"branches_max":0.0,"conditions_min":0.0,"conditions_max":0.0}}}],"metrics":{"nargs":{"total_functions":3.0,"total_closures":0.0,"average_functions":3.0,"average_closures":0.0,"total":3.0,"average":3.0,"functions_min":0.0,"functions_max":3.0,"closures_min":0.0,"closures_max":0.0},"nexits":{"sum":2.0,"average":2.0,"min":0.0,"max":2.0},"cognitive":{"sum":7.0,"average":7.0,"min":0.0,"max":7.0},"cyclomatic":{"sum":8.0,"average":4.0,"min":1.0,"max":7.0},"halstead":{"n1":18.0,"N1":74.0,"n2":19.0,"N2":40.0,"length":114.0,"estimated_program_length":155.76927278138973,"purity_ratio":1.3663971296613133,"vocabulary":37.0,"volume":593.8776836817003,"difficulty":18.94736842105263,"level":0.052777777777777785,"effort":11252.419269758531,"time":625.1344038754739,"bugs":0.16738222982944748},"loc":{"sloc":25.0,"ploc":24.0,"lloc":15.0,"cloc":0.0,"blank":1.0,"sloc_average":12.5,"ploc_average":12.0,"lloc_average":7.5,"cloc_average":0.0,"blank_average":0.5,"sloc_min":21.0,"sloc_max":21.0,"cloc_min":0.0,"cloc_max":0.0,"ploc_min":21.0,"ploc_max":21.0,"lloc_min":15.0,"lloc_max":15.0,"blank_min":0.0,"blank_max":0.0},"nom":{"functions":1.0,"closures":0.0,"functions_average":0.5,"closures_average":0.0,"total":1.0,"average":0.5,"functions_min":0.0,"functions_max":1.0,"closures_min":0.0,"closures_max":0.0},"mi":{"mi_original":83.80351006929659,"mi_sei":46.01661526928545,"mi_visual_studio":49.00790062531964},"abc":{"assignments":0.0,"branches":0.0,"conditions":0.0,"magnitude":0.0,"assignments_average":0.0,"branches_average":0.0,"conditions_average":0.0,"assignments_min":0.0,"assignments_max":0.0,"branches_min":0.0,"branches_max":0.0,"conditions_min":0.0,"conditions_max":0.0}}}