{"name":"./src/x509_to_c509.c","start_line":1,"end_line":1189,"kind":"unit","spaces":[{"name":"days_from_epoch","start_line":21,"end_line":29,"kind":"function","spaces":[],"metrics":{"nargs":{"total_functions":3.0,"total_closures":0.0,"average_functions":3.0,"average_closures":0.0,"total":3.0,"average":3.0,"functions_min":3.0,"functions_max":3.0,"closures_min":0.0,"closures_max":0.0},"nexits":{"sum":1.0,"average":1.0,"min":1.0,"max":1.0},"cognitive":{"sum":0.0,"average":0.0,"min":0.0,"max":0.0},"cyclomatic":{"sum":2.0,"average":2.0,"min":2.0,"max":2.0},"halstead":{"n1":15.0,"N1":48.0,"n2":20.0,"N2":37.0,"length":85.0,"estimated_program_length":145.04192083187502,"purity_ratio":1.7063755391985296,"vocabulary":35.0,"volume":435.98905644032214,"difficulty":13.875,"level":0.07207207207207207,"effort":6049.34815810947,"time":336.07489767274836,"bugs":0.11066691377707116},"loc":{"sloc":9.0,"ploc":9.0,"lloc":6.0,"cloc":3.0,"blank":0.0,"sloc_average":9.0,"ploc_average":9.0,"lloc_average":6.0,"cloc_average":3.0,"blank_average":0.0,"sloc_min":9.0,"sloc_max":9.0,"cloc_min":3.0,"cloc_max":3.0,"ploc_min":9.0,"ploc_max":9.0,"lloc_min":6.0,"lloc_max":6.0,"blank_min":0.0,"blank_max":0.0},"nom":{"functions":1.0,"closures":0.0,"functions_average":1.0,"closures_average":0.0,"total":1.0,"average":1.0,"functions_min":1.0,"functions_max":1.0,"closures_min":0.0,"closures_max":0.0},"mi":{"mi_original":103.3413527028954,"mi_sei":112.58537730926751,"mi_visual_studio":60.433539592336494},"abc":{"assignments":0.0,"branches":0.0,"conditions":0.0,"magnitude":0.0,"assignments_average":0.0,"branches_average":0.0,"conditions_average":0.0,"assignments_min":0.0,"assignments_max":0.0,"branches_min":0.0,"branches_max":0.0,"conditions_min":0.0,"conditions_max":0.0}}},{"name":"timegm","start_line":32,"end_line":50,"kind":"function","spaces":[{"name":"tm","start_line":32,"end_line":32,"kind":"struct","spaces":[],"metrics":{"nargs":{"total_functions":0.0,"total_closures":0.0,"average_functions":0.0,"average_closures":0.0,"total":0.0,"average":0.0,"functions_min":0.0,"functions_max":0.0,"closures_min":0.0,"closures_max":0.0},"nexits":{"sum":0.0,"average":null,"min":0.0,"max":0.0},"cognitive":{"sum":0.0,"average":null,"min":0.0,"max":0.0},"cyclomatic":{"sum":1.0,"average":1.0,"min":1.0,"max":1.0},"halstead":{"n1":0.0,"N1":0.0,"n2":1.0,"N2":1.0,"length":1.0,"estimated_program_length":null,"purity_ratio":null,"vocabulary":1.0,"volume":0.0,"difficulty":0.0,"level":null,"effort":0.0,"time":0.0,"bugs":0.0},"loc":{"sloc":1.0,"ploc":1.0,"lloc":0.0,"cloc":0.0,"blank":0.0,"sloc_average":1.0,"ploc_average":1.0,"lloc_average":0.0,"cloc_average":0.0,"blank_average":0.0,"sloc_min":1.0,"sloc_max":1.0,"cloc_min":0.0,"cloc_max":0.0,"ploc_min":1.0,"ploc_max":1.0,"lloc_min":0.0,"lloc_max":0.0,"blank_min":0.0,"blank_max":0.0},"nom":{"functions":0.0,"closures":0.0,"functions_average":0.0,"closures_average":0.0,"total":0.0,"average":0.0,"functions_min":0.0,"functions_max":0.0,"closures_min":0.0,"closures_max":0.0},"mi":{"mi_original":null,"mi_sei":null,"mi_visual_studio":null},"abc":{"assignments":0.0,"branches":0.0,"conditions":0.0,"magnitude":0.0,"assignments_average":0.0,"branches_average":0.0,"conditions_average":0.0,"assignments_min":0.0,"assignments_max":0.0,"branches_min":0.0,"branches_max":0.0,"conditions_min":0.0,"conditions_max":0.0}}}],"metrics":{"nargs":{"total_functions":1.0,"total_closures":0.0,"average_functions":1.0,"average_closures":0.0,"total":1.0,"average":1.0,"functions_min":0.0,"functions_max":1.0,"closures_min":0.0,"closures_max":0.0},"nexits":{"sum":1.0,"average":1.0,"min":0.0,"max":1.0},"cognitive":{"sum":2.0,"average":2.0,"min":0.0,"max":2.0},"cyclomatic":{"sum":4.0,"average":2.0,"min":1.0,"max":3.0},"halstead":{"n1":18.0,"N1":57.0,"n2":21.0,"N2":46.0,"length":103.0,"estimated_program_length":167.29731590431558,"purity_ratio":1.624245785478792,"vocabulary":39.0,"volume":544.3964285428116,"difficulty":19.714285714285715,"level":0.05072463768115942,"effort":10732.386734129714,"time":596.2437074516507,"bugs":0.16218460265002918},"loc":{"sloc":19.0,"ploc":18.0,"lloc":11.0,"cloc":1.0,"blank":1.0,"sloc_average":9.5,"ploc_average":9.0,"lloc_average":5.5,"cloc_average":0.5,"blank_average":0.5,"sloc_min":1.0,"sloc_max":1.0,"cloc_min":0.0,"cloc_max":0.0,"ploc_min":1.0,"ploc_max":1.0,"lloc_min":0.0,"lloc_max":0.0,"blank_min":0.0,"blank_max":0.0},"nom":{"functions":1.0,"closures":0.0,"functions_average":0.5,"closures_average":0.0,"total":1.0,"average":0.5,"functions_min":0.0,"functions_max":1.0,"closures_min":0.0,"closures_max":0.0},"mi":{"mi_original":89.62176444341885,"mi_sei":71.4020095542066,"mi_visual_studio":52.41038856340284},"abc":{"assignments":0.0,"branches":0.0,"conditions":0.0,"magnitude":0.0,"assignments_average":0.0,"branches_average":0.0,"conditions_average":0.0,"assignments_min":0.0,"assignments_max":0.0,"branches_min":0.0,"branches_max":0.0,"conditions_min":0.0,"conditions_max":0.0}}},{"name":"_parse_utc","start_line":53,"end_line":73,"kind":"function","spaces":[{"name":"tm","start_line":61,"end_line":61,"kind":"struct","spaces":[],"metrics":{"nargs":{"total_functions":0.0,"total_closures":0.0,"average_functions":0.0,"average_closures":0.0,"total":0.0,"average":0.0,"functions_min":0.0,"functions_max":0.0,"closures_min":0.0,"closures_max":0.0},"nexits":{"sum":0.0,"average":null,"min":0.0,"max":0.0},"cognitive":{"sum":0.0,"average":null,"min":0.0,"max":0.0},"cyclomatic":{"sum":1.0,"average":1.0,"min":1.0,"max":1.0},"halstead":{"n1":0.0,"N1":0.0,"n2":1.0,"N2":1.0,"length":1.0,"estimated_program_length":null,"purity_ratio":null,"vocabulary":1.0,"volume":0.0,"difficulty":0.0,"level":null,"effort":0.0,"time":0.0,"bugs":0.0},"loc":{"sloc":1.0,"ploc":1.0,"lloc":0.0,"cloc":0.0,"blank":0.0,"sloc_average":1.0,"ploc_average":1.0,"lloc_average":0.0,"cloc_average":0.0,"blank_average":0.0,"sloc_min":1.0,"sloc_max":1.0,"cloc_min":0.0,"cloc_max":0.0,"ploc_min":1.0,"ploc_max":1.0,"lloc_min":0.0,"lloc_max":0.0,"blank_min":0.0,"blank_max":0.0},"nom":{"functions":0.0,"closures":0.0,"functions_average":0.0,"closures_average":0.0,"total":0.0,"average":0.0,"functions_min":0.0,"functions_max":0.0,"closures_min":0.0,"closures_max":0.0},"mi":{"mi_original":null,"mi_sei":null,"mi_visual_studio":null},"abc":{"assignments":0.0,"branches":0.0,"conditions":0.0,"magnitude":0.0,"assignments_average":0.0,"branches_average":0.0,"conditions_average":0.0,"assignments_min":0.0,"assignments_max":0.0,"branches_min":0.0,"branches_max":0.0,"conditions_min":0.0,"conditions_max":0.0}}}],"metrics":{"nargs":{"total_functions":2.0,"total_closures":0.0,"average_functions":2.0,"average_closures":0.0,"total":2.0,"average":2.0,"functions_min":0.0,"functions_max":2.0,"closures_min":0.0,"closures_max":0.0},"nexits":{"sum":2.0,"average":2.0,"min":0.0,"max":2.0},"cognitive":{"sum":3.0,"average":3.0,"min":0.0,"max":3.0},"cyclomatic":{"sum":16.0,"average":8.0,"min":1.0,"max":15.0},"halstead":{"n1":19.0,"N1":155.0,"n2":28.0,"N2":98.0,"length":253.0,"estimated_program_length":215.31656057304102,"purity_ratio":0.8510535991029289,"vocabulary":47.0,"volume":1405.3109794744423,"difficulty":33.25,"level":0.03007518796992481,"effort":46726.590067525205,"time":2595.921670418067,"bugs":0.432435631352706},"loc":{"sloc":21.0,"ploc":21.0,"lloc":13.0,"cloc":0.0,"blank":0.0,"sloc_average":10.5,"ploc_average":10.5,"lloc_average":6.5,"cloc_average":0.0,"blank_average":0.0,"sloc_min":1.0,"sloc_max":1.0,"cloc_min":0.0,"cloc_max":0.0,"ploc_min":1.0,"ploc_max":1.0,"lloc_min":0.0,"lloc_max":0.0,"blank_min":0.0,"blank_max":0.0},"nom":{"functions":1.0,"closures":0.0,"functions_average":0.5,"closures_average":0.0,"total":1.0,"average":0.5,"functions_min":0.0,"functions_max":1.0,"closures_min":0.0,"closures_max":0.0},"mi":{"mi_original":80.30906425498193,"mi_sei":41.78975449755421,"mi_visual_studio":46.96436506139294},"abc":{"assignments":0.0,"branches":0.0,"conditions":0.0,"magnitude":0.0,"assignments_average":0.0,"branches_average":0.0,"conditions_average":0.0,"assignments_min":0.0,"assignments_max":0.0,"branches_min":0.0,"branches_max":0.0,"conditions_min":0.0,"conditions_max":0.0}}},{"name":"_enc_signature_value","start_line":75,"end_line":145,"kind":"function","spaces":[],"metrics":{"nargs":{"total_functions":5.0,"total_closures":0.0,"average_functions":5.0,"average_closures":0.0,"total":5.0,"average":5.0,"functions_min":5.0,"functions_max":5.0,"closures_min":0.0,"closures_max":0.0},"nexits":{"sum":9.0,"average":9.0,"min":9.0,"max":9.0},"cognitive":{"sum":24.0,"average":24.0,"min":24.0,"max":24.0},"cyclomatic":{"sum":16.0,"average":16.0,"min":16.0,"max":16.0},"halstead":{"n1":24.0,"N1":257.0,"n2":33.0,"N2":152.0,"length":409.0,"estimated_program_length":276.5041059561367,"purity_ratio":0.6760491588169601,"vocabulary":57.0,"volume":2385.652015793379,"difficulty":55.27272727272727,"level":0.018092105263157895,"effort":131861.4932365795,"time":7325.638513143305,"bugs":0.8635564618681821},"loc":{"sloc":71.0,"ploc":71.0,"lloc":48.0,"cloc":2.0,"blank":0.0,"sloc_average":71.0,"ploc_average":71.0,"lloc_average":48.0,"cloc_average":2.0,"blank_average":0.0,"sloc_min":71.0,"sloc_max":71.0,"cloc_min":2.0,"cloc_max":2.0,"ploc_min":71.0,"ploc_max":71.0,"lloc_min":48.0,"lloc_max":48.0,"blank_min":0.0,"blank_max":0.0},"nom":{"functions":1.0,"closures":0.0,"functions_average":1.0,"closures_average":0.0,"total":1.0,"average":1.0,"functions_min":1.0,"functions_max":1.0,"closures_min":0.0,"closures_max":0.0},"mi":{"mi_original":57.823001703139596,"mi_sei":22.20377465270235,"mi_visual_studio":33.81462087902901},"abc":{"assignments":0.0,"branches":0.0,"conditions":0.0,"magnitude":0.0,"assignments_average":0.0,"branches_average":0.0,"conditions_average":0.0,"assignments_min":0.0,"assignments_max":0.0,"branches_min":0.0,"branches_max":0.0,"conditions_min":0.0,"conditions_max":0.0}}},{"name":"_enc_signature_algorithm","start_line":147,"end_line":209,"kind":"function","spaces":[],"metrics":{"nargs":{"total_functions":5.0,"total_closures":0.0,"average_functions":5.0,"average_closures":0.0,"total":5.0,"average":5.0,"functions_min":5.0,"functions_max":5.0,"closures_min":0.0,"closures_max":0.0},"nexits":{"sum":5.0,"average":5.0,"min":5.0,"max":5.0},"cognitive":{"sum":23.0,"average":23.0,"min":23.0,"max":23.0},"cyclomatic":{"sum":18.0,"average":18.0,"min":18.0,"max":18.0},"halstead":{"n1":26.0,"N1":225.0,"n2":36.0,"N2":128.0,"length":353.0,"estimated_program_length":308.3287327235916,"purity_ratio":0.873452500633404,"vocabulary":62.0,"volume":2101.8312975665667,"difficulty":46.22222222222222,"level":0.021634615384615384,"effort":97151.31330974352,"time":5397.29518387464,"bugs":0.704440844714578},"loc":{"sloc":63.0,"ploc":62.0,"lloc":43.0,"cloc":1.0,"blank":1.0,"sloc_average":63.0,"ploc_average":62.0,"lloc_average":43.0,"cloc_average":1.0,"blank_average":1.0,"sloc_min":63.0,"sloc_max":63.0,"cloc_min":1.0,"cloc_max":1.0,"ploc_min":62.0,"ploc_max":62.0,"lloc_min":43.0,"lloc_max":43.0,"blank_min":1.0,"blank_max":1.0},"nom":{"functions":1.0,"closures":0.0,"functions_average":1.0,"closures_average":0.0,"total":1.0,"average":1.0,"functions_min":1.0,"functions_max":1.0,"closures_min":0.0,"closures_max":0.0},"mi":{"mi_original":59.958283123624255,"mi_sei":22.330579935719584,"mi_visual_studio":35.063323464107754},"abc":{"assignments":0.0,"branches":0.0,"conditions":0.0,"magnitude":0.0,"assignments_average":0.0,"branches_average":0.0,"conditions_average":0.0,"assignments_min":0.0,"assignments_max":0.0,"branches_min":0.0,"branches_max":0.0,"conditions_min":0.0,"conditions_max":0.0}}},{"name":"_enc_extension_key_usage","start_line":211,"end_line":253,"kind":"function","spaces":[],"metrics":{"nargs":{"total_functions":5.0,"total_closures":0.0,"average_functions":5.0,"average_closures":0.0,"total":5.0,"average":5.0,"functions_min":5.0,"functions_max":5.0,"closures_min":0.0,"closures_max":0.0},"nexits":{"sum":4.0,"average":4.0,"min":4.0,"max":4.0},"cognitive":{"sum":4.0,"average":4.0,"min":4.0,"max":4.0},"cyclomatic":{"sum":5.0,"average":5.0,"min":5.0,"max":5.0},"halstead":{"n1":23.0,"N1":198.0,"n2":46.0,"N2":116.0,"length":314.0,"estimated_program_length":358.1257749679339,"purity_ratio":1.1405279457577513,"vocabulary":69.0,"volume":1918.0766794283452,"difficulty":29.0,"level":0.034482758620689655,"effort":55624.22370342201,"time":3090.2346501901116,"bugs":0.485722312420318},"loc":{"sloc":43.0,"ploc":42.0,"lloc":24.0,"cloc":1.0,"blank":0.0,"sloc_average":43.0,"ploc_average":42.0,"lloc_average":24.0,"cloc_average":1.0,"blank_average":0.0,"sloc_min":43.0,"sloc_max":43.0,"cloc_min":1.0,"cloc_max":1.0,"ploc_min":42.0,"ploc_max":42.0,"lloc_min":24.0,"lloc_max":24.0,"blank_min":0.0,"blank_max":0.0},"nom":{"functions":1.0,"closures":0.0,"functions_average":1.0,"closures_average":0.0,"total":1.0,"average":1.0,"functions_min":1.0,"functions_max":1.0,"closures_min":0.0,"closures_max":0.0},"mi":{"mi_original":69.61135131161032,"mi_sei":36.939109727349376,"mi_visual_studio":40.70839257988908},"abc":{"assignments":0.0,"branches":0.0,"conditions":0.0,"magnitude":0.0,"assignments_average":0.0,"branches_average":0.0,"conditions_average":0.0,"assignments_min":0.0,"assignments_max":0.0,"branches_min":0.0,"branches_max":0.0,"conditions_min":0.0,"conditions_max":0.0}}},{"name":"_enc_extension_basic_constraints","start_line":255,"end_line":291,"kind":"function","spaces":[],"metrics":{"nargs":{"total_functions":5.0,"total_closures":0.0,"average_functions":5.0,"average_closures":0.0,"total":5.0,"average":5.0,"functions_min":5.0,"functions_max":5.0,"closures_min":0.0,"closures_max":0.0},"nexits":{"sum":5.0,"average":5.0,"min":5.0,"max":5.0},"cognitive":{"sum":6.0,"average":6.0,"min":6.0,"max":6.0},"cyclomatic":{"sum":7.0,"average":7.0,"min":7.0,"max":7.0},"halstead":{"n1":19.0,"N1":144.0,"n2":28.0,"N2":80.0,"length":224.0,"estimated_program_length":215.31656057304102,"purity_ratio":0.9612346454153616,"vocabulary":47.0,"volume":1244.2279027757909,"difficulty":27.142857142857142,"level":0.0368421052631579,"effort":33771.90021820004,"time":1876.2166787888912,"bugs":0.34826974151037454},"loc":{"sloc":37.0,"ploc":37.0,"lloc":24.0,"cloc":0.0,"blank":0.0,"sloc_average":37.0,"ploc_average":37.0,"lloc_average":24.0,"cloc_average":0.0,"blank_average":0.0,"sloc_min":37.0,"sloc_max":37.0,"cloc_min":0.0,"cloc_max":0.0,"ploc_min":37.0,"ploc_max":37.0,"lloc_min":24.0,"lloc_max":24.0,"blank_min":0.0,"blank_max":0.0},"nom":{"functions":1.0,"closures":0.0,"functions_average":1.0,"closures_average":0.0,"total":1.0,"average":1.0,"functions_min":1.0,"functions_max":1.0,"closures_min":0.0,"closures_max":0.0},"mi":{"mi_original":73.83652343300184,"mi_sei":31.535473217092004,"mi_visual_studio":43.17925346959172},"abc":{"assignments":0.0,"branches":0.0,"conditions":0.0,"magnitude":0.0,"assignments_average":0.0,"branches_average":0.0,"conditions_average":0.0,"assignments_min":0.0,"assignments_max":0.0,"branches_min":0.0,"branches_max":0.0,"conditions_min":0.0,"conditions_max":0.0}}},{"name":"_enc_extension_authority_key_identifier","start_line":293,"end_line":326,"kind":"function","spaces":[],"metrics":{"nargs":{"total_functions":5.0,"total_closures":0.0,"average_functions":5.0,"average_closures":0.0,"total":5.0,"average":5.0,"functions_min":5.0,"functions_max":5.0,"closures_min":0.0,"closures_max":0.0},"nexits":{"sum":5.0,"average":5.0,"min":5.0,"max":5.0},"cognitive":{"sum":5.0,"average":5.0,"min":5.0,"max":5.0},"cyclomatic":{"sum":6.0,"average":6.0,"min":6.0,"max":6.0},"halstead":{"n1":20.0,"N1":155.0,"n2":28.0,"N2":87.0,"length":242.0,"estimated_program_length":221.04449971536013,"purity_ratio":0.9134070236171906,"vocabulary":48.0,"volume":1351.5609251745198,"difficulty":31.071428571428573,"level":0.03218390804597701,"effort":41994.928746494006,"time":2333.0515970274446,"bugs":0.40272628671273747},"loc":{"sloc":34.0,"ploc":34.0,"lloc":22.0,"cloc":1.0,"blank":0.0,"sloc_average":34.0,"ploc_average":34.0,"lloc_average":22.0,"cloc_average":1.0,"blank_average":0.0,"sloc_min":34.0,"sloc_max":34.0,"cloc_min":1.0,"cloc_max":1.0,"ploc_min":34.0,"ploc_max":34.0,"lloc_min":22.0,"lloc_max":22.0,"blank_min":0.0,"blank_max":0.0},"nom":{"functions":1.0,"closures":0.0,"functions_average":1.0,"closures_average":0.0,"total":1.0,"average":1.0,"functions_min":1.0,"functions_max":1.0,"closures_min":0.0,"closures_max":0.0},"mi":{"mi_original":75.00607919048991,"mi_sei":46.24945462026476,"mi_visual_studio":43.86320420496486},"abc":{"assignments":0.0,"branches":0.0,"conditions":0.0,"magnitude":0.0,"assignments_average":0.0,"branches_average":0.0,"conditions_average":0.0,"assignments_min":0.0,"assignments_max":0.0,"branches_min":0.0,"branches_max":0.0,"conditions_min":0.0,"conditions_max":0.0}}},{"name":"_enc_extension_subject_key_identifier","start_line":328,"end_line":354,"kind":"function","spaces":[],"metrics":{"nargs":{"total_functions":5.0,"total_closures":0.0,"average_functions":5.0,"average_closures":0.0,"total":5.0,"average":5.0,"functions_min":5.0,"functions_max":5.0,"closures_min":0.0,"closures_max":0.0},"nexits":{"sum":3.0,"average":3.0,"min":3.0,"max":3.0},"cognitive":{"sum":2.0,"average":2.0,"min":2.0,"max":2.0},"cyclomatic":{"sum":3.0,"average":3.0,"min":3.0,"max":3.0},"halstead":{"n1":18.0,"N1":97.0,"n2":23.0,"N2":59.0,"length":156.0,"estimated_program_length":179.1005750152729,"purity_ratio":1.1480806090722622,"vocabulary":41.0,"volume":835.7781127204211,"difficulty":23.08695652173913,"level":0.04331450094161959,"effort":19295.572950197547,"time":1071.9762750109749,"bugs":0.23980074671759713},"loc":{"sloc":27.0,"ploc":27.0,"lloc":18.0,"cloc":0.0,"blank":0.0,"sloc_average":27.0,"ploc_average":27.0,"lloc_average":18.0,"cloc_average":0.0,"blank_average":0.0,"sloc_min":27.0,"sloc_max":27.0,"cloc_min":0.0,"cloc_max":0.0,"ploc_min":27.0,"ploc_max":27.0,"lloc_min":18.0,"lloc_max":18.0,"blank_min":0.0,"blank_max":0.0},"nom":{"functions":1.0,"closures":0.0,"functions_average":1.0,"closures_average":0.0,"total":1.0,"average":1.0,"functions_min":1.0,"functions_max":1.0,"closures_min":0.0,"closures_max":0.0},"mi":{"mi_original":81.92995432599193,"mi_sei":42.80454639256848,"mi_visual_studio":47.91225399180814},"abc":{"assignments":0.0,"branches":0.0,"conditions":0.0,"magnitude":0.0,"assignments_average":0.0,"branches_average":0.0,"conditions_average":0.0,"assignments_min":0.0,"assignments_max":0.0,"branches_min":0.0,"branches_max":0.0,"conditions_min":0.0,"conditions_max":0.0}}},{"name":"_enc_extension_ip_resource","start_line":356,"end_line":459,"kind":"function","spaces":[],"metrics":{"nargs":{"total_functions":5.0,"total_closures":0.0,"average_functions":5.0,"average_closures":0.0,"total":5.0,"average":5.0,"functions_min":5.0,"functions_max":5.0,"closures_min":0.0,"closures_max":0.0},"nexits":{"sum":18.0,"average":18.0,"min":18.0,"max":18.0},"cognitive":{"sum":71.0,"average":71.0,"min":71.0,"max":71.0},"cyclomatic":{"sum":25.0,"average":25.0,"min":25.0,"max":25.0},"halstead":{"n1":32.0,"N1":501.0,"n2":56.0,"N2":303.0,"length":804.0,"estimated_program_length":485.2118756352258,"purity_ratio":0.6034973577552559,"vocabulary":88.0,"volume":5193.383021384387,"difficulty":86.57142857142857,"level":0.011551155115511552,"effort":449598.58727984835,"time":24977.69929332491,"bugs":1.956269589921246},"loc":{"sloc":104.0,"ploc":103.0,"lloc":70.0,"cloc":1.0,"blank":1.0,"sloc_average":104.0,"ploc_average":103.0,"lloc_average":70.0,"cloc_average":1.0,"blank_average":1.0,"sloc_min":104.0,"sloc_max":104.0,"cloc_min":1.0,"cloc_max":1.0,"ploc_min":103.0,"ploc_max":103.0,"lloc_min":70.0,"lloc_max":70.0,"blank_min":1.0,"blank_max":1.0},"nom":{"functions":1.0,"closures":0.0,"functions_average":1.0,"closures_average":0.0,"total":1.0,"average":1.0,"functions_min":1.0,"functions_max":1.0,"closures_min":0.0,"closures_max":0.0},"mi":{"mi_original":45.52413632237784,"mi_sei":0.08845551321107603,"mi_visual_studio":26.62230194291102},"abc":{"assignments":0.0,"branches":0.0,"conditions":0.0,"magnitude":0.0,"assignments_average":0.0,"branches_average":0.0,"conditions_average":0.0,"assignments_min":0.0,"assignments_max":0.0,"branches_min":0.0,"branches_max":0.0,"conditions_min":0.0,"conditions_max":0.0}}},{"name":"_enc_extension","start_line":461,"end_line":540,"kind":"function","spaces":[],"metrics":{"nargs":{"total_functions":6.0,"total_closures":0.0,"average_functions":6.0,"average_closures":0.0,"total":6.0,"average":6.0,"functions_min":6.0,"functions_max":6.0,"closures_min":0.0,"closures_max":0.0},"nexits":{"sum":11.0,"average":11.0,"min":11.0,"max":11.0},"cognitive":{"sum":27.0,"average":27.0,"min":27.0,"max":27.0},"cyclomatic":{"sum":20.0,"average":20.0,"min":20.0,"max":20.0},"halstead":{"n1":28.0,"N1":320.0,"n2":52.0,"N2":174.0,"length":494.0,"estimated_program_length":431.0288031609497,"purity_ratio":0.8725279416213556,"vocabulary":80.0,"volume":3123.032478874357,"difficulty":46.84615384615385,"level":0.02134646962233169,"effort":146302.05997188334,"time":8127.892220660186,"bugs":0.9255055754451106},"loc":{"sloc":80.0,"ploc":80.0,"lloc":48.0,"cloc":1.0,"blank":0.0,"sloc_average":80.0,"ploc_average":80.0,"lloc_average":48.0,"cloc_average":1.0,"blank_average":0.0,"sloc_min":80.0,"sloc_max":80.0,"cloc_min":1.0,"cloc_max":1.0,"ploc_min":80.0,"ploc_max":80.0,"lloc_min":48.0,"lloc_max":48.0,"blank_min":0.0,"blank_max":0.0},"nom":{"functions":1.0,"closures":0.0,"functions_average":1.0,"closures_average":0.0,"total":1.0,"average":1.0,"functions_min":1.0,"functions_max":1.0,"closures_min":0.0,"closures_max":0.0},"mi":{"mi_original":53.56905778123455,"mi_sei":12.236376875343451,"mi_visual_studio":31.326934374990966},"abc":{"assignments":0.0,"branches":0.0,"conditions":0.0,"magnitude":0.0,"assignments_average":0.0,"branches_average":0.0,"conditions_average":0.0,"assignments_min":0.0,"assignments_max":0.0,"branches_min":0.0,"branches_max":0.0,"conditions_min":0.0,"conditions_max":0.0}}},{"name":"_enc_extensions","start_line":542,"end_line":600,"kind":"function","spaces":[],"metrics":{"nargs":{"total_functions":4.0,"total_closures":0.0,"average_functions":4.0,"average_closures":0.0,"total":4.0,"average":4.0,"functions_min":4.0,"functions_max":4.0,"closures_min":0.0,"closures_max":0.0},"nexits":{"sum":7.0,"average":7.0,"min":7.0,"max":7.0},"cognitive":{"sum":17.0,"average":17.0,"min":17.0,"max":17.0},"cyclomatic":{"sum":13.0,"average":13.0,"min":13.0,"max":13.0},"halstead":{"n1":22.0,"N1":197.0,"n2":43.0,"N2":120.0,"length":317.0,"estimated_program_length":331.4368800622107,"purity_ratio":1.0455422083981412,"vocabulary":65.0,"volume":1909.09059673002,"difficulty":30.697674418604652,"level":0.03257575757575758,"effort":58604.64157403783,"time":3255.8134207798794,"bugs":0.5029213678057176},"loc":{"sloc":59.0,"ploc":58.0,"lloc":33.0,"cloc":1.0,"blank":0.0,"sloc_average":59.0,"ploc_average":58.0,"lloc_average":33.0,"cloc_average":1.0,"blank_average":0.0,"sloc_min":59.0,"sloc_max":59.0,"cloc_min":1.0,"cloc_max":1.0,"ploc_min":58.0,"ploc_max":58.0,"lloc_min":33.0,"lloc_max":33.0,"blank_min":0.0,"blank_max":0.0},"nom":{"functions":1.0,"closures":0.0,"functions_average":1.0,"closures_average":0.0,"total":1.0,"average":1.0,"functions_min":1.0,"functions_max":1.0,"closures_min":0.0,"closures_max":0.0},"mi":{"mi_original":62.671105551221586,"mi_sei":26.054259224678034,"mi_visual_studio":36.64976932819976},"abc":{"assignments":0.0,"branches":0.0,"conditions":0.0,"magnitude":0.0,"assignments_average":0.0,"branches_average":0.0,"conditions_average":0.0,"assignments_min":0.0,"assignments_max":0.0,"branches_min":0.0,"branches_max":0.0,"conditions_min":0.0,"conditions_max":0.0}}},{"name":"_enc_subject_unique_id","start_line":602,"end_line":614,"kind":"function","spaces":[],"metrics":{"nargs":{"total_functions":4.0,"total_closures":0.0,"average_functions":4.0,"average_closures":0.0,"total":4.0,"average":4.0,"functions_min":4.0,"functions_max":4.0,"closures_min":0.0,"closures_max":0.0},"nexits":{"sum":2.0,"average":2.0,"min":2.0,"max":2.0},"cognitive":{"sum":1.0,"average":1.0,"min":1.0,"max":1.0},"cyclomatic":{"sum":2.0,"average":2.0,"min":2.0,"max":2.0},"halstead":{"n1":13.0,"N1":52.0,"n2":13.0,"N2":24.0,"length":76.0,"estimated_program_length":96.21143267166839,"purity_ratio":1.2659399035745842,"vocabulary":26.0,"volume":357.233418578723,"difficulty":12.0,"level":0.08333333333333333,"effort":4286.801022944675,"time":238.1556123858153,"bugs":0.08796318831067972},"loc":{"sloc":13.0,"ploc":13.0,"lloc":8.0,"cloc":0.0,"blank":0.0,"sloc_average":13.0,"ploc_average":13.0,"lloc_average":8.0,"cloc_average":0.0,"blank_average":0.0,"sloc_min":13.0,"sloc_max":13.0,"cloc_min":0.0,"cloc_max":0.0,"ploc_min":13.0,"ploc_max":13.0,"lloc_min":8.0,"lloc_max":8.0,"blank_min":0.0,"blank_max":0.0},"nom":{"functions":1.0,"closures":0.0,"functions_average":1.0,"closures_average":0.0,"total":1.0,"average":1.0,"functions_min":1.0,"functions_max":1.0,"closures_min":0.0,"closures_max":0.0},"mi":{"mi_original":98.42019552040034,"mi_sei":66.49311572739995,"mi_visual_studio":57.55566989497096},"abc":{"assignments":0.0,"branches":0.0,"conditions":0.0,"magnitude":0.0,"assignments_average":0.0,"branches_average":0.0,"conditions_average":0.0,"assignments_min":0.0,"assignments_max":0.0,"branches_min":0.0,"branches_max":0.0,"conditions_min":0.0,"conditions_max":0.0}}},{"name":"_enc_issuer_unique_id","start_line":616,"end_line":628,"kind":"function","spaces":[],"metrics":{"nargs":{"total_functions":4.0,"total_closures":0.0,"average_functions":4.0,"average_closures":0.0,"total":4.0,"average":4.0,"functions_min":4.0,"functions_max":4.0,"closures_min":0.0,"closures_max":0.0},"nexits":{"sum":2.0,"average":2.0,"min":2.0,"max":2.0},"cognitive":{"sum":1.0,"average":1.0,"min":1.0,"max":1.0},"cyclomatic":{"sum":2.0,"average":2.0,"min":2.0,"max":2.0},"halstead":{"n1":13.0,"N1":52.0,"n2":13.0,"N2":24.0,"length":76.0,"estimated_program_length":96.21143267166839,"purity_ratio":1.2659399035745842,"vocabulary":26.0,"volume":357.233418578723,"difficulty":12.0,"level":0.08333333333333333,"effort":4286.801022944675,"time":238.1556123858153,"bugs":0.08796318831067972},"loc":{"sloc":13.0,"ploc":13.0,"lloc":8.0,"cloc":0.0,"blank":0.0,"sloc_average":13.0,"ploc_average":13.0,"lloc_average":8.0,"cloc_average":0.0,"blank_average":0.0,"sloc_min":13.0,"sloc_max":13.0,"cloc_min":0.0,"cloc_max":0.0,"ploc_min":13.0,"ploc_max":13.0,"lloc_min":8.0,"lloc_max":8.0,"blank_min":0.0,"blank_max":0.0},"nom":{"functions":1.0,"closures":0.0,"functions_average":1.0,"closures_average":0.0,"total":1.0,"average":1.0,"functions_min":1.0,"functions_max":1.0,"closures_min":0.0,"closures_max":0.0},"mi":{"mi_original":98.42019552040034,"mi_sei":66.49311572739995,"mi_visual_studio":57.55566989497096},"abc":{"assignments":0.0,"branches":0.0,"conditions":0.0,"magnitude":0.0,"assignments_average":0.0,"branches_average":0.0,"conditions_average":0.0,"assignments_min":0.0,"assignments_max":0.0,"branches_min":0.0,"branches_max":0.0,"conditions_min":0.0,"conditions_max":0.0}}},{"name":"_enc_subject_public_key_info","start_line":630,"end_line":745,"kind":"function","spaces":[],"metrics":{"nargs":{"total_functions":4.0,"total_closures":0.0,"average_functions":4.0,"average_closures":0.0,"total":4.0,"average":4.0,"functions_min":4.0,"functions_max":4.0,"closures_min":0.0,"closures_max":0.0},"nexits":{"sum":17.0,"average":17.0,"min":17.0,"max":17.0},"cognitive":{"sum":52.0,"average":52.0,"min":52.0,"max":52.0},"cyclomatic":{"sum":37.0,"average":37.0,"min":37.0,"max":37.0},"halstead":{"n1":28.0,"N1":457.0,"n2":53.0,"N2":254.0,"length":711.0,"estimated_program_length":438.1857219094625,"purity_ratio":0.6162949675238572,"vocabulary":81.0,"volume":4507.633352050968,"difficulty":67.09433962264151,"level":0.014904386951631045,"effort":302436.68301685364,"time":16802.037945380758,"bugs":1.5018793849456353},"loc":{"sloc":116.0,"ploc":116.0,"lloc":80.0,"cloc":1.0,"blank":0.0,"sloc_average":116.0,"ploc_average":116.0,"lloc_average":80.0,"cloc_average":1.0,"blank_average":0.0,"sloc_min":116.0,"sloc_max":116.0,"cloc_min":1.0,"cloc_max":1.0,"ploc_min":116.0,"ploc_max":116.0,"lloc_min":80.0,"lloc_max":80.0,"blank_min":0.0,"blank_max":0.0},"nom":{"functions":1.0,"closures":0.0,"functions_average":1.0,"closures_average":0.0,"total":1.0,"average":1.0,"functions_min":1.0,"functions_max":1.0,"closures_min":0.0,"closures_max":0.0},"mi":{"mi_original":41.73149570064511,"mi_sei":-4.5605199591479275,"mi_visual_studio":24.404383450669656},"abc":{"assignments":0.0,"branches":0.0,"conditions":0.0,"magnitude":0.0,"assignments_average":0.0,"branches_average":0.0,"conditions_average":0.0,"assignments_min":0.0,"assignments_max":0.0,"branches_min":0.0,"branches_max":0.0,"conditions_min":0.0,"conditions_max":0.0}}},{"name":"_enc_validity","start_line":747,"end_line":790,"kind":"function","spaces":[],"metrics":{"nargs":{"total_functions":4.0,"total_closures":0.0,"average_functions":4.0,"average_closures":0.0,"total":4.0,"average":4.0,"functions_min":4.0,"functions_max":4.0,"closures_min":0.0,"closures_max":0.0},"nexits":{"sum":9.0,"average":9.0,"min":9.0,"max":9.0},"cognitive":{"sum":8.0,"average":8.0,"min":8.0,"max":8.0},"cyclomatic":{"sum":9.0,"average":9.0,"min":9.0,"max":9.0},"halstead":{"n1":17.0,"N1":169.0,"n2":26.0,"N2":91.0,"length":260.0,"estimated_program_length":191.69830097292416,"purity_ratio":0.7373011575881698,"vocabulary":43.0,"volume":1410.8288362225455,"difficulty":29.75,"level":0.03361344537815126,"effort":41972.15787762073,"time":2331.7865487567074,"bugs":0.4025806936346301},"loc":{"sloc":44.0,"ploc":44.0,"lloc":30.0,"cloc":0.0,"blank":0.0,"sloc_average":44.0,"ploc_average":44.0,"lloc_average":30.0,"cloc_average":0.0,"blank_average":0.0,"sloc_min":44.0,"sloc_max":44.0,"cloc_min":0.0,"cloc_max":0.0,"ploc_min":44.0,"ploc_max":44.0,"lloc_min":30.0,"lloc_max":30.0,"blank_min":0.0,"blank_max":0.0},"nom":{"functions":1.0,"closures":0.0,"functions_average":1.0,"closures_average":0.0,"total":1.0,"average":1.0,"functions_min":1.0,"functions_max":1.0,"closures_min":0.0,"closures_max":0.0},"mi":{"mi_original":69.91607821408002,"mi_sei":26.083106060485534,"mi_visual_studio":40.88659544683042},"abc":{"assignments":0.0,"branches":0.0,"conditions":0.0,"magnitude":0.0,"assignments_average":0.0,"branches_average":0.0,"conditions_average":0.0,"assignments_min":0.0,"assignments_max":0.0,"branches_min":0.0,"branches_max":0.0,"conditions_min":0.0,"conditions_max":0.0}}},{"name":"_enc_name","start_line":792,"end_line":867,"kind":"function","spaces":[],"metrics":{"nargs":{"total_functions":4.0,"total_closures":0.0,"average_functions":4.0,"average_closures":0.0,"total":4.0,"average":4.0,"functions_min":4.0,"functions_max":4.0,"closures_min":0.0,"closures_max":0.0},"nexits":{"sum":12.0,"average":12.0,"min":12.0,"max":12.0},"cognitive":{"sum":36.0,"average":36.0,"min":36.0,"max":36.0},"cyclomatic":{"sum":20.0,"average":20.0,"min":20.0,"max":20.0},"halstead":{"n1":28.0,"N1":290.0,"n2":44.0,"N2":161.0,"length":451.0,"estimated_program_length":374.82092903765397,"purity_ratio":0.831088534451561,"vocabulary":72.0,"volume":2782.636175650483,"difficulty":51.22727272727273,"level":0.019520851818988466,"effort":142546.86227082246,"time":7919.270126156804,"bugs":0.9096001431183512},"loc":{"sloc":76.0,"ploc":75.0,"lloc":53.0,"cloc":0.0,"blank":1.0,"sloc_average":76.0,"ploc_average":75.0,"lloc_average":53.0,"cloc_average":0.0,"blank_average":1.0,"sloc_min":76.0,"sloc_max":76.0,"cloc_min":0.0,"cloc_max":0.0,"ploc_min":75.0,"ploc_max":75.0,"lloc_min":53.0,"lloc_max":53.0,"blank_min":1.0,"blank_max":1.0},"nom":{"functions":1.0,"closures":0.0,"functions_average":1.0,"closures_average":0.0,"total":1.0,"average":1.0,"functions_min":1.0,"functions_max":1.0,"closures_min":0.0,"closures_max":0.0},"mi":{"mi_original":55.00011897302235,"mi_sei":5.6839440867588,"mi_visual_studio":32.163812264925355},"abc":{"assignments":0.0,"branches":0.0,"conditions":0.0,"magnitude":0.0,"assignments_average":0.0,"branches_average":0.0,"conditions_average":0.0,"assignments_min":0.0,"assignments_max":0.0,"branches_min":0.0,"branches_max":0.0,"conditions_min":0.0,"conditions_max":0.0}}},{"name":"_enc_subject","start_line":869,"end_line":873,"kind":"function","spaces":[],"metrics":{"nargs":{"total_functions":4.0,"total_closures":0.0,"average_functions":4.0,"average_closures":0.0,"total":4.0,"average":4.0,"functions_min":4.0,"functions_max":4.0,"closures_min":0.0,"closures_max":0.0},"nexits":{"sum":1.0,"average":1.0,"min":1.0,"max":1.0},"cognitive":{"sum":0.0,"average":0.0,"min":0.0,"max":0.0},"cyclomatic":{"sum":1.0,"average":1.0,"min":1.0,"max":1.0},"halstead":{"n1":7.0,"N1":22.0,"n2":6.0,"N2":10.0,"length":32.0,"estimated_program_length":35.161259458730164,"purity_ratio":1.0987893580853176,"vocabulary":13.0,"volume":118.41407098051495,"difficulty":5.833333333333333,"level":0.17142857142857143,"effort":690.7487473863372,"time":38.374930410352064,"bugs":0.026047066328926193},"loc":{"sloc":5.0,"ploc":5.0,"lloc":1.0,"cloc":0.0,"blank":0.0,"sloc_average":5.0,"ploc_average":5.0,"lloc_average":1.0,"cloc_average":0.0,"blank_average":0.0,"sloc_min":5.0,"sloc_max":5.0,"cloc_min":0.0,"cloc_max":0.0,"ploc_min":5.0,"ploc_max":5.0,"lloc_min":1.0,"lloc_max":1.0,"blank_min":0.0,"blank_max":0.0},"nom":{"functions":1.0,"closures":0.0,"functions_average":1.0,"closures_average":0.0,"total":1.0,"average":1.0,"functions_min":1.0,"functions_max":1.0,"closures_min":0.0,"closures_max":0.0},"mi":{"mi_original":119.87133051629417,"mi_sei":97.33874194801118,"mi_visual_studio":70.10019328438256},"abc":{"assignments":0.0,"branches":0.0,"conditions":0.0,"magnitude":0.0,"assignments_average":0.0,"branches_average":0.0,"conditions_average":0.0,"assignments_min":0.0,"assignments_max":0.0,"branches_min":0.0,"branches_max":0.0,"conditions_min":0.0,"conditions_max":0.0}}},{"name":"_enc_issuer","start_line":875,"end_line":879,"kind":"function","spaces":[],"metrics":{"nargs":{"total_functions":4.0,"total_closures":0.0,"average_functions":4.0,"average_closures":0.0,"total":4.0,"average":4.0,"functions_min":4.0,"functions_max":4.0,"closures_min":0.0,"closures_max":0.0},"nexits":{"sum":1.0,"average":1.0,"min":1.0,"max":1.0},"cognitive":{"sum":0.0,"average":0.0,"min":0.0,"max":0.0},"cyclomatic":{"sum":1.0,"average":1.0,"min":1.0,"max":1.0},"halstead":{"n1":7.0,"N1":22.0,"n2":6.0,"N2":10.0,"length":32.0,"estimated_program_length":35.161259458730164,"purity_ratio":1.0987893580853176,"vocabulary":13.0,"volume":118.41407098051495,"difficulty":5.833333333333333,"level":0.17142857142857143,"effort":690.7487473863372,"time":38.374930410352064,"bugs":0.026047066328926193},"loc":{"sloc":5.0,"ploc":5.0,"lloc":1.0,"cloc":0.0,"blank":0.0,"sloc_average":5.0,"ploc_average":5.0,"lloc_average":1.0,"cloc_average":0.0,"blank_average":0.0,"sloc_min":5.0,"sloc_max":5.0,"cloc_min":0.0,"cloc_max":0.0,"ploc_min":5.0,"ploc_max":5.0,"lloc_min":1.0,"lloc_max":1.0,"blank_min":0.0,"blank_max":0.0},"nom":{"functions":1.0,"closures":0.0,"functions_average":1.0,"closures_average":0.0,"total":1.0,"average":1.0,"functions_min":1.0,"functions_max":1.0,"closures_min":0.0,"closures_max":0.0},"mi":{"mi_original":119.87133051629417,"mi_sei":97.33874194801118,"mi_visual_studio":70.10019328438256},"abc":{"assignments":0.0,"branches":0.0,"conditions":0.0,"magnitude":0.0,"assignments_average":0.0,"branches_average":0.0,"conditions_average":0.0,"assignments_min":0.0,"assignments_max":0.0,"branches_min":0.0,"branches_max":0.0,"conditions_min":0.0,"conditions_max":0.0}}},{"name":"_enc_signature","start_line":881,"end_line":894,"kind":"function","spaces":[],"metrics":{"nargs":{"total_functions":4.0,"total_closures":0.0,"average_functions":4.0,"average_closures":0.0,"total":4.0,"average":4.0,"functions_min":4.0,"functions_max":4.0,"closures_min":0.0,"closures_max":0.0},"nexits":{"sum":2.0,"average":2.0,"min":2.0,"max":2.0},"cognitive":{"sum":1.0,"average":1.0,"min":1.0,"max":1.0},"cyclomatic":{"sum":2.0,"average":2.0,"min":2.0,"max":2.0},"halstead":{"n1":12.0,"N1":51.0,"n2":10.0,"N2":22.0,"length":73.0,"estimated_program_length":76.2388309575275,"purity_ratio":1.0443675473633904,"vocabulary":22.0,"volume":325.5385081605227,"difficulty":13.2,"level":0.07575757575757576,"effort":4297.1083077189,"time":238.72823931771666,"bugs":0.08810413236684422},"loc":{"sloc":14.0,"ploc":12.0,"lloc":8.0,"cloc":2.0,"blank":0.0,"sloc_average":14.0,"ploc_average":12.0,"lloc_average":8.0,"cloc_average":2.0,"blank_average":0.0,"sloc_min":14.0,"sloc_max":14.0,"cloc_min":2.0,"cloc_max":2.0,"ploc_min":12.0,"ploc_max":12.0,"lloc_min":8.0,"lloc_max":8.0,"blank_min":0.0,"blank_max":0.0},"nom":{"functions":1.0,"closures":0.0,"functions_average":1.0,"closures_average":0.0,"total":1.0,"average":1.0,"functions_min":1.0,"functions_max":1.0,"closures_min":0.0,"closures_max":0.0},"mi":{"mi_original":97.70277131191543,"mi_sei":93.09056851969734,"mi_visual_studio":57.136123574219546},"abc":{"assignments":0.0,"branches":0.0,"conditions":0.0,"magnitude":0.0,"assignments_average":0.0,"branches_average":0.0,"conditions_average":0.0,"assignments_min":0.0,"assignments_max":0.0,"branches_min":0.0,"branches_max":0.0,"conditions_min":0.0,"conditions_max":0.0}}},{"name":"_enc_serial_number","start_line":896,"end_line":927,"kind":"function","spaces":[],"metrics":{"nargs":{"total_functions":4.0,"total_closures":0.0,"average_functions":4.0,"average_closures":0.0,"total":4.0,"average":4.0,"functions_min":4.0,"functions_max":4.0,"closures_min":0.0,"closures_max":0.0},"nexits":{"sum":4.0,"average":4.0,"min":4.0,"max":4.0},"cognitive":{"sum":3.0,"average":3.0,"min":3.0,"max":3.0},"cyclomatic":{"sum":4.0,"average":4.0,"min":4.0,"max":4.0},"halstead":{"n1":17.0,"N1":102.0,"n2":20.0,"N2":57.0,"length":159.0,"estimated_program_length":155.92543019900302,"purity_ratio":0.9806630830125976,"vocabulary":37.0,"volume":828.303085135003,"difficulty":24.225,"level":0.0412796697626419,"effort":20065.64223739545,"time":1114.757902077525,"bugs":0.24613920208344717},"loc":{"sloc":32.0,"ploc":30.0,"lloc":21.0,"cloc":2.0,"blank":0.0,"sloc_average":32.0,"ploc_average":30.0,"lloc_average":21.0,"cloc_average":2.0,"blank_average":0.0,"sloc_min":32.0,"sloc_max":32.0,"cloc_min":2.0,"cloc_max":2.0,"ploc_min":30.0,"ploc_max":30.0,"lloc_min":21.0,"lloc_max":21.0,"blank_min":0.0,"blank_max":0.0},"nom":{"functions":1.0,"closures":0.0,"functions_average":1.0,"closures_average":0.0,"total":1.0,"average":1.0,"functions_min":1.0,"functions_max":1.0,"closures_min":0.0,"closures_max":0.0},"mi":{"mi_original":78.99430688691207,"mi_sei":57.55553404386306,"mi_visual_studio":46.19550110345735},"abc":{"assignments":0.0,"branches":0.0,"conditions":0.0,"magnitude":0.0,"assignments_average":0.0,"branches_average":0.0,"conditions_average":0.0,"assignments_min":0.0,"assignments_max":0.0,"branches_min":0.0,"branches_max":0.0,"conditions_min":0.0,"conditions_max":0.0}}},{"name":"_enc_version","start_line":929,"end_line":960,"kind":"function","spaces":[],"metrics":{"nargs":{"total_functions":4.0,"total_closures":0.0,"average_functions":4.0,"average_closures":0.0,"total":4.0,"average":4.0,"functions_min":4.0,"functions_max":4.0,"closures_min":0.0,"closures_max":0.0},"nexits":{"sum":5.0,"average":5.0,"min":5.0,"max":5.0},"cognitive":{"sum":4.0,"average":4.0,"min":4.0,"max":4.0},"cyclomatic":{"sum":5.0,"average":5.0,"min":5.0,"max":5.0},"halstead":{"n1":17.0,"N1":113.0,"n2":22.0,"N2":60.0,"length":173.0,"estimated_program_length":167.5943639112763,"purity_ratio":0.9687535486200942,"vocabulary":39.0,"volume":914.374583863169,"difficulty":23.181818181818183,"level":0.043137254901960784,"effort":21196.865353191646,"time":1177.6036307328693,"bugs":0.25530530513053723},"loc":{"sloc":32.0,"ploc":30.0,"lloc":20.0,"cloc":3.0,"blank":0.0,"sloc_average":32.0,"ploc_average":30.0,"lloc_average":20.0,"cloc_average":3.0,"blank_average":0.0,"sloc_min":32.0,"sloc_max":32.0,"cloc_min":3.0,"cloc_max":3.0,"ploc_min":30.0,"ploc_max":30.0,"lloc_min":20.0,"lloc_max":20.0,"blank_min":0.0,"blank_max":0.0},"nom":{"functions":1.0,"closures":0.0,"functions_average":1.0,"closures_average":0.0,"total":1.0,"average":1.0,"functions_min":1.0,"functions_max":1.0,"closures_min":0.0,"closures_max":0.0},"mi":{"mi_original":78.25022872796525,"mi_sei":60.537108308269694,"mi_visual_studio":45.76036767717266},"abc":{"assignments":0.0,"branches":0.0,"conditions":0.0,"magnitude":0.0,"assignments_average":0.0,"branches_average":0.0,"conditions_average":0.0,"assignments_min":0.0,"assignments_max":0.0,"branches_min":0.0,"branches_max":0.0,"conditions_min":0.0,"conditions_max":0.0}}},{"name":"x509_to_c509","start_line":962,"end_line":1021,"kind":"function","spaces":[],"metrics":{"nargs":{"total_functions":4.0,"total_closures":0.0,"average_functions":4.0,"average_closures":0.0,"total":4.0,"average":4.0,"functions_min":4.0,"functions_max":4.0,"closures_min":0.0,"closures_max":0.0},"nexits":{"sum":17.0,"average":17.0,"min":17.0,"max":17.0},"cognitive":{"sum":16.0,"average":16.0,"min":16.0,"max":16.0},"cyclomatic":{"sum":17.0,"average":17.0,"min":17.0,"max":17.0},"halstead":{"n1":15.0,"N1":299.0,"n2":36.0,"N2":177.0,"length":476.0,"estimated_program_length":244.720658986051,"purity_ratio":0.5141190314833004,"vocabulary":51.0,"volume":2700.0744627784316,"difficulty":36.875,"level":0.02711864406779661,"effort":99565.24581495466,"time":5531.4025452752585,"bugs":0.7160619422333626},"loc":{"sloc":60.0,"ploc":60.0,"lloc":41.0,"cloc":0.0,"blank":0.0,"sloc_average":60.0,"ploc_average":60.0,"lloc_average":41.0,"cloc_average":0.0,"blank_average":0.0,"sloc_min":60.0,"sloc_max":60.0,"cloc_min":0.0,"cloc_max":0.0,"ploc_min":60.0,"ploc_max":60.0,"lloc_min":41.0,"lloc_max":41.0,"blank_min":0.0,"blank_max":0.0},"nom":{"functions":1.0,"closures":0.0,"functions_average":1.0,"closures_average":0.0,"total":1.0,"average":1.0,"functions_min":1.0,"functions_max":1.0,"closures_min":0.0,"closures_max":0.0},"mi":{"mi_original":59.676238013823394,"mi_sei":12.12469825931555,"mi_visual_studio":34.89838480340549},"abc":{"assignments":0.0,"branches":0.0,"conditions":0.0,"magnitude":0.0,"assignments_average":0.0,"branches_average":0.0,"conditions_average":0.0,"assignments_min":0.0,"assignments_max":0.0,"branches_min":0.0,"branches_max":0.0,"conditions_min":0.0,"conditions_max":0.0}}},{"name":"x509_to_c509_enc_version","start_line":1023,"end_line":1035,"kind":"function","spaces":[],"metrics":{"nargs":{"total_functions":4.0,"total_closures":0.0,"average_functions":4.0,"average_closures":0.0,"total":4.0,"average":4.0,"functions_min":4.0,"functions_max":4.0,"closures_min":0.0,"closures_max":0.0},"nexits":{"sum":2.0,"average":2.0,"min":2.0,"max":2.0},"cognitive":{"sum":1.0,"average":1.0,"min":1.0,"max":1.0},"cyclomatic":{"sum":2.0,"average":2.0,"min":2.0,"max":2.0},"halstead":{"n1":14.0,"N1":59.0,"n2":17.0,"N2":34.0,"length":93.0,"estimated_program_length":122.78983721006222,"purity_ratio":1.3203208302157228,"vocabulary":31.0,"volume":460.74025686597935,"difficulty":14.0,"level":0.07142857142857142,"effort":6450.3635961237105,"time":358.35353311798394,"bugs":0.11550520160172982},"loc":{"sloc":13.0,"ploc":13.0,"lloc":9.0,"cloc":0.0,"blank":0.0,"sloc_average":13.0,"ploc_average":13.0,"lloc_average":9.0,"cloc_average":0.0,"blank_average":0.0,"sloc_min":13.0,"sloc_max":13.0,"cloc_min":0.0,"cloc_max":0.0,"ploc_min":13.0,"ploc_max":13.0,"lloc_min":9.0,"lloc_max":9.0,"blank_min":0.0,"blank_max":0.0},"nom":{"functions":1.0,"closures":0.0,"functions_average":1.0,"closures_average":0.0,"total":1.0,"average":1.0,"functions_min":1.0,"functions_max":1.0,"closures_min":0.0,"closures_max":0.0},"mi":{"mi_original":97.09708126871854,"mi_sei":64.58426535796912,"mi_visual_studio":56.78191887059564},"abc":{"assignments":0.0,"branches":0.0,"conditions":0.0,"magnitude":0.0,"assignments_average":0.0,"branches_average":0.0,"conditions_average":0.0,"assignments_min":0.0,"assignments_max":0.0,"branches_min":0.0,"branches_max":0.0,"conditions_min":0.0,"conditions_max":0.0}}},{"name":"x509_to_c509_enc_serial_number","start_line":1037,"end_line":1049,"kind":"function","spaces":[],"metrics":{"nargs":{"total_functions":4.0,"total_closures":0.0,"average_functions":4.0,"average_closures":0.0,"total":4.0,"average":4.0,"functions_min":4.0,"functions_max":4.0,"closures_min":0.0,"closures_max":0.0},"nexits":{"sum":2.0,"average":2.0,"min":2.0,"max":2.0},"cognitive":{"sum":1.0,"average":1.0,"min":1.0,"max":1.0},"cyclomatic":{"sum":2.0,"average":2.0,"min":2.0,"max":2.0},"halstead":{"n1":14.0,"N1":59.0,"n2":17.0,"N2":34.0,"length":93.0,"estimated_program_length":122.78983721006222,"purity_ratio":1.3203208302157228,"vocabulary":31.0,"volume":460.74025686597935,"difficulty":14.0,"level":0.07142857142857142,"effort":6450.3635961237105,"time":358.35353311798394,"bugs":0.11550520160172982},"loc":{"sloc":13.0,"ploc":13.0,"lloc":9.0,"cloc":0.0,"blank":0.0,"sloc_average":13.0,"ploc_average":13.0,"lloc_average":9.0,"cloc_average":0.0,"blank_average":0.0,"sloc_min":13.0,"sloc_max":13.0,"cloc_min":0.0,"cloc_max":0.0,"ploc_min":13.0,"ploc_max":13.0,"lloc_min":9.0,"lloc_max":9.0,"blank_min":0.0,"blank_max":0.0},"nom":{"functions":1.0,"closures":0.0,"functions_average":1.0,"closures_average":0.0,"total":1.0,"average":1.0,"functions_min":1.0,"functions_max":1.0,"closures_min":0.0,"closures_max":0.0},"mi":{"mi_original":97.09708126871854,"mi_sei":64.58426535796912,"mi_visual_studio":56.78191887059564},"abc":{"assignments":0.0,"branches":0.0,"conditions":0.0,"magnitude":0.0,"assignments_average":0.0,"branches_average":0.0,"conditions_average":0.0,"assignments_min":0.0,"assignments_max":0.0,"branches_min":0.0,"branches_max":0.0,"conditions_min":0.0,"conditions_max":0.0}}},{"name":"x509_to_c509_enc_signature","start_line":1051,"end_line":1063,"kind":"function","spaces":[],"metrics":{"nargs":{"total_functions":4.0,"total_closures":0.0,"average_functions":4.0,"average_closures":0.0,"total":4.0,"average":4.0,"functions_min":4.0,"functions_max":4.0,"closures_min":0.0,"closures_max":0.0},"nexits":{"sum":2.0,"average":2.0,"min":2.0,"max":2.0},"cognitive":{"sum":1.0,"average":1.0,"min":1.0,"max":1.0},"cyclomatic":{"sum":2.0,"average":2.0,"min":2.0,"max":2.0},"halstead":{"n1":14.0,"N1":59.0,"n2":17.0,"N2":34.0,"length":93.0,"estimated_program_length":122.78983721006222,"purity_ratio":1.3203208302157228,"vocabulary":31.0,"volume":460.74025686597935,"difficulty":14.0,"level":0.07142857142857142,"effort":6450.3635961237105,"time":358.35353311798394,"bugs":0.11550520160172982},"loc":{"sloc":13.0,"ploc":13.0,"lloc":9.0,"cloc":0.0,"blank":0.0,"sloc_average":13.0,"ploc_average":13.0,"lloc_average":9.0,"cloc_average":0.0,"blank_average":0.0,"sloc_min":13.0,"sloc_max":13.0,"cloc_min":0.0,"cloc_max":0.0,"ploc_min":13.0,"ploc_max":13.0,"lloc_min":9.0,"lloc_max":9.0,"blank_min":0.0,"blank_max":0.0},"nom":{"functions":1.0,"closures":0.0,"functions_average":1.0,"closures_average":0.0,"total":1.0,"average":1.0,"functions_min":1.0,"functions_max":1.0,"closures_min":0.0,"closures_max":0.0},"mi":{"mi_original":97.09708126871854,"mi_sei":64.58426535796912,"mi_visual_studio":56.78191887059564},"abc":{"assignments":0.0,"branches":0.0,"conditions":0.0,"magnitude":0.0,"assignments_average":0.0,"branches_average":0.0,"conditions_average":0.0,"assignments_min":0.0,"assignments_max":0.0,"branches_min":0.0,"branches_max":0.0,"conditions_min":0.0,"conditions_max":0.0}}},{"name":"x509_to_c509_enc_issuer","start_line":1065,"end_line":1077,"kind":"function","spaces":[],"metrics":{"nargs":{"total_functions":4.0,"total_closures":0.0,"average_functions":4.0,"average_closures":0.0,"total":4.0,"average":4.0,"functions_min":4.0,"functions_max":4.0,"closures_min":0.0,"closures_max":0.0},"nexits":{"sum":2.0,"average":2.0,"min":2.0,"max":2.0},"cognitive":{"sum":1.0,"average":1.0,"min":1.0,"max":1.0},"cyclomatic":{"sum":2.0,"average":2.0,"min":2.0,"max":2.0},"halstead":{"n1":14.0,"N1":59.0,"n2":17.0,"N2":34.0,"length":93.0,"estimated_program_length":122.78983721006222,"purity_ratio":1.3203208302157228,"vocabulary":31.0,"volume":460.74025686597935,"difficulty":14.0,"level":0.07142857142857142,"effort":6450.3635961237105,"time":358.35353311798394,"bugs":0.11550520160172982},"loc":{"sloc":13.0,"ploc":13.0,"lloc":9.0,"cloc":0.0,"blank":0.0,"sloc_average":13.0,"ploc_average":13.0,"lloc_average":9.0,"cloc_average":0.0,"blank_average":0.0,"sloc_min":13.0,"sloc_max":13.0,"cloc_min":0.0,"cloc_max":0.0,"ploc_min":13.0,"ploc_max":13.0,"lloc_min":9.0,"lloc_max":9.0,"blank_min":0.0,"blank_max":0.0},"nom":{"functions":1.0,"closures":0.0,"functions_average":1.0,"closures_average":0.0,"total":1.0,"average":1.0,"functions_min":1.0,"functions_max":1.0,"closures_min":0.0,"closures_max":0.0},"mi":{"mi_original":97.09708126871854,"mi_sei":64.58426535796912,"mi_visual_studio":56.78191887059564},"abc":{"assignments":0.0,"branches":0.0,"conditions":0.0,"magnitude":0.0,"assignments_average":0.0,"branches_average":0.0,"conditions_average":0.0,"assignments_min":0.0,"assignments_max":0.0,"branches_min":0.0,"branches_max":0.0,"conditions_min":0.0,"conditions_max":0.0}}},{"name":"x509_to_c509_enc_validity","start_line":1079,"end_line":1091,"kind":"function","spaces":[],"metrics":{"nargs":{"total_functions":4.0,"total_closures":0.0,"average_functions":4.0,"average_closures":0.0,"total":4.0,"average":4.0,"functions_min":4.0,"functions_max":4.0,"closures_min":0.0,"closures_max":0.0},"nexits":{"sum":2.0,"average":2.0,"min":2.0,"max":2.0},"cognitive":{"sum":1.0,"average":1.0,"min":1.0,"max":1.0},"cyclomatic":{"sum":2.0,"average":2.0,"min":2.0,"max":2.0},"halstead":{"n1":14.0,"N1":59.0,"n2":17.0,"N2":34.0,"length":93.0,"estimated_program_length":122.78983721006222,"purity_ratio":1.3203208302157228,"vocabulary":31.0,"volume":460.74025686597935,"difficulty":14.0,"level":0.07142857142857142,"effort":6450.3635961237105,"time":358.35353311798394,"bugs":0.11550520160172982},"loc":{"sloc":13.0,"ploc":13.0,"lloc":9.0,"cloc":0.0,"blank":0.0,"sloc_average":13.0,"ploc_average":13.0,"lloc_average":9.0,"cloc_average":0.0,"blank_average":0.0,"sloc_min":13.0,"sloc_max":13.0,"cloc_min":0.0,"cloc_max":0.0,"ploc_min":13.0,"ploc_max":13.0,"lloc_min":9.0,"lloc_max":9.0,"blank_min":0.0,"blank_max":0.0},"nom":{"functions":1.0,"closures":0.0,"functions_average":1.0,"closures_average":0.0,"total":1.0,"average":1.0,"functions_min":1.0,"functions_max":1.0,"closures_min":0.0,"closures_max":0.0},"mi":{"mi_original":97.09708126871854,"mi_sei":64.58426535796912,"mi_visual_studio":56.78191887059564},"abc":{"assignments":0.0,"branches":0.0,"conditions":0.0,"magnitude":0.0,"assignments_average":0.0,"branches_average":0.0,"conditions_average":0.0,"assignments_min":0.0,"assignments_max":0.0,"branches_min":0.0,"branches_max":0.0,"conditions_min":0.0,"conditions_max":0.0}}},{"name":"x509_to_c509_enc_subject","start_line":1093,"end_line":1105,"kind":"function","spaces":[],"metrics":{"nargs":{"total_functions":4.0,"total_closures":0.0,"average_functions":4.0,"average_closures":0.0,"total":4.0,"average":4.0,"functions_min":4.0,"functions_max":4.0,"closures_min":0.0,"closures_max":0.0},"nexits":{"sum":2.0,"average":2.0,"min":2.0,"max":2.0},"cognitive":{"sum":1.0,"average":1.0,"min":1.0,"max":1.0},"cyclomatic":{"sum":2.0,"average":2.0,"min":2.0,"max":2.0},"halstead":{"n1":14.0,"N1":59.0,"n2":17.0,"N2":34.0,"length":93.0,"estimated_program_length":122.78983721006222,"purity_ratio":1.3203208302157228,"vocabulary":31.0,"volume":460.74025686597935,"difficulty":14.0,"level":0.07142857142857142,"effort":6450.3635961237105,"time":358.35353311798394,"bugs":0.11550520160172982},"loc":{"sloc":13.0,"ploc":13.0,"lloc":9.0,"cloc":0.0,"blank":0.0,"sloc_average":13.0,"ploc_average":13.0,"lloc_average":9.0,"cloc_average":0.0,"blank_average":0.0,"sloc_min":13.0,"sloc_max":13.0,"cloc_min":0.0,"cloc_max":0.0,"ploc_min":13.0,"ploc_max":13.0,"lloc_min":9.0,"lloc_max":9.0,"blank_min":0.0,"blank_max":0.0},"nom":{"functions":1.0,"closures":0.0,"functions_average":1.0,"closures_average":0.0,"total":1.0,"average":1.0,"functions_min":1.0,"functions_max":1.0,"closures_min":0.0,"closures_max":0.0},"mi":{"mi_original":97.09708126871854,"mi_sei":64.58426535796912,"mi_visual_studio":56.78191887059564},"abc":{"assignments":0.0,"branches":0.0,"conditions":0.0,"magnitude":0.0,"assignments_average":0.0,"branches_average":0.0,"conditions_average":0.0,"assignments_min":0.0,"assignments_max":0.0,"branches_min":0.0,"branches_max":0.0,"conditions_min":0.0,"conditions_max":0.0}}},{"name":"x509_to_c509_enc_subject_public_key_info","start_line":1107,"end_line":1119,"kind":"function","spaces":[],"metrics":{"nargs":{"total_functions":4.0,"total_closures":0.0,"average_functions":4.0,"average_closures":0.0,"total":4.0,"average":4.0,"functions_min":4.0,"functions_max":4.0,"closures_min":0.0,"closures_max":0.0},"nexits":{"sum":2.0,"average":2.0,"min":2.0,"max":2.0},"cognitive":{"sum":1.0,"average":1.0,"min":1.0,"max":1.0},"cyclomatic":{"sum":2.0,"average":2.0,"min":2.0,"max":2.0},"halstead":{"n1":14.0,"N1":59.0,"n2":17.0,"N2":34.0,"length":93.0,"estimated_program_length":122.78983721006222,"purity_ratio":1.3203208302157228,"vocabulary":31.0,"volume":460.74025686597935,"difficulty":14.0,"level":0.07142857142857142,"effort":6450.3635961237105,"time":358.35353311798394,"bugs":0.11550520160172982},"loc":{"sloc":13.0,"ploc":13.0,"lloc":9.0,"cloc":0.0,"blank":0.0,"sloc_average":13.0,"ploc_average":13.0,"lloc_average":9.0,"cloc_average":0.0,"blank_average":0.0,"sloc_min":13.0,"sloc_max":13.0,"cloc_min":0.0,"cloc_max":0.0,"ploc_min":13.0,"ploc_max":13.0,"lloc_min":9.0,"lloc_max":9.0,"blank_min":0.0,"blank_max":0.0},"nom":{"functions":1.0,"closures":0.0,"functions_average":1.0,"closures_average":0.0,"total":1.0,"average":1.0,"functions_min":1.0,"functions_max":1.0,"closures_min":0.0,"closures_max":0.0},"mi":{"mi_original":97.09708126871854,"mi_sei":64.58426535796912,"mi_visual_studio":56.78191887059564},"abc":{"assignments":0.0,"branches":0.0,"conditions":0.0,"magnitude":0.0,"assignments_average":0.0,"branches_average":0.0,"conditions_average":0.0,"assignments_min":0.0,"assignments_max":0.0,"branches_min":0.0,"branches_max":0.0,"conditions_min":0.0,"conditions_max":0.0}}},{"name":"x509_to_c509_enc_issuer_unique_id","start_line":1121,"end_line":1133,"kind":"function","spaces":[],"metrics":{"nargs":{"total_functions":4.0,"total_closures":0.0,"average_functions":4.0,"average_closures":0.0,"total":4.0,"average":4.0,"functions_min":4.0,"functions_max":4.0,"closures_min":0.0,"closures_max":0.0},"nexits":{"sum":2.0,"average":2.0,"min":2.0,"max":2.0},"cognitive":{"sum":1.0,"average":1.0,"min":1.0,"max":1.0},"cyclomatic":{"sum":2.0,"average":2.0,"min":2.0,"max":2.0},"halstead":{"n1":14.0,"N1":59.0,"n2":17.0,"N2":34.0,"length":93.0,"estimated_program_length":122.78983721006222,"purity_ratio":1.3203208302157228,"vocabulary":31.0,"volume":460.74025686597935,"difficulty":14.0,"level":0.07142857142857142,"effort":6450.3635961237105,"time":358.35353311798394,"bugs":0.11550520160172982},"loc":{"sloc":13.0,"ploc":13.0,"lloc":9.0,"cloc":0.0,"blank":0.0,"sloc_average":13.0,"ploc_average":13.0,"lloc_average":9.0,"cloc_average":0.0,"blank_average":0.0,"sloc_min":13.0,"sloc_max":13.0,"cloc_min":0.0,"cloc_max":0.0,"ploc_min":13.0,"ploc_max":13.0,"lloc_min":9.0,"lloc_max":9.0,"blank_min":0.0,"blank_max":0.0},"nom":{"functions":1.0,"closures":0.0,"functions_average":1.0,"closures_average":0.0,"total":1.0,"average":1.0,"functions_min":1.0,"functions_max":1.0,"closures_min":0.0,"closures_max":0.0},"mi":{"mi_original":97.09708126871854,"mi_sei":64.58426535796912,"mi_visual_studio":56.78191887059564},"abc":{"assignments":0.0,"branches":0.0,"conditions":0.0,"magnitude":0.0,"assignments_average":0.0,"branches_average":0.0,"conditions_average":0.0,"assignments_min":0.0,"assignments_max":0.0,"branches_min":0.0,"branches_max":0.0,"conditions_min":0.0,"conditions_max":0.0}}},{"name":"x509_to_c509_enc_subject_unique_id","start_line":1135,"end_line":1147,"kind":"function","spaces":[],"metrics":{"nargs":{"total_functions":4.0,"total_closures":0.0,"average_functions":4.0,"average_closures":0.0,"total":4.0,"average":4.0,"functions_min":4.0,"functions_max":4.0,"closures_min":0.0,"closures_max":0.0},"nexits":{"sum":2.0,"average":2.0,"min":2.0,"max":2.0},"cognitive":{"sum":1.0,"average":1.0,"min":1.0,"max":1.0},"cyclomatic":{"sum":2.0,"average":2.0,"min":2.0,"max":2.0},"halstead":{"n1":14.0,"N1":59.0,"n2":17.0,"N2":34.0,"length":93.0,"estimated_program_length":122.78983721006222,"purity_ratio":1.3203208302157228,"vocabulary":31.0,"volume":460.74025686597935,"difficulty":14.0,"level":0.07142857142857142,"effort":6450.3635961237105,"time":358.35353311798394,"bugs":0.11550520160172982},"loc":{"sloc":13.0,"ploc":13.0,"lloc":9.0,"cloc":0.0,"blank":0.0,"sloc_average":13.0,"ploc_average":13.0,"lloc_average":9.0,"cloc_average":0.0,"blank_average":0.0,"sloc_min":13.0,"sloc_max":13.0,"cloc_min":0.0,"cloc_max":0.0,"ploc_min":13.0,"ploc_max":13.0,"lloc_min":9.0,"lloc_max":9.0,"blank_min":0.0,"blank_max":0.0},"nom":{"functions":1.0,"closures":0.0,"functions_average":1.0,"closures_average":0.0,"total":1.0,"average":1.0,"functions_min":1.0,"functions_max":1.0,"closures_min":0.0,"closures_max":0.0},"mi":{"mi_original":97.09708126871854,"mi_sei":64.58426535796912,"mi_visual_studio":56.78191887059564},"abc":{"assignments":0.0,"branches":0.0,"conditions":0.0,"magnitude":0.0,"assignments_average":0.0,"branches_average":0.0,"conditions_average":0.0,"assignments_min":0.0,"assignments_max":0.0,"branches_min":0.0,"branches_max":0.0,"conditions_min":0.0,"conditions_max":0.0}}},{"name":"x509_to_c509_enc_extensions","start_line":1149,"end_line":1161,"kind":"function","spaces":[],"metrics":{"nargs":{"total_functions":4.0,"total_closures":0.0,"average_functions":4.0,"average_closures":0.0,"total":4.0,"average":4.0,"functions_min":4.0,"functions_max":4.0,"closures_min":0.0,"closures_max":0.0},"nexits":{"sum":2.0,"average":2.0,"min":2.0,"max":2.0},"cognitive":{"sum":1.0,"average":1.0,"min":1.0,"max":1.0},"cyclomatic":{"sum":2.0,"average":2.0,"min":2.0,"max":2.0},"halstead":{"n1":14.0,"N1":59.0,"n2":17.0,"N2":34.0,"length":93.0,"estimated_program_length":122.78983721006222,"purity_ratio":1.3203208302157228,"vocabulary":31.0,"volume":460.74025686597935,"difficulty":14.0,"level":0.07142857142857142,"effort":6450.3635961237105,"time":358.35353311798394,"bugs":0.11550520160172982},"loc":{"sloc":13.0,"ploc":13.0,"lloc":9.0,"cloc":0.0,"blank":0.0,"sloc_average":13.0,"ploc_average":13.0,"lloc_average":9.0,"cloc_average":0.0,"blank_average":0.0,"sloc_min":13.0,"sloc_max":13.0,"cloc_min":0.0,"cloc_max":0.0,"ploc_min":13.0,"ploc_max":13.0,"lloc_min":9.0,"lloc_max":9.0,"blank_min":0.0,"blank_max":0.0},"nom":{"functions":1.0,"closures":0.0,"functions_average":1.0,"closures_average":0.0,"total":1.0,"average":1.0,"functions_min":1.0,"functions_max":1.0,"closures_min":0.0,"closures_max":0.0},"mi":{"mi_original":97.09708126871854,"mi_sei":64.58426535796912,"mi_visual_studio":56.78191887059564},"abc":{"assignments":0.0,"branches":0.0,"conditions":0.0,"magnitude":0.0,"assignments_average":0.0,"branches_average":0.0,"conditions_average":0.0,"assignments_min":0.0,"assignments_max":0.0,"branches_min":0.0,"branches_max":0.0,"conditions_min":0.0,"conditions_max":0.0}}},{"name":"x509_to_c509_enc_signature_algorithm","start_line":1163,"end_line":1175,"kind":"function","spaces":[],"metrics":{"nargs":{"total_functions":5.0,"total_closures":0.0,"average_functions":5.0,"average_closures":0.0,"total":5.0,"average":5.0,"functions_min":5.0,"functions_max":5.0,"closures_min":0.0,"closures_max":0.0},"nexits":{"sum":2.0,"average":2.0,"min":2.0,"max":2.0},"cognitive":{"sum":1.0,"average":1.0,"min":1.0,"max":1.0},"cyclomatic":{"sum":2.0,"average":2.0,"min":2.0,"max":2.0},"halstead":{"n1":14.0,"N1":62.0,"n2":19.0,"N2":37.0,"length":99.0,"estimated_program_length":134.01359166423458,"purity_ratio":1.3536726430730766,"vocabulary":33.0,"volume":499.39501781648687,"difficulty":13.631578947368421,"level":0.07335907335907335,"effort":6807.5426112879,"time":378.1968117382167,"bugs":0.11973073749078662},"loc":{"sloc":13.0,"ploc":13.0,"lloc":9.0,"cloc":0.0,"blank":0.0,"sloc_average":13.0,"ploc_average":13.0,"lloc_average":9.0,"cloc_average":0.0,"blank_average":0.0,"sloc_min":13.0,"sloc_max":13.0,"cloc_min":0.0,"cloc_max":0.0,"ploc_min":13.0,"ploc_max":13.0,"lloc_min":9.0,"lloc_max":9.0,"blank_min":0.0,"blank_max":0.0},"nom":{"functions":1.0,"closures":0.0,"functions_average":1.0,"closures_average":0.0,"total":1.0,"average":1.0,"functions_min":1.0,"functions_max":1.0,"closures_min":0.0,"closures_max":0.0},"mi":{"mi_original":96.67815392154526,"mi_sei":63.97988095170945,"mi_visual_studio":56.53693211786272},"abc":{"assignments":0.0,"branches":0.0,"conditions":0.0,"magnitude":0.0,"assignments_average":0.0,"branches_average":0.0,"conditions_average":0.0,"assignments_min":0.0,"assignments_max":0.0,"branches_min":0.0,"branches_max":0.0,"conditions_min":0.0,"conditions_max":0.0}}},{"name":"x509_to_c509_enc_signature_value","start_line":1177,"end_line":1189,"kind":"function","spaces":[],"metrics":{"nargs":{"total_functions":5.0,"total_closures":0.0,"average_functions":5.0,"average_closures":0.0,"total":5.0,"average":5.0,"functions_min":5.0,"functions_max":5.0,"closures_min":0.0,"closures_max":0.0},"nexits":{"sum":2.0,"average":2.0,"min":2.0,"max":2.0},"cognitive":{"sum":1.0,"average":1.0,"min":1.0,"max":1.0},"cyclomatic":{"sum":2.0,"average":2.0,"min":2.0,"max":2.0},"halstead":{"n1":14.0,"N1":61.0,"n2":19.0,"N2":37.0,"length":98.0,"estimated_program_length":134.01359166423458,"purity_ratio":1.3674856292268835,"vocabulary":33.0,"volume":494.3506236971284,"difficulty":13.631578947368421,"level":0.07335907335907335,"effort":6738.779554608224,"time":374.37664192267914,"bugs":0.11892310641564251},"loc":{"sloc":13.0,"ploc":13.0,"lloc":9.0,"cloc":0.0,"blank":0.0,"sloc_average":13.0,"ploc_average":13.0,"lloc_average":9.0,"cloc_average":0.0,"blank_average":0.0,"sloc_min":13.0,"sloc_max":13.0,"cloc_min":0.0,"cloc_max":0.0,"ploc_min":13.0,"ploc_max":13.0,"lloc_min":9.0,"lloc_max":9.0,"blank_min":0.0,"blank_max":0.0},"nom":{"functions":1.0,"closures":0.0,"functions_average":1.0,"closures_average":0.0,"total":1.0,"average":1.0,"functions_min":1.0,"functions_max":1.0,"closures_min":0.0,"closures_max":0.0},"mi":{"mi_original":96.73094625315815,"mi_sei":64.05604418672432,"mi_visual_studio":56.56780482640827},"abc":{"assignments":0.0,"branches":0.0,"conditions":0.0,"magnitude":0.0,"assignments_average":0.0,"branches_average":0.0,"conditions_average":0.0,"assignments_min":0.0,"assignments_max":0.0,"branches_min":0.0,"branches_max":0.0,"conditions_min":0.0,"conditions_max":0.0}}}],"metrics":{"nargs":{"total_functions":145.0,"total_closures":0.0,"average_functions":4.142857142857143,"average_closures":0.0,"total":145.0,"average":4.142857142857143,"functions_min":0.0,"functions_max":6.0,"closures_min":0.0,"closures_max":0.0},"nexits":{"sum":167.0,"average":4.771428571428571,"min":0.0,"max":18.0},"cognitive":{"sum":318.0,"average":9.085714285714285,"min":0.0,"max":71.0},"cyclomatic":{"sum":260.0,"average":6.842105263157895,"min":1.0,"max":37.0},"halstead":{"n1":41.0,"N1":4696.0,"n2":292.0,"N2":2708.0,"length":7404.0,"estimated_program_length":2611.0884033823068,"purity_ratio":0.3526591576691392,"vocabulary":333.0,"volume":62040.91742979562,"difficulty":190.1164383561644,"level":0.005259934430954354,"effort":11794998.254101625,"time":655277.6807834236,"bugs":17.272054481841355},"loc":{"sloc":1189.0,"ploc":1137.0,"lloc":739.0,"cloc":22.0,"blank":42.0,"sloc_average":31.289473684210527,"ploc_average":29.92105263157895,"lloc_average":19.44736842105263,"cloc_average":0.5789473684210527,"blank_average":1.105263157894737,"sloc_min":5.0,"sloc_max":116.0,"cloc_min":0.0,"cloc_max":3.0,"ploc_min":5.0,"ploc_max":116.0,"lloc_min":1.0,"lloc_max":80.0,"blank_min":0.0,"blank_max":1.0},"nom":{"functions":35.0,"closures":0.0,"functions_average":0.9210526315789473,"closures_average":0.0,"total":35.0,"average":0.9210526315789473,"functions_min":0.0,"functions_max":1.0,"closures_min":0.0,"closures_max":0.0},"mi":{"mi_original":-60.89491683184698,"mi_sei":-126.62180064013523,"mi_visual_studio":0.0},"abc":{"assignments":0.0,"branches":0.0,"conditions":0.0,"magnitude":0.0,"assignments_average":0.0,"branches_average":0.0,"conditions_average":0.0,"assignments_min":0.0,"assignments_max":0.0,"branches_min":0.0,"branches_max":0.0,"conditions_min":0.0,"conditions_max":0.0}}}