{"name":"./src/zcbor_tags.h","start_line":1,"end_line":94,"kind":"unit","spaces":[],"metrics":{"nargs":{"total_functions":0.0,"total_closures":0.0,"average_functions":0.0,"average_closures":0.0,"total":0.0,"average":0.0,"functions_min":0.0,"functions_max":0.0,"closures_min":0.0,"closures_max":0.0},"nexits":{"sum":0.0,"average":null,"min":0.0,"max":0.0},"cognitive":{"sum":0.0,"average":null,"min":0.0,"max":0.0},"cyclomatic":{"sum":1.0,"average":1.0,"min":1.0,"max":1.0},"halstead":{"n1":4.0,"N1":137.0,"n2":138.0,"N2":140.0,"length":277.0,"estimated_program_length":988.9763750353874,"purity_ratio":3.5703118232324456,"vocabulary":142.0,"volume":1980.479952102797,"difficulty":2.028985507246377,"level":0.4928571428571428,"effort":4018.365120208574,"time":223.2425066782541,"bugs":0.08425163589967814},"loc":{"sloc":94.0,"ploc":81.0,"lloc":0.0,"cloc":74.0,"blank":7.0,"sloc_average":94.0,"ploc_average":81.0,"lloc_average":0.0,"cloc_average":74.0,"blank_average":7.0,"sloc_min":94.0,"sloc_max":94.0,"cloc_min":74.0,"cloc_max":74.0,"ploc_min":81.0,"ploc_max":81.0,"lloc_min":0.0,"lloc_max":0.0,"blank_min":7.0,"blank_max":7.0},"nom":{"functions":0.0,"closures":0.0,"functions_average":0.0,"closures_average":0.0,"total":0.0,"average":0.0,"functions_min":0.0,"functions_max":0.0,"closures_min":0.0,"closures_max":0.0},"mi":{"mi_original":57.69493315652092,"mi_sei":56.6773401681608,"mi_visual_studio":33.7397269921175},"abc":{"assignments":0.0,"branches":0.0,"conditions":0.0,"magnitude":0.0,"assignments_average":0.0,"branches_average":0.0,"conditions_average":0.0,"assignments_min":0.0,"assignments_max":0.0,"branches_min":0.0,"branches_max":0.0,"conditions_min":0.0,"conditions_max":0.0}}}